student_id,age,gender,department,semester,attendance_pct,assignment_avg,assignment_completion_pct,quiz_avg,quiz_attempts,study_hours_week,participation_score,lms_login_count,lms_active_days,resources_accessed,video_completion_pct,previous_gpa,previous_failures,late_assignments,discussion_participation,support_requested,midterm_score,final_score,performance_level,risk_level
STU100001,22,Male,ECE,5,66.1,74.9,44.8,60.1,12,15.5,68.3,23,18.0,33,62.9,6.77,0,4,9.0,Yes,57.1,58.5,Average,Medium
STU100002,18,Female,ECE,8,89.1,59.8,69.1,54.5,12,11.4,63.6,20,13.0,35,69.9,5.17,1,0,14.0,No,71.8,65.2,Good,Low
STU100003,23,Female,ECE,5,76.9,68.6,96.7,79.3,14,15.7,72.2,40,21.0,55,74.4,7.24,0,0,12.0,No,67.1,80.7,Excellent,Low
STU100004,22,Male,ECE,4,89.0,78.8,52.1,49.8,12,18.6,52.0,19,18.0,51,67.9,7.53,0,1,16.0,Yes,72.0,56.7,Average,Medium
STU100005,23,Female,MECH,4,62.0,47.7,47.7,35.3,10,7.6,59.9,23,2.0,1,71.3,4.29,3,3,6.0,Yes,46.1,40.4,Poor,High
STU100006,22,Female,CIVIL,8,51.8,44.6,42.7,45.3,4,8.9,45.1,10,5.0,23,37.8,6.27,3,7,5.0,Yes,51.4,27.7,Poor,High
STU100007,20,Male,AI&DS,3,83.1,66.7,66.1,61.7,10,10.5,48.9,32,17.0,39,68.7,6.96,1,3,8.0,No,68.0,59.6,Average,Medium
STU100008,19,Male,CIVIL,7,70.7,56.4,56.6,54.5,7,12.7,49.2,20,14.0,33,63.4,6.41,2,6,9.0,No,62.1,44.8,Poor,High
STU100009,20,Female,CSE,8,75.8,68.8,61.9,44.2,12,9.0,56.8,24,20.0,30,67.4,5.89,1,3,7.0,Yes,63.4,56.6,Average,Medium
STU100010,23,Male,ECE,8,56.3,45.2,52.7,42.0,8,5.5,46.5,16,16.0,26,43.2,6.34,0,6,1.0,Yes,43.4,36.5,Poor,High
STU100011,22,Female,AI&DS,2,61.9,72.5,72.6,66.1,12,12.9,68.8,28,18.0,53,65.6,8.02,0,0,11.0,No,72.2,58.5,Average,Medium
STU100012,22,Female,ECE,6,59.8,76.1,69.2,55.5,8,16.1,59.3,21,15.0,36,54.6,7.65,1,0,7.0,Yes,71.0,53.8,Average,Medium
STU100013,18,Female,CSE,7,87.4,67.5,68.5,70.5,10,14.1,66.7,26,17.0,44,72.0,6.63,1,4,12.0,No,70.9,67.3,Good,Low
STU100014,18,Male,CSE,6,90.3,76.6,82.6,65.0,9,13.7,64.2,29,18.0,53,67.3,7.36,1,2,8.0,No,77.0,77.9,Good,Low
STU100015,22,Male,AI&DS,7,74.8,68.2,71.2,54.6,10,17.0,59.9,20,14.0,46,49.8,7.19,0,2,14.0,No,61.1,65.1,Good,Low
STU100016,24,Female,AI&DS,8,65.2,62.0,83.2,70.9,10,13.0,79.6,35,24.0,30,54.9,5.96,4,0,12.0,No,71.1,66.2,Good,Low
STU100017,20,Male,AI&DS,8,71.9,64.6,76.8,68.8,14,17.6,61.3,31,23.0,47,75.5,7.52,0,3,8.0,No,68.6,71.3,Good,Low
STU100018,21,Male,ECE,7,66.8,54.0,67.3,53.6,14,8.1,59.5,32,18.0,45,58.4,6.03,2,2,9.0,No,57.8,49.3,Poor,High
STU100019,24,Male,AI&DS,3,78.8,65.7,78.9,71.3,13,20.5,73.3,31,21.0,53,82.2,6.27,1,0,14.0,Yes,56.2,72.1,Good,Low
STU100020,19,Female,EEE,7,69.6,62.1,74.7,51.0,9,18.6,62.7,33,15.0,36,,6.85,0,3,8.0,Yes,63.7,59.8,Average,Medium
STU100021,21,Male,AI&DS,6,83.5,47.6,87.6,53.6,14,16.4,60.4,34,19.0,28,70.4,6.16,1,2,14.0,Yes,64.9,64.6,Average,Medium
STU100022,18,Female,CSE,3,63.2,54.6,57.4,38.3,6,11.8,27.6,25,10.0,22,50.4,5.27,2,3,5.0,No,58.6,37.2,Poor,High
STU100023,19,Male,AI&DS,6,87.6,78.7,75.8,71.1,15,17.3,80.5,29,16.0,45,75.3,6.82,3,4,8.0,Yes,67.4,74.6,Good,Low
STU100024,20,Female,EEE,3,74.2,63.2,77.8,43.0,13,14.5,48.3,18,19.0,23,73.0,5.99,1,1,5.0,No,44.8,63.2,Average,Medium
STU100025,22,Female,EEE,7,65.5,64.4,45.2,60.9,9,6.6,42.6,18,10.0,36,58.6,5.05,1,1,8.0,Yes,65.2,42.7,Poor,High
STU100026,20,Female,CIVIL,6,79.6,71.4,59.8,51.2,9,10.6,53.8,31,19.0,25,57.3,6.1,1,1,8.0,No,74.1,55.9,Average,Medium
STU100027,21,Female,AI&DS,6,97.5,73.3,90.1,75.0,16,16.3,72.8,40,15.0,52,74.9,7.86,1,2,14.0,Yes,83.0,82.3,Excellent,Low
STU100028,20,Female,EEE,3,75.1,61.7,73.7,58.0,14,12.0,100.0,28,18.0,41,72.8,6.93,0,0,11.0,No,60.1,66.5,Good,Low
STU100029,18,Female,ECE,3,88.4,79.8,80.9,67.8,15,20.4,68.7,35,24.0,49,65.3,6.1,1,1,10.0,No,65.8,85.9,Excellent,Low
STU100030,23,Male,CIVIL,5,75.4,74.2,71.0,51.7,17,15.6,65.8,28,18.0,42,77.8,6.31,0,4,7.0,No,62.5,54.9,Average,Medium
STU100031,22,Female,MECH,4,93.2,90.0,100.0,77.5,15,25.5,74.2,40,28.0,54,78.6,10.0,0,1,16.0,No,98.5,86.5,Excellent,Low
STU100032,22,Male,CSE,7,73.1,55.6,67.8,51.3,10,14.7,61.9,19,16.0,34,62.8,6.37,1,2,9.0,Yes,58.9,68.5,Good,Low
STU100033,22,Male,IT,8,86.7,62.7,54.5,57.7,13,7.8,73.8,22,16.0,30,68.9,6.3,1,3,15.0,No,77.4,61.1,Average,Medium
STU100034,18,Male,AI&DS,6,73.9,57.0,78.4,40.1,14,16.8,65.0,19,19.0,33,52.8,5.91,1,2,5.0,Yes,45.6,59.3,Average,Medium
STU100035,21,Male,IT,7,72.8,64.2,85.1,81.0,18,13.6,91.9,31,20.0,26,74.1,5.98,3,2,9.0,No,79.1,70.8,Good,Low
STU100036,22,Male,AI&DS,8,69.3,76.5,75.3,67.2,10,20.2,50.6,27,14.0,31,73.8,6.5,1,1,10.0,No,65.3,81.7,Excellent,Low
STU100037,21,Female,ECE,7,66.1,52.8,68.0,57.4,9,16.9,39.8,29,20.0,39,59.8,5.78,0,3,6.0,Yes,64.5,58.7,Average,Medium
STU100038,23,Female,EEE,4,70.3,61.6,57.6,34.3,7,15.3,51.6,14,16.0,21,44.8,5.4,3,4,8.0,Yes,57.4,38.6,Poor,High
STU100039,20,Male,CSE,3,63.8,56.7,59.7,54.2,10,13.9,62.2,25,19.0,39,66.7,5.23,1,2,8.0,Yes,55.9,50.9,Average,Medium
STU100040,21,Male,MECH,3,96.3,72.7,80.9,80.1,16,17.9,84.5,38,22.0,42,91.8,7.1,2,1,13.0,No,89.1,80.0,Excellent,Low
STU100041,20,Female,CSE,4,68.3,67.2,58.7,57.7,12,13.7,48.2,15,5.0,29,37.3,7.93,0,5,9.0,No,71.1,52.7,Average,Medium
STU100042,24,Female,CSE,3,79.9,61.7,76.1,60.0,13,21.3,64.4,30,16.0,41,68.0,7.94,0,2,9.0,No,69.9,69.1,Good,Low
STU100043,19,Female,AI&DS,6,60.0,48.2,73.2,52.0,9,11.9,65.1,16,15.0,29,67.1,5.67,1,3,12.0,Yes,55.9,52.6,Average,Medium
STU100044,19,Male,IT,8,84.3,79.4,89.9,54.1,6,12.4,51.6,17,9.0,30,57.9,6.67,1,0,1.0,Yes,64.3,58.9,Average,Medium
STU100045,22,Female,IT,3,72.4,63.1,70.1,50.9,11,14.7,65.7,20,13.0,29,71.3,6.95,0,3,4.0,No,55.6,57.1,Average,Medium
STU100046,18,Male,ECE,5,85.4,53.7,75.0,66.2,11,17.2,57.6,30,19.0,41,63.8,6.94,1,3,12.0,No,63.7,68.7,Good,Low
STU100047,21,Female,ECE,8,62.3,76.4,42.2,72.2,6,17.8,27.2,18,6.0,3,44.6,7.43,1,2,9.0,Yes,59.5,43.8,Poor,High
STU100048,18,Male,CSE,8,73.2,55.2,59.6,58.8,12,9.3,53.0,27,10.0,28,48.0,7.22,0,3,7.0,No,63.7,63.0,Average,Medium
STU100049,21,Male,ECE,2,82.6,77.7,96.8,61.1,17,19.7,84.7,34,20.0,43,91.3,7.72,0,1,16.0,No,80.6,74.2,Good,Low
STU100050,20,Female,IT,4,85.4,75.0,70.5,52.5,12,15.1,57.6,30,18.0,26,48.1,7.26,1,0,15.0,No,62.8,66.2,Good,Low
STU100051,19,Female,CIVIL,4,83.6,64.6,71.9,85.2,15,12.8,82.0,23,23.0,41,53.7,6.9,2,0,14.0,No,78.5,69.9,Good,Low
STU100052,21,Male,MECH,4,88.8,80.7,100.0,64.3,17,13.0,72.7,29,19.0,43,91.7,7.72,1,3,7.0,No,74.1,66.8,Good,Low
STU100053,20,Male,AI&DS,8,69.0,58.1,79.8,49.2,14,15.0,69.0,20,19.0,19,58.3,4.0,2,5,10.0,No,55.8,56.2,Average,Medium
STU100054,18,Female,CIVIL,7,87.3,73.4,76.9,42.5,15,17.4,81.6,26,17.0,48,61.2,6.41,1,5,7.0,Yes,,56.8,Average,Medium
STU100055,21,Male,IT,2,82.9,62.8,64.1,47.0,10,,42.1,32,15.0,21,66.8,6.61,1,2,8.0,Yes,65.5,66.3,Good,Low
STU100056,21,Female,IT,6,69.2,53.6,70.3,62.8,13,7.5,64.8,24,18.0,40,43.5,5.33,2,4,8.0,No,46.9,55.5,Average,Medium
STU100057,22,Male,EEE,6,60.4,39.6,71.7,47.1,8,9.7,67.4,25,19.0,29,53.4,7.1,1,3,6.0,No,55.9,50.3,Average,Medium
STU100058,24,Male,CSE,5,88.1,71.2,97.7,70.7,18,17.1,77.2,37,20.0,61,88.5,6.55,1,1,17.0,No,68.1,88.0,Excellent,Low
STU100059,22,Male,IT,7,58.5,51.5,65.1,57.3,13,15.8,86.5,32,19.0,43,69.7,4.63,0,5,8.0,Yes,53.3,46.8,Poor,High
STU100060,23,Female,EEE,5,89.4,81.2,66.4,67.0,16,18.5,88.7,35,24.0,32,46.0,7.51,0,1,18.0,No,69.3,74.8,Good,Low
STU100061,22,Male,CSE,6,61.0,52.9,49.0,45.7,5,6.2,41.3,15,6.0,12,40.5,4.0,1,4,6.0,Yes,48.0,47.7,Poor,High
STU100062,22,Male,CSE,5,68.9,52.3,74.7,47.7,8,13.1,54.7,21,8.0,20,45.2,6.32,1,2,6.0,Yes,67.5,54.9,Average,Medium
STU100063,23,Female,EEE,8,65.7,76.7,93.1,63.3,15,16.7,61.4,28,15.0,65,93.8,7.59,0,1,10.0,Yes,62.4,78.2,Good,Low
STU100064,22,Male,CIVIL,7,82.6,64.1,76.8,72.8,16,17.6,66.0,27,13.0,52,83.1,7.12,1,4,15.0,Yes,62.7,65.5,Good,Low
STU100065,21,Female,IT,2,68.0,63.1,70.3,63.6,11,20.1,75.2,28,16.0,55,66.3,6.77,0,5,6.0,No,69.6,60.8,Average,Medium
STU100066,23,Male,IT,3,65.8,60.1,82.4,55.0,15,19.9,61.2,26,18.0,27,45.6,7.97,0,0,11.0,No,65.5,70.9,Good,Low
STU100067,24,Female,EEE,4,78.6,64.2,65.4,52.9,15,16.8,68.7,16,15.0,37,65.6,4.85,2,3,11.0,No,67.8,49.7,Poor,High
STU100068,21,Male,IT,2,75.0,52.8,59.2,43.1,10,8.8,60.8,13,11.0,19,38.6,6.47,1,3,11.0,No,61.9,69.3,Good,Low
STU100069,19,Female,CSE,2,82.3,84.2,81.6,65.5,17,14.0,85.6,34,19.0,59,80.6,7.35,0,0,11.0,No,79.9,75.6,Good,Low
STU100070,20,Female,CSE,2,82.1,54.1,70.5,,13,9.3,75.0,33,21.0,46,74.6,5.43,1,2,16.0,No,67.7,64.9,Average,Medium
STU100071,18,Female,CSE,8,77.3,58.2,79.8,50.1,10,11.6,63.2,19,20.0,33,64.3,,2,3,15.0,No,53.8,56.3,Average,Medium
STU100072,20,Female,CIVIL,5,65.9,45.3,76.4,57.4,11,9.7,65.6,26,17.0,25,67.6,5.59,1,2,11.0,Yes,47.9,44.7,Poor,High
STU100073,24,Male,IT,7,65.7,63.7,60.5,39.5,11,13.0,50.4,34,16.0,27,74.1,5.95,1,4,8.0,Yes,49.9,48.0,Poor,High
STU100074,18,Male,CIVIL,7,92.2,72.3,80.0,65.0,16,18.2,65.8,35,18.0,43,55.0,8.22,1,2,14.0,No,65.2,60.2,Average,Medium
STU100075,24,Male,IT,3,80.3,69.9,100.0,78.4,14,15.5,86.1,29,24.0,45,71.2,6.57,0,0,14.0,No,70.9,75.1,Good,Low
STU100076,21,Female,EEE,6,80.9,67.0,60.0,67.6,9,17.7,53.6,25,14.0,28,63.5,7.01,2,2,13.0,No,64.8,71.3,Good,Low
STU100077,20,Male,CIVIL,6,65.9,55.1,49.9,63.4,9,,58.5,24,,38,50.4,5.82,1,3,12.0,No,74.0,52.5,Average,Medium
STU100078,21,Female,AI&DS,8,,67.0,58.2,64.0,10,8.0,66.4,29,20.0,44,75.7,6.29,1,4,10.0,No,74.3,56.8,Average,Medium
STU100079,24,Female,CIVIL,8,76.2,82.4,72.7,74.8,12,11.9,65.2,33,18.0,37,56.5,8.37,1,0,13.0,No,74.4,79.7,Good,Low
STU100080,18,Male,MECH,6,78.6,54.0,87.6,60.5,17,15.9,89.6,40,21.0,49,81.9,7.01,1,5,10.0,No,78.8,70.1,Good,Low
STU100081,21,Male,ECE,6,78.4,64.6,68.9,49.8,5,20.1,68.2,21,16.0,41,59.9,6.05,0,2,5.0,Yes,59.7,70.0,Good,Low
STU100082,19,Female,CSE,5,58.4,53.9,64.7,56.0,10,16.9,52.3,23,13.0,25,60.3,6.16,1,3,6.0,Yes,50.5,64.8,Average,Medium
STU100083,21,Male,AI&DS,6,75.4,51.5,74.7,61.9,17,13.2,85.4,27,19.0,45,72.1,5.96,1,0,9.0,No,76.5,60.0,Average,Medium
STU100084,23,Male,IT,6,60.4,,45.0,53.0,10,14.2,55.7,17,5.0,18,59.1,6.37,2,3,9.0,Yes,66.3,46.9,Poor,High
STU100085,24,Male,EEE,8,78.3,47.1,78.7,37.9,11,6.1,60.6,29,11.0,39,45.2,4.0,1,1,10.0,No,59.0,44.9,Poor,High
STU100086,19,Female,ECE,8,64.1,64.4,69.3,78.4,12,19.2,64.3,21,16.0,31,68.2,5.96,0,4,11.0,No,71.5,53.9,Average,Medium
STU100087,22,Female,IT,3,78.2,72.4,77.4,64.2,16,14.6,76.2,33,19.0,43,52.5,6.06,0,1,11.0,No,75.6,76.2,Good,Low
STU100088,20,Male,AI&DS,2,82.7,73.7,84.5,55.4,15,16.8,66.5,22,19.0,38,47.7,7.07,1,2,14.0,No,70.1,71.4,Good,Low
STU100089,21,Male,AI&DS,3,86.8,64.7,93.6,78.4,14,9.8,75.4,27,16.0,33,59.6,6.95,1,0,16.0,Yes,84.6,65.4,Good,Low
STU100090,19,Female,CIVIL,5,72.0,73.0,67.3,75.5,13,15.5,73.0,21,15.0,33,82.2,6.21,0,1,10.0,No,85.9,65.8,Good,Low
STU100091,23,Male,AI&DS,3,83.4,,78.6,67.6,13,22.5,88.7,30,12.0,62,95.1,7.51,1,2,15.0,No,82.7,67.6,Good,Low
STU100092,19,Female,ECE,4,71.5,60.6,71.0,57.0,17,13.4,74.3,27,22.0,40,83.2,6.33,0,1,13.0,No,70.9,62.2,Average,Medium
STU100093,18,Female,MECH,5,87.4,65.0,76.6,61.0,14,13.2,79.1,22,21.0,27,60.8,6.03,1,2,9.0,No,59.2,51.4,Average,Medium
STU100094,23,Female,ECE,8,68.9,79.7,65.8,57.1,12,12.3,52.5,16,20.0,27,72.4,5.96,2,2,8.0,No,71.4,54.7,Average,Medium
STU100095,20,Female,AI&DS,5,43.7,47.6,43.2,62.9,7,5.7,40.5,9,5.0,25,24.5,6.05,2,4,2.0,Yes,47.6,40.0,Poor,High
STU100096,18,Female,CSE,3,55.5,32.7,50.0,33.5,10,7.5,53.3,10,6.0,23,22.8,5.12,3,6,7.0,Yes,32.7,34.1,Poor,High
STU100097,22,Female,IT,4,73.5,55.3,69.1,59.2,11,5.3,44.2,19,15.0,21,49.9,6.11,2,4,10.0,No,58.6,43.2,Poor,High
STU100098,19,Female,ECE,2,65.5,64.8,82.7,44.1,13,12.9,58.1,27,17.0,23,54.6,5.52,2,4,5.0,Yes,50.5,49.8,Poor,High
STU100099,24,Male,CIVIL,2,83.7,73.9,64.8,61.5,13,17.7,69.1,28,16.0,34,69.5,5.83,0,4,6.0,Yes,74.9,58.0,Average,Medium
STU100100,24,Female,EEE,6,82.3,49.5,90.2,46.7,16,10.7,85.1,32,20.0,37,66.8,6.02,1,3,11.0,No,71.4,61.8,Average,Medium
STU100101,21,Female,CSE,3,68.3,62.0,64.9,59.6,15,14.0,66.7,26,20.0,30,64.9,6.62,1,3,13.0,No,59.6,59.1,Average,Medium
STU100102,21,Male,AI&DS,6,,78.5,85.6,64.9,14,17.7,81.1,33,16.0,31,91.4,6.81,2,0,14.0,Yes,75.4,66.9,Good,Low
STU100103,21,Female,ECE,2,63.1,73.5,72.1,50.8,11,13.3,44.9,22,14.0,28,49.4,6.96,2,2,9.0,No,51.1,57.1,Average,Medium
STU100104,22,Male,MECH,4,79.8,75.4,80.8,59.1,14,18.1,74.1,29,24.0,42,71.7,6.98,0,3,10.0,No,76.8,68.7,Good,Low
STU100105,24,Male,EEE,6,67.1,68.0,75.5,31.6,13,12.0,56.6,27,13.0,32,60.3,6.56,3,2,5.0,No,65.8,70.0,Good,Low
STU100106,22,Male,EEE,5,82.3,57.4,61.9,51.1,7,16.2,50.2,17,17.0,26,46.3,6.58,1,1,8.0,No,58.1,55.4,Average,Medium
STU100107,18,Male,MECH,6,79.3,53.9,68.4,63.0,11,13.0,72.5,24,15.0,43,81.6,5.29,1,4,7.0,No,65.3,63.9,Average,Medium
STU100108,19,Male,AI&DS,6,64.2,56.6,70.5,60.6,12,15.4,91.0,30,13.0,40,72.5,5.97,1,4,11.0,No,57.4,66.6,Good,Low
STU100109,22,Female,IT,4,71.9,82.1,86.7,60.9,15,17.7,54.4,14,13.0,33,50.7,8.46,0,0,10.0,No,66.8,72.7,Good,Low
STU100110,20,Female,ECE,4,70.6,56.8,59.5,62.9,7,10.1,47.5,14,6.0,13,39.0,5.55,1,3,1.0,No,62.5,54.3,Average,Medium
STU100111,21,Female,MECH,4,76.8,72.6,79.2,42.8,13,17.4,82.7,26,19.0,22,47.5,7.18,2,3,11.0,Yes,60.3,61.1,Average,Medium
STU100112,20,Female,CSE,4,78.6,68.0,75.0,66.2,10,14.3,93.5,26,22.0,39,74.0,7.4,2,1,8.0,No,74.9,63.9,Average,Medium
STU100113,22,Male,AI&DS,7,76.0,61.9,71.0,44.0,14,13.5,55.3,24,10.0,23,48.3,6.67,1,3,10.0,No,62.7,36.4,Poor,High
STU100114,19,Female,MECH,2,71.9,38.7,55.1,42.7,7,6.7,51.0,13,13.0,12,30.2,6.04,3,4,9.0,Yes,48.7,41.6,Poor,High
STU100115,18,Male,AI&DS,5,57.2,57.5,53.5,54.9,15,6.2,52.6,23,18.0,47,52.4,7.73,1,3,9.0,Yes,69.0,48.6,Poor,High
STU100116,19,Female,IT,7,55.5,56.0,63.0,46.7,8,12.3,49.8,26,12.0,26,69.4,7.03,2,2,8.0,No,57.1,51.8,Average,Medium
STU100117,22,Male,MECH,4,75.8,66.0,66.3,65.6,11,11.5,54.4,28,17.0,43,66.8,8.15,1,0,9.0,No,74.2,60.7,Average,Medium
STU100118,22,Male,MECH,4,61.4,56.7,61.4,55.3,11,18.7,50.2,23,13.0,19,54.9,6.35,2,1,7.0,Yes,78.5,50.8,Average,Medium
STU100119,23,Male,AI&DS,6,78.3,71.4,80.6,66.4,9,14.7,77.8,27,16.0,41,64.8,7.67,1,2,12.0,Yes,80.8,54.6,Average,Medium
STU100120,18,Female,IT,6,66.6,46.1,53.1,46.6,13,14.1,56.4,34,15.0,46,82.9,7.71,0,1,11.0,Yes,68.2,54.2,Average,Medium
STU100121,18,Male,IT,5,52.5,53.5,51.6,56.2,8,6.7,48.2,18,11.0,47,46.9,5.92,3,5,11.0,Yes,50.2,41.0,Poor,High
STU100122,18,Male,AI&DS,4,99.5,57.7,99.9,61.4,19,15.2,79.4,25,16.0,29,73.9,6.57,1,3,8.0,Yes,60.3,58.5,Average,Medium
STU100123,21,Female,ECE,2,75.9,74.2,57.8,49.3,15,10.6,47.3,16,13.0,36,71.2,6.47,0,4,11.0,No,54.9,55.3,Average,Medium
STU100124,22,Male,IT,3,62.9,74.6,54.2,56.4,14,11.0,63.3,20,13.0,28,60.3,8.14,0,2,10.0,Yes,71.0,59.9,Average,Medium
STU100125,19,Female,CSE,5,81.9,79.2,81.5,73.9,20,16.7,56.5,38,24.0,38,82.2,6.91,0,4,15.0,No,74.0,56.6,Average,Medium
STU100126,21,Female,AI&DS,6,78.8,60.4,58.1,56.7,9,13.2,52.8,24,8.0,32,53.5,6.36,1,0,7.0,No,66.4,70.8,Good,Low
STU100127,18,Male,IT,3,81.7,93.9,83.4,79.3,18,20.1,69.1,34,22.0,56,75.1,8.04,0,0,10.0,No,72.5,82.5,Excellent,Low
STU100128,22,Male,ECE,4,94.2,72.9,88.4,72.9,11,15.5,62.4,39,22.0,41,80.2,5.69,1,0,7.0,Yes,79.4,72.6,Good,Low
STU100129,21,Male,IT,3,68.0,60.2,70.6,62.0,15,7.6,67.4,21,11.0,34,65.8,6.26,2,2,11.0,No,56.0,51.7,Average,Medium
STU100130,18,Female,AI&DS,3,48.6,54.2,46.7,47.7,9,12.6,46.9,22,12.0,36,52.4,5.19,1,3,8.0,Yes,45.3,34.5,Poor,High
STU100131,18,Female,ECE,8,56.6,58.6,50.4,38.2,7,8.6,51.7,17,11.0,35,56.2,5.8,1,1,7.0,Yes,53.7,49.0,Poor,High
STU100132,22,Male,ECE,8,62.4,56.7,50.7,59.1,9,7.7,71.1,27,12.0,24,14.0,5.96,0,1,8.0,Yes,55.6,58.4,Average,Medium
STU100133,24,Female,ECE,8,69.2,72.5,59.6,63.6,10,8.8,60.1,18,12.0,39,52.6,7.2,0,4,9.0,No,67.8,48.7,Poor,High
STU100134,23,Male,IT,8,59.2,43.5,74.0,76.8,9,6.6,35.2,24,15.0,25,50.8,7.57,0,3,2.0,Yes,53.8,61.0,Average,Medium
STU100135,21,Male,MECH,4,66.4,41.2,57.5,38.2,14,2.3,44.0,20,12.0,38,33.3,5.38,2,2,7.0,Yes,52.9,38.9,Poor,High
STU100136,21,Male,IT,7,70.0,55.9,61.9,38.7,9,8.7,72.2,36,14.0,34,46.8,5.55,1,4,11.0,No,63.4,47.2,Poor,High
STU100137,23,Female,AI&DS,3,71.0,72.6,69.1,73.1,9,14.1,57.5,23,13.0,29,54.8,5.84,0,1,14.0,No,72.1,78.6,Good,Low
STU100138,23,Male,IT,6,90.0,75.9,77.9,72.1,9,15.5,88.7,32,22.0,38,72.2,6.76,2,2,15.0,No,85.5,69.8,Good,Low
STU100139,24,Female,MECH,3,89.2,71.6,70.0,92.7,18,13.8,91.5,36,21.0,50,91.1,7.8,0,0,11.0,Yes,63.4,83.0,Excellent,Low
STU100140,20,Male,CSE,6,89.0,92.9,100.0,76.0,19,14.0,85.8,42,25.0,61,100.0,8.91,0,3,19.0,No,87.8,83.9,Excellent,Low
STU100141,21,Female,ECE,4,73.7,82.4,79.2,54.0,15,14.4,71.7,37,21.0,41,64.1,5.98,0,5,11.0,No,68.3,53.1,Average,Medium
STU100142,18,Female,AI&DS,4,76.5,37.4,80.6,42.4,13,13.8,61.4,34,17.0,41,57.7,5.77,2,1,10.0,Yes,53.8,45.6,Poor,High
STU100143,19,Male,AI&DS,2,70.4,49.7,59.2,15.0,8,8.0,60.7,9,10.0,20,51.4,4.8,2,6,4.0,No,51.1,40.1,Poor,High
STU100144,20,Male,IT,3,68.5,81.0,83.6,59.9,11,19.9,73.5,28,12.0,47,82.6,5.96,0,1,17.0,No,65.6,66.7,Good,Low
STU100145,23,Female,IT,5,70.6,65.4,57.2,31.0,10,11.8,62.5,15,16.0,1,51.3,5.72,1,3,4.0,Yes,60.7,49.1,Poor,High
STU100146,21,Male,CSE,6,60.1,54.2,55.0,55.5,8,11.0,47.7,24,15.0,29,64.3,5.67,1,1,7.0,Yes,43.5,53.2,Average,Medium
STU100147,22,Male,CSE,7,72.7,61.0,60.2,52.1,6,9.8,51.8,17,10.0,28,64.9,6.17,2,3,7.0,No,65.7,38.1,Poor,High
STU100148,24,Female,AI&DS,7,77.2,62.0,81.1,49.4,13,10.5,56.3,34,15.0,15,67.0,6.23,2,4,9.0,No,64.3,48.2,Poor,High
STU100149,21,Female,CIVIL,5,75.1,78.6,81.6,76.3,14,15.7,87.3,26,25.0,54,73.1,8.35,1,5,15.0,No,84.2,68.7,Good,Low
STU100150,20,Female,EEE,5,63.4,63.7,70.0,64.1,13,15.4,65.9,19,14.0,40,55.3,5.4,1,3,10.0,No,62.1,53.1,Average,Medium
STU100151,23,Male,EEE,5,75.9,61.2,67.3,70.7,5,14.8,61.9,26,19.0,41,64.6,7.28,1,1,12.0,No,61.1,58.8,Average,Medium
STU100152,20,Male,EEE,8,60.0,45.1,45.9,64.8,9,10.5,50.7,23,17.0,23,46.3,4.68,0,4,8.0,Yes,65.5,54.1,Average,Medium
STU100153,20,Female,IT,7,56.9,44.1,55.9,,8,13.9,58.2,12,10.0,27,64.9,5.61,3,1,7.0,Yes,45.6,41.0,Poor,High
STU100154,24,Female,AI&DS,4,88.4,75.0,74.6,60.9,18,14.7,98.7,36,16.0,39,82.9,5.27,2,0,14.0,Yes,79.8,60.2,Average,Medium
STU100155,21,Male,CSE,5,85.5,61.6,87.2,65.0,13,15.6,92.3,25,19.0,42,68.2,6.83,0,1,12.0,No,69.7,82.6,Excellent,Low
STU100156,19,Male,EEE,4,64.5,61.8,73.5,92.9,6,21.3,69.7,23,15.0,43,62.2,8.8,2,3,10.0,Yes,72.8,69.0,Good,Low
STU100157,23,Male,IT,5,57.6,90.2,75.2,47.7,10,10.0,50.7,24,15.0,39,44.8,6.43,0,2,12.0,No,79.3,67.2,Good,Low
STU100158,22,Male,MECH,4,51.0,65.7,65.6,60.5,9,18.7,46.8,16,10.0,33,47.3,7.81,1,2,4.0,No,65.2,48.1,Poor,High
STU100159,23,Female,IT,7,73.3,58.9,72.5,41.9,15,9.7,65.9,35,14.0,35,83.7,5.66,1,2,11.0,Yes,57.4,54.3,Average,Medium
STU100160,20,Male,IT,6,70.2,49.1,74.1,40.9,10,9.2,33.4,14,15.0,26,58.3,6.25,2,4,14.0,Yes,62.0,32.9,Poor,High
STU100161,23,Female,CSE,3,73.0,53.6,51.9,44.5,8,4.4,46.1,12,6.0,11,50.9,5.14,1,1,6.0,Yes,48.5,50.8,Average,Medium
STU100162,24,Male,MECH,2,79.5,52.1,71.5,47.8,13,12.7,79.8,26,20.0,26,76.1,5.4,1,1,14.0,Yes,64.7,68.0,Good,Low
STU100163,19,Male,IT,8,73.4,95.9,72.0,82.8,19,23.0,53.8,22,16.0,39,65.5,8.55,1,2,9.0,No,84.3,67.2,Good,Low
STU100164,19,Female,CSE,4,63.7,52.2,53.0,57.1,12,7.2,65.5,16,15.0,43,60.3,6.38,1,4,10.0,Yes,65.2,40.0,Poor,High
STU100165,21,Female,EEE,3,99.2,66.5,79.2,73.0,17,15.9,82.0,39,19.0,52,86.8,6.88,0,2,13.0,Yes,70.0,66.5,Good,Low
STU100166,23,Male,AI&DS,7,67.8,32.2,62.9,55.5,14,10.2,59.7,20,22.0,23,82.9,5.66,1,3,14.0,Yes,59.3,54.8,Average,Medium
STU100167,18,Male,CIVIL,5,78.8,79.4,71.7,85.2,10,14.1,71.8,26,18.0,39,44.2,7.21,1,2,12.0,No,74.0,78.0,Good,Low
STU100168,21,Male,AI&DS,5,79.6,64.1,68.4,64.0,9,11.0,72.1,20,17.0,28,50.6,7.66,0,4,3.0,No,72.9,69.8,Good,Low
STU100169,18,Male,AI&DS,6,71.1,63.0,63.2,42.6,8,12.0,49.2,25,8.0,24,26.8,7.04,1,4,7.0,No,45.0,48.2,Poor,High
STU100170,24,Female,MECH,4,76.4,55.8,71.4,50.9,7,18.1,72.4,17,13.0,39,55.5,5.95,1,4,10.0,Yes,,43.2,Poor,High
STU100171,23,Male,EEE,5,72.1,56.9,43.6,43.1,12,9.3,55.7,22,13.0,31,51.5,4.11,3,2,8.0,Yes,67.5,55.4,Average,Medium
STU100172,24,Male,CSE,6,68.3,69.0,76.4,75.2,10,15.7,52.3,24,16.0,44,68.6,5.89,0,0,14.0,Yes,62.6,57.8,Average,Medium
STU100173,19,Female,AI&DS,6,81.7,66.5,61.2,49.4,11,12.7,67.8,19,15.0,28,46.2,7.09,1,2,7.0,Yes,71.5,57.2,Average,Medium
STU100174,23,Female,IT,8,48.8,50.8,43.8,37.1,8,7.6,63.5,18,12.0,29,43.0,6.56,0,4,8.0,Yes,50.2,44.6,Poor,High
STU100175,20,Male,IT,4,71.7,42.8,67.5,37.0,12,10.9,62.7,25,14.0,38,65.7,5.19,2,3,2.0,Yes,50.6,35.1,Poor,High
STU100176,18,Female,MECH,5,72.0,84.1,68.6,53.2,14,12.3,43.5,13,13.0,29,59.8,6.58,2,0,11.0,No,73.2,67.1,Good,Low
STU100177,21,Male,CSE,7,79.4,83.4,82.1,68.9,13,19.2,56.4,29,18.0,25,66.7,8.05,1,0,7.0,No,70.8,80.9,Excellent,Low
STU100178,21,Male,MECH,7,72.9,59.5,82.0,53.9,11,14.2,69.7,26,16.0,32,41.9,6.74,2,1,8.0,No,63.5,56.1,Average,Medium
STU100179,21,Male,EEE,8,73.2,62.6,60.1,65.6,8,7.8,63.5,27,13.0,49,58.9,7.3,1,3,9.0,No,67.4,52.0,Average,Medium
STU100180,23,Female,ECE,3,91.6,72.6,76.3,64.3,16,9.5,88.5,37,25.0,50,84.1,7.63,1,0,15.0,Yes,74.4,77.2,Good,Low
STU100181,19,Male,AI&DS,8,73.2,77.6,70.8,73.0,9,8.7,50.4,37,15.0,46,71.2,6.97,0,3,9.0,No,71.5,65.8,Good,Low
STU100182,22,Female,CSE,5,66.7,67.1,60.5,64.6,12,11.8,43.2,24,8.0,22,34.5,6.25,2,1,11.0,No,58.8,61.1,Average,Medium
STU100183,19,Male,CSE,3,80.5,61.3,89.7,63.6,10,14.6,58.0,24,16.0,30,51.6,6.31,1,1,9.0,No,59.6,68.6,Good,Low
STU100184,24,Female,EEE,4,87.3,85.4,87.0,66.9,13,15.4,88.6,40,23.0,47,,8.87,2,0,17.0,No,84.7,87.2,Excellent,Low
STU100185,21,Male,AI&DS,4,75.0,73.3,71.8,74.5,12,13.4,65.0,27,27.0,45,80.4,7.27,1,3,8.0,No,74.3,66.2,Good,Low
STU100186,23,Male,ECE,8,80.7,85.2,71.5,72.5,14,15.5,75.5,31,15.0,26,73.5,8.13,1,3,18.0,No,75.1,66.1,Good,Low
STU100187,19,Female,ECE,2,89.8,49.4,61.4,60.3,14,10.2,66.0,31,20.0,37,69.9,6.51,1,6,12.0,Yes,71.6,59.0,Average,Medium
STU100188,20,Male,EEE,3,54.8,35.7,41.8,52.3,10,16.0,28.3,17,9.0,23,41.6,4.83,2,4,6.0,No,42.3,36.3,Poor,High
STU100189,24,Female,EEE,7,69.4,42.4,56.5,50.3,9,6.3,64.8,13,14.0,30,47.2,4.81,2,3,9.0,Yes,50.8,45.6,Poor,High
STU100190,19,Female,ECE,8,78.3,80.5,86.0,79.9,14,14.5,76.9,34,23.0,31,83.5,7.57,0,0,13.0,No,,79.7,Good,Low
STU100191,21,Female,CSE,2,76.6,74.2,89.5,75.7,15,14.9,79.1,36,19.0,47,90.6,8.88,0,2,16.0,No,75.6,77.5,Good,Low
STU100192,20,Female,CSE,4,77.4,55.3,74.7,61.7,14,13.6,65.2,35,,55,84.1,7.24,1,6,13.0,No,74.6,54.1,Average,Medium
STU100193,20,Male,EEE,4,73.4,62.4,67.2,50.2,14,10.6,66.8,18,14.0,35,71.8,6.89,1,1,9.0,No,71.2,51.0,Average,Medium
STU100194,22,Female,ECE,5,70.8,67.8,70.6,71.6,14,16.7,66.8,24,15.0,34,57.6,7.55,1,5,10.0,No,75.2,50.9,Average,Medium
STU100195,23,Female,ECE,7,67.8,33.2,63.5,46.8,11,7.7,63.7,21,18.0,32,60.5,5.56,3,4,8.0,Yes,62.4,46.1,Poor,High
STU100196,21,Female,ECE,5,63.4,43.9,70.7,50.8,6,8.8,58.8,19,11.0,37,47.7,7.7,0,2,7.0,Yes,63.3,55.2,Average,Medium
STU100197,22,Female,CSE,2,88.0,65.5,86.8,80.5,15,12.9,76.4,17,18.0,45,77.4,7.64,0,2,5.0,No,82.8,76.2,Good,Low
STU100198,18,Female,CSE,3,47.9,52.0,48.6,50.7,5,9.3,55.6,11,13.0,18,44.5,6.03,1,2,2.0,No,59.6,44.8,Poor,High
STU100199,19,Female,MECH,7,72.4,68.7,54.3,64.0,9,14.6,53.9,20,19.0,34,62.9,5.92,1,4,8.0,No,73.2,59.5,Average,Medium
STU100200,23,Male,ECE,3,83.2,67.4,73.2,59.1,13,16.2,80.2,23,20.0,31,69.0,6.94,0,0,10.0,No,84.0,62.7,Average,Medium
STU100201,22,Male,EEE,5,73.8,52.4,78.5,74.2,17,19.3,58.5,37,18.0,29,61.4,7.11,2,2,15.0,No,65.8,74.4,Good,Low
STU100202,18,Male,CSE,4,80.1,90.3,67.5,85.5,16,13.4,70.2,22,13.0,44,46.7,7.36,1,1,12.0,No,82.4,70.4,Good,Low
STU100203,24,Male,CIVIL,5,71.3,61.5,64.9,57.0,13,9.5,66.1,26,14.0,43,85.3,7.08,2,3,11.0,No,64.7,58.6,Average,Medium
STU100204,20,Female,AI&DS,7,93.2,72.4,65.4,48.9,8,12.8,63.0,17,13.0,27,59.7,6.51,1,1,8.0,Yes,75.6,65.4,Good,Low
STU100205,20,Male,EEE,3,63.3,44.9,64.5,29.8,9,7.8,55.6,18,13.0,36,60.7,5.88,3,4,10.0,No,,33.5,Poor,High
STU100206,21,Male,ECE,6,100.0,59.0,67.5,67.0,12,10.8,68.8,29,16.0,13,81.2,6.34,2,1,9.0,No,72.6,70.6,Good,Low
STU100207,20,Female,ECE,7,70.0,58.6,56.4,50.8,8,8.1,64.8,14,10.0,23,53.1,6.36,3,3,6.0,No,65.3,39.9,Poor,High
STU100208,21,Female,CIVIL,8,58.6,31.9,49.5,38.1,9,10.2,62.4,18,11.0,47,40.1,6.38,1,5,2.0,Yes,37.9,42.4,Poor,High
STU100209,19,Female,CSE,5,75.8,66.3,53.9,62.5,9,14.5,59.7,16,13.0,42,52.1,5.37,2,0,7.0,No,62.2,59.1,Average,Medium
STU100210,18,Male,CSE,2,62.3,62.0,71.0,56.2,11,14.6,69.2,32,20.0,37,85.2,6.6,1,3,11.0,Yes,58.5,59.7,Average,Medium
STU100211,24,Male,CSE,6,85.9,75.0,65.3,65.9,14,16.5,83.5,22,18.0,65,72.2,8.83,1,1,12.0,No,79.5,63.3,Average,Medium
STU100212,23,Male,IT,7,48.5,51.5,64.1,42.6,7,6.0,53.1,15,13.0,30,83.0,6.43,0,3,6.0,Yes,55.5,49.4,Poor,High
STU100213,20,Male,IT,2,90.8,64.0,92.0,72.6,14,14.9,62.9,32,28.0,37,52.1,5.28,1,0,8.0,No,59.2,69.6,Good,Low
STU100214,23,Male,MECH,3,60.4,67.0,68.6,45.1,13,14.6,43.0,16,13.0,28,46.4,6.49,1,1,9.0,Yes,59.7,49.8,Poor,High
STU100215,23,Female,ECE,4,69.7,56.4,71.5,64.5,8,15.2,68.6,10,16.0,22,40.4,7.25,1,1,8.0,Yes,60.9,58.4,Average,Medium
STU100216,22,Male,CSE,5,91.8,65.3,78.8,76.1,14,18.7,82.7,29,22.0,52,79.8,8.2,1,2,15.0,No,62.2,75.5,Good,Low
STU100217,23,Male,CIVIL,5,67.7,67.5,62.1,74.8,9,16.6,67.0,12,12.0,30,42.7,7.45,1,3,3.0,No,55.7,64.5,Average,Medium
STU100218,24,Female,CSE,3,74.2,67.6,85.4,77.8,11,16.6,68.0,26,20.0,41,58.7,8.8,0,1,10.0,No,67.5,60.0,Average,Medium
STU100219,23,Male,AI&DS,3,82.5,58.1,85.2,63.0,13,15.0,61.3,32,16.0,37,62.9,6.56,2,3,14.0,No,62.0,51.0,Average,Medium
STU100220,19,Male,CIVIL,8,62.7,59.0,59.2,59.7,10,10.1,46.7,22,12.0,18,64.4,7.85,0,2,6.0,No,68.1,67.6,Good,Low
STU100221,23,Male,AI&DS,7,70.9,63.6,59.3,55.0,10,12.9,40.7,22,14.0,21,46.3,5.86,1,3,9.0,No,59.5,44.9,Poor,High
STU100222,19,Male,CIVIL,5,70.7,64.3,52.5,54.2,12,17.2,45.5,26,21.0,33,68.4,7.06,0,5,12.0,No,62.2,60.7,Average,Medium
STU100223,21,Female,CIVIL,4,65.0,58.2,66.0,65.1,14,18.7,78.9,26,13.0,31,47.3,6.42,2,3,10.0,No,59.3,58.4,Average,Medium
STU100224,18,Male,CIVIL,5,72.9,49.1,62.8,51.7,14,11.6,62.4,19,19.0,45,71.4,6.51,1,2,9.0,No,60.4,54.9,Average,Medium
STU100225,19,Male,MECH,8,78.7,59.0,74.1,74.0,15,14.6,65.1,27,14.0,46,68.0,6.77,2,2,9.0,Yes,78.6,61.5,Average,Medium
STU100226,23,Female,AI&DS,4,56.8,63.9,72.6,71.9,7,17.8,55.2,26,21.0,31,41.0,5.66,0,1,9.0,No,57.6,61.4,Average,Medium
STU100227,20,Female,EEE,4,90.7,83.4,99.4,91.2,19,17.5,69.1,33,22.0,52,95.9,7.58,2,3,17.0,Yes,91.7,70.1,Good,Low
STU100228,19,Male,CIVIL,5,90.2,,73.3,84.8,15,23.9,52.1,19,19.0,43,61.2,7.22,0,1,16.0,No,83.7,81.7,Excellent,Low
STU100229,24,Female,MECH,3,66.4,45.0,66.3,53.4,7,10.7,65.6,23,11.0,23,,4.63,1,1,8.0,No,70.0,55.8,Average,Medium
STU100230,24,Male,IT,2,67.7,44.8,79.0,61.2,15,12.3,76.6,28,15.0,30,51.3,6.85,1,3,7.0,No,52.8,56.0,Average,Medium
STU100231,19,Male,IT,8,86.0,63.2,73.7,39.5,14,10.1,74.2,32,12.0,20,91.6,4.96,3,0,13.0,Yes,65.4,62.4,Average,Medium
STU100232,22,Female,MECH,6,71.7,62.5,59.0,55.3,11,7.3,61.9,12,11.0,27,73.5,6.2,0,2,13.0,No,57.1,55.1,Average,Medium
STU100233,20,Male,IT,4,76.1,56.8,73.7,67.4,14,18.7,56.2,26,17.0,44,62.2,7.3,1,2,12.0,No,70.1,64.6,Average,Medium
STU100234,23,Male,AI&DS,5,78.2,80.4,75.9,75.6,15,17.6,83.0,27,20.0,35,74.1,6.68,1,1,13.0,No,81.1,66.0,Good,Low
STU100235,22,Female,IT,5,68.5,55.9,61.6,53.9,11,9.6,56.3,16,17.0,34,59.0,5.64,1,3,11.0,No,55.6,52.6,Average,Medium
STU100236,21,Male,IT,2,65.0,46.6,76.6,53.8,10,12.4,61.3,22,14.0,54,42.3,7.48,1,3,1.0,No,61.6,57.6,Average,Medium
STU100237,24,Male,CSE,7,56.8,34.9,78.0,54.7,11,6.6,49.7,18,18.0,13,53.3,5.49,2,4,7.0,No,52.3,45.7,Poor,High
STU100238,23,Male,EEE,2,68.0,61.8,70.0,59.6,9,7.7,72.1,24,18.0,33,65.4,6.86,1,3,10.0,No,66.9,60.6,Average,Medium
STU100239,19,Female,ECE,5,73.8,61.3,89.4,56.0,12,10.7,70.7,32,18.0,26,72.6,5.96,1,4,7.0,No,58.1,60.9,Average,Medium
STU100240,21,Male,CIVIL,4,70.8,65.2,70.6,54.7,15,8.1,62.5,15,14.0,36,62.1,6.11,2,3,11.0,No,66.3,57.3,Average,Medium
STU100241,23,Female,CSE,5,64.2,49.8,66.5,50.5,9,11.2,57.3,19,14.0,20,36.3,5.16,2,2,7.0,No,52.4,41.4,Poor,High
STU100242,21,Male,ECE,5,81.0,66.2,59.1,48.5,12,17.9,52.6,14,15.0,27,47.5,7.66,1,5,9.0,No,60.9,56.5,Average,Medium
STU100243,18,Female,ECE,5,68.9,47.1,59.2,36.9,10,7.2,66.2,22,18.0,11,44.8,4.0,2,6,10.0,No,41.6,38.8,Poor,High
STU100244,23,Male,AI&DS,3,65.6,42.1,58.5,43.4,10,11.2,72.0,27,12.0,31,64.1,4.3,2,2,11.0,No,40.0,45.9,Poor,High
STU100245,21,Male,IT,2,88.9,94.0,95.4,69.8,18,17.7,65.5,40,15.0,41,87.9,8.59,0,0,15.0,No,73.2,79.1,Good,Low
STU100246,19,Male,ECE,2,71.0,50.5,58.8,46.3,12,8.9,50.0,16,12.0,17,35.4,5.51,1,5,6.0,Yes,51.5,40.0,Poor,High
STU100247,23,Male,ECE,7,77.8,56.2,49.0,40.7,9,7.0,37.3,22,16.0,39,60.5,6.64,0,5,6.0,Yes,42.0,53.0,Average,Medium
STU100248,24,Male,CIVIL,2,71.5,70.0,60.7,66.5,13,18.9,49.9,14,19.0,34,70.9,6.92,0,2,17.0,No,62.9,63.5,Average,Medium
STU100249,22,Male,CSE,5,91.5,82.2,71.2,100.0,18,23.7,86.3,42,24.0,55,90.2,9.05,0,0,18.0,No,100.0,80.1,Excellent,Low
STU100250,23,Female,AI&DS,4,87.1,60.4,71.2,58.2,10,11.4,57.8,26,21.0,33,45.4,5.69,1,0,11.0,No,69.5,58.0,Average,Medium
STU100251,19,Female,AI&DS,6,72.8,61.4,78.5,72.8,14,15.5,58.3,24,15.0,26,77.5,6.23,2,0,11.0,Yes,76.3,74.2,Good,Low
STU100252,23,Male,IT,6,79.4,64.0,70.0,62.4,11,15.3,68.8,25,16.0,42,66.4,6.0,0,5,12.0,No,55.9,55.6,Average,Medium
STU100253,24,Female,IT,3,72.3,72.8,82.7,74.0,12,17.4,68.4,26,20.0,60,55.7,7.87,0,1,12.0,No,75.2,72.7,Good,Low
STU100254,19,Female,EEE,6,,56.8,64.7,56.3,12,15.3,57.4,25,14.0,40,62.1,5.54,2,2,13.0,Yes,60.5,61.3,Average,Medium
STU100255,24,Other,AI&DS,6,75.9,54.2,74.7,60.3,11,11.6,48.5,21,16.0,21,56.2,7.95,2,4,5.0,No,55.5,54.7,Average,Medium
STU100256,18,Male,ECE,3,77.5,78.3,98.6,65.4,13,12.1,59.8,26,18.0,50,72.3,7.71,0,1,16.0,No,69.6,57.8,Average,Medium
STU100257,21,Male,EEE,7,94.2,63.5,88.8,59.1,13,13.0,66.8,32,22.0,38,89.3,6.22,1,0,13.0,No,76.1,69.7,Good,Low
STU100258,18,Female,EEE,5,68.7,57.0,54.0,59.7,7,13.6,47.2,27,12.0,12,56.3,7.33,1,1,7.0,Yes,55.1,54.9,Average,Medium
STU100259,21,Female,AI&DS,2,70.1,76.0,70.6,44.8,12,12.1,78.0,24,16.0,25,63.7,6.97,3,1,11.0,Yes,71.5,62.0,Average,Medium
STU100260,22,Female,CSE,6,72.1,54.1,60.7,51.5,11,10.2,59.1,23,13.0,25,73.2,5.29,3,5,10.0,No,49.3,57.1,Average,Medium
STU100261,24,Female,IT,5,73.0,57.0,68.9,51.1,7,11.1,39.5,16,12.0,31,53.5,6.34,1,3,9.0,No,64.1,40.3,Poor,High
STU100262,19,Female,EEE,4,55.2,65.9,55.4,64.9,9,12.2,68.5,23,19.0,31,82.0,6.02,1,1,11.0,No,52.5,60.8,Average,Medium
STU100263,24,Female,CSE,5,49.1,58.6,69.0,72.0,10,16.7,69.8,23,13.0,39,63.6,6.92,1,2,14.0,Yes,62.5,54.8,Average,Medium
STU100264,24,Male,IT,8,76.7,52.4,70.8,59.7,12,17.5,59.4,33,16.0,28,79.4,6.45,2,3,8.0,No,55.3,59.4,Average,Medium
STU100265,18,Male,ECE,4,78.1,67.9,74.4,54.6,12,12.5,81.4,28,21.0,55,49.0,7.08,1,1,12.0,No,51.1,73.6,Good,Low
STU100266,24,Other,MECH,6,89.5,82.5,79.1,57.7,10,19.0,81.3,34,20.0,37,79.4,7.38,0,4,12.0,No,74.4,70.9,Good,Low
STU100267,24,Female,CSE,7,78.6,75.2,77.1,50.6,12,15.0,73.4,31,25.0,56,74.3,6.91,2,3,9.0,No,76.9,59.1,Average,Medium
STU100268,18,Male,IT,6,80.1,64.4,80.1,56.3,11,10.8,58.4,31,9.0,31,61.5,7.36,1,0,11.0,Yes,72.3,64.2,Average,Medium
STU100269,18,Male,CSE,8,62.9,58.3,56.2,46.3,9,13.4,53.6,28,12.0,37,61.0,6.9,0,2,8.0,No,54.4,49.0,Poor,High
STU100270,23,Female,IT,5,63.3,66.7,61.6,60.9,13,19.0,72.7,31,,16,74.3,7.05,2,3,13.0,Yes,60.3,60.7,Average,Medium
STU100271,20,Male,MECH,3,81.9,80.1,77.0,45.3,16,10.7,46.5,30,,47,83.5,5.39,2,2,13.0,Yes,65.0,60.2,Average,Medium
STU100272,19,Female,AI&DS,5,69.9,65.9,78.3,59.0,14,13.8,78.6,32,18.0,31,75.7,7.3,0,1,10.0,Yes,67.1,65.4,Good,Low
STU100273,20,Male,CSE,2,67.4,73.8,80.1,64.8,12,7.8,68.6,32,21.0,55,81.5,5.73,2,4,19.0,No,73.8,66.0,Good,Low
STU100274,20,Male,CIVIL,4,82.0,87.5,86.6,86.6,15,19.1,77.4,37,22.0,48,88.3,9.06,1,0,12.0,No,81.2,84.8,Excellent,Low
STU100275,24,Female,CSE,3,83.1,88.7,96.7,71.6,18,19.2,100.0,45,22.0,40,76.4,6.98,1,2,11.0,No,88.6,87.2,Excellent,Low
STU100276,19,Female,CSE,2,60.6,70.4,47.3,59.1,9,18.3,54.5,24,18.0,44,76.5,7.7,0,4,6.0,Yes,49.3,58.3,Average,Medium
STU100277,18,Female,MECH,3,63.8,56.8,69.7,52.4,7,7.8,53.5,15,13.0,19,43.6,6.63,1,3,6.0,No,66.4,52.3,Average,Medium
STU100278,23,Male,CSE,7,66.0,51.2,64.1,46.0,11,12.7,56.1,12,12.0,25,60.1,5.83,1,4,6.0,No,41.2,30.3,Poor,High
STU100279,23,Male,EEE,8,64.4,71.5,69.3,72.4,13,16.4,77.1,28,20.0,45,86.1,7.23,0,3,14.0,No,74.6,63.5,Average,Medium
STU100280,24,Male,EEE,8,75.7,69.6,82.9,69.4,11,21.3,65.2,22,14.0,23,74.7,6.78,0,2,10.0,No,74.4,75.7,Good,Low
STU100281,24,Female,CSE,2,74.3,78.1,77.3,57.5,12,15.2,74.0,30,16.0,30,63.5,7.64,1,2,13.0,No,72.0,59.2,Average,Medium
STU100282,18,Male,AI&DS,8,63.7,56.3,67.8,,12,7.9,49.0,11,10.0,3,42.3,5.47,1,5,3.0,Yes,57.7,49.6,Poor,High
STU100283,23,Female,CSE,4,78.2,81.7,67.1,88.9,10,18.1,50.4,19,20.0,31,77.3,7.03,0,6,12.0,Yes,80.3,67.3,Good,Low
STU100284,19,Female,IT,4,71.9,62.3,61.8,66.4,11,15.1,52.3,26,20.0,51,66.5,6.75,2,4,8.0,No,67.3,53.2,Average,Medium
STU100285,20,Male,CSE,3,55.4,45.7,62.7,45.6,10,12.1,56.9,15,12.0,42,53.7,7.25,2,3,9.0,No,45.8,34.4,Poor,High
STU100286,21,Male,MECH,8,70.8,51.7,67.8,43.6,14,13.4,70.3,27,20.0,54,57.3,5.34,2,4,9.0,No,64.0,40.3,Poor,High
STU100287,24,Female,MECH,8,72.7,68.3,61.0,55.4,9,9.5,63.9,30,15.0,40,,5.38,2,3,8.0,Yes,72.6,45.7,Poor,High
STU100288,21,Male,CIVIL,6,87.5,72.7,90.5,65.2,12,15.5,72.5,31,18.0,43,72.5,5.31,2,4,12.0,No,70.2,72.3,Good,Low
STU100289,19,Female,AI&DS,2,70.2,55.4,79.3,53.8,12,13.6,56.0,24,12.0,43,79.8,6.32,2,4,10.0,No,61.6,62.9,Average,Medium
STU100290,18,Male,CSE,4,70.2,59.5,67.8,59.1,17,9.8,63.1,28,15.0,33,51.8,6.04,1,3,15.0,No,68.0,54.2,Average,Medium
STU100291,22,Male,ECE,3,60.8,65.3,60.4,55.4,10,13.0,62.2,13,14.0,46,35.7,6.26,1,0,10.0,No,68.0,62.7,Average,Medium
STU100292,23,Male,MECH,8,80.4,65.4,77.2,60.4,14,9.0,70.7,22,17.0,46,79.5,7.34,0,1,15.0,Yes,69.7,71.4,Good,Low
STU100293,22,Male,MECH,6,85.9,77.5,84.5,73.4,19,18.5,71.8,31,18.0,43,65.0,9.16,0,3,14.0,No,77.0,79.0,Good,Low
STU100294,24,Female,CSE,8,55.8,45.9,62.8,25.7,7,7.7,54.0,19,10.0,19,42.2,4.4,1,6,3.0,Yes,33.2,31.3,Poor,High
STU100295,18,Female,MECH,7,60.6,56.9,78.7,59.4,10,13.6,61.6,26,11.0,49,49.0,6.48,0,2,10.0,No,,56.3,Average,Medium
STU100296,20,Male,CSE,5,56.1,57.6,61.8,60.7,10,15.0,46.9,22,12.0,50,68.4,7.92,2,1,7.0,Yes,69.4,49.9,Poor,High
STU100297,22,Female,ECE,3,67.3,66.4,66.7,75.0,13,10.8,54.7,22,15.0,26,58.7,7.27,0,4,16.0,No,91.7,65.4,Good,Low
STU100298,24,Male,EEE,7,64.1,61.3,60.6,48.0,11,6.6,68.0,23,10.0,40,61.1,6.6,1,3,10.0,Yes,70.5,42.5,Poor,High
STU100299,20,Female,CSE,6,67.5,64.7,57.3,46.4,10,10.6,44.7,20,14.0,18,61.4,,0,4,3.0,Yes,54.5,51.0,Average,Medium
STU100300,22,Female,IT,7,65.3,80.2,68.4,69.5,9,15.9,51.0,23,16.0,35,61.6,6.78,2,3,8.0,No,67.9,50.0,Poor,High
STU100301,19,Female,EEE,8,81.2,100.0,76.1,78.0,16,20.1,75.4,32,18.0,54,76.2,7.2,2,3,12.0,Yes,76.0,75.9,Good,Low
STU100302,22,Female,AI&DS,6,54.1,41.0,60.9,36.0,11,14.8,,11,13.0,30,48.6,5.24,0,5,8.0,No,28.7,34.3,Poor,High
STU100303,23,Male,CSE,6,75.9,81.1,73.2,81.9,9,9.5,55.6,22,16.0,32,69.3,6.81,2,1,11.0,Yes,86.8,58.5,Average,Medium
STU100304,23,Male,CIVIL,4,79.8,72.4,81.7,45.1,9,17.9,65.5,23,12.0,22,68.1,6.05,1,2,10.0,Yes,68.3,47.3,Poor,High
STU100305,21,Male,CIVIL,5,61.0,58.3,44.8,48.2,9,9.0,41.3,17,10.0,28,46.6,6.11,0,6,5.0,Yes,53.2,56.4,Average,Medium
STU100306,21,Female,CSE,2,71.2,49.5,72.4,40.0,11,12.7,48.2,30,20.0,18,60.2,5.65,1,3,8.0,No,42.7,51.1,Average,Medium
STU100307,24,Male,AI&DS,3,54.1,62.9,55.5,46.5,7,10.8,57.8,13,10.0,27,42.0,6.44,1,4,9.0,No,54.3,48.6,Poor,High
STU100308,21,Female,EEE,8,93.1,77.0,86.7,72.5,16,17.0,77.8,28,20.0,57,82.4,6.85,2,0,15.0,No,78.1,67.2,Good,Low
STU100309,20,Male,ECE,3,72.4,60.7,62.0,77.7,13,10.2,64.3,27,18.0,40,67.3,8.04,1,2,8.0,No,65.0,63.9,Average,Medium
STU100310,19,Male,AI&DS,2,90.3,71.7,90.9,73.9,13,16.8,84.4,30,19.0,51,83.3,8.73,1,2,13.0,Yes,84.9,71.1,Good,Low
STU100311,22,Female,ECE,7,77.7,61.5,72.6,87.7,11,17.2,46.1,29,19.0,29,43.0,6.96,1,3,6.0,No,82.8,57.2,Average,Medium
STU100312,22,Female,ECE,2,69.8,68.1,86.7,72.5,10,14.8,53.2,29,16.0,54,53.0,7.19,0,3,11.0,No,64.8,63.6,Average,Medium
STU100313,21,Male,CSE,5,88.4,85.4,78.7,75.5,18,20.7,80.7,37,24.0,64,66.4,9.73,0,0,13.0,Yes,86.3,74.9,Good,Low
STU100314,19,Female,AI&DS,4,73.9,60.0,83.8,57.7,8,12.1,30.2,16,10.0,46,69.7,7.11,2,0,8.0,No,66.5,57.4,Average,Medium
STU100315,19,Female,CSE,4,88.1,78.8,80.8,68.5,13,19.2,86.6,24,18.0,43,56.7,7.36,3,3,7.0,No,65.6,49.9,Poor,High
STU100316,19,Male,CSE,4,89.2,65.6,70.0,58.2,14,13.1,69.4,31,14.0,27,61.6,5.41,1,3,10.0,No,57.6,67.8,Good,Low
STU100317,18,Female,IT,2,77.7,66.8,57.6,50.9,17,15.3,65.7,26,16.0,27,66.6,6.16,0,3,12.0,No,72.2,62.2,Average,Medium
STU100318,21,Male,CSE,3,54.5,59.5,63.1,39.8,6,11.7,41.9,1,8.0,27,23.1,6.06,1,5,3.0,Yes,48.7,46.0,Poor,High
STU100319,20,Female,CSE,6,83.6,77.0,86.7,60.5,20,15.2,91.8,45,22.0,49,80.9,7.89,2,2,17.0,Yes,82.0,70.6,Good,Low
STU100320,20,Male,IT,2,85.2,66.7,75.7,64.2,10,12.5,67.3,24,15.0,17,89.6,5.18,1,0,7.0,No,76.7,66.6,Good,Low
STU100321,24,Female,IT,3,95.0,79.5,83.3,70.6,16,18.2,84.8,34,25.0,23,78.0,7.38,0,2,12.0,No,83.3,79.9,Good,Low
STU100322,19,Male,CIVIL,8,73.4,52.0,71.9,54.3,10,15.3,71.8,26,9.0,43,79.2,7.46,1,3,9.0,No,58.5,52.5,Average,Medium
STU100323,23,Male,CSE,6,64.2,88.7,65.1,61.3,14,20.7,71.8,21,16.0,43,51.2,7.75,0,2,10.0,Yes,77.4,61.7,Average,Medium
STU100324,19,Female,EEE,5,76.0,64.7,83.8,64.0,14,13.8,67.2,37,19.0,64,81.1,8.02,1,2,16.0,No,83.5,69.4,Good,Low
STU100325,22,Male,MECH,5,86.9,82.3,75.4,64.0,12,14.8,61.1,29,17.0,47,67.7,8.15,1,1,15.0,No,85.9,59.3,Average,Medium
STU100326,24,Female,CIVIL,8,82.4,91.1,74.6,69.9,16,19.3,60.6,28,17.0,44,74.3,7.96,1,2,14.0,No,75.3,69.2,Good,Low
STU100327,23,Female,CSE,2,66.2,49.8,58.3,49.5,8,3.8,50.3,30,12.0,5,56.4,5.53,2,4,9.0,No,44.4,43.6,Poor,High
STU100328,22,Male,AI&DS,8,65.5,58.5,87.9,73.5,10,17.3,,19,19.0,46,62.7,6.02,0,3,6.0,No,69.5,61.5,Average,Medium
STU100329,19,Male,AI&DS,5,70.1,53.8,60.9,52.5,8,6.6,36.0,18,9.0,21,53.9,4.88,0,6,1.0,No,61.1,46.2,Poor,High
STU100330,20,Female,EEE,5,88.9,65.2,86.3,62.9,15,10.8,73.8,30,19.0,36,65.9,6.99,1,2,10.0,No,66.3,55.4,Average,Medium
STU100331,20,Male,AI&DS,3,70.6,82.6,84.3,83.0,13,18.2,63.4,30,12.0,32,70.4,8.37,0,2,12.0,Yes,84.6,91.5,Excellent,Low
STU100332,23,Male,ECE,4,88.4,68.9,79.6,69.9,16,11.6,85.3,45,27.0,51,96.8,6.54,1,2,17.0,No,71.6,64.8,Average,Medium
STU100333,20,Male,EEE,5,85.1,49.0,94.3,45.5,15,9.3,92.2,33,22.0,46,91.8,5.95,3,5,14.0,No,57.0,52.3,Average,Medium
STU100334,23,Male,IT,3,80.1,51.6,86.9,59.8,10,8.2,86.4,27,16.0,34,87.8,6.08,1,4,13.0,No,66.6,56.6,Average,Medium
STU100335,24,Female,IT,4,76.4,59.2,85.1,56.5,20,16.1,76.7,32,23.0,30,74.2,5.34,1,2,13.0,No,56.0,72.2,Good,Low
STU100336,18,Female,MECH,8,64.5,59.5,51.0,45.7,9,8.7,41.9,19,13.0,34,64.3,5.65,0,3,6.0,Yes,52.7,55.0,Average,Medium
STU100337,24,Female,CSE,7,69.0,47.6,73.8,46.1,15,11.5,65.8,33,18.0,41,76.8,6.45,2,0,14.0,Yes,53.1,58.0,Average,Medium
STU100338,21,Female,IT,6,81.0,70.9,83.3,72.9,16,15.1,60.3,31,15.0,34,63.4,6.92,1,2,13.0,Yes,76.2,62.3,Average,Medium
STU100339,22,Male,CSE,4,70.2,82.6,64.5,75.5,8,14.7,52.7,20,10.0,47,44.7,8.13,0,3,12.0,No,70.9,67.8,Good,Low
STU100340,20,Female,CSE,7,71.2,74.9,93.5,56.9,13,13.3,69.7,31,19.0,46,61.1,6.49,1,2,18.0,No,61.9,67.4,Good,Low
STU100341,20,Female,ECE,8,62.3,55.0,69.3,39.1,14,11.1,59.9,25,23.0,27,77.0,5.76,1,3,10.0,No,46.2,60.4,Average,Medium
STU100342,21,Male,MECH,8,77.6,61.4,68.0,72.0,10,8.2,61.4,27,15.0,17,48.9,4.95,0,3,13.0,No,74.0,68.0,Good,Low
STU100343,19,Female,CSE,6,76.0,68.1,77.6,56.2,9,8.2,44.7,12,15.0,22,51.1,5.65,1,3,7.0,No,56.3,61.5,Average,Medium
STU100344,23,Male,AI&DS,3,82.7,78.5,62.0,62.3,11,19.4,52.2,18,18.0,39,67.7,7.49,0,0,11.0,No,76.8,68.1,Good,Low
STU100345,22,Male,CSE,4,83.0,84.4,57.9,80.8,5,17.3,71.9,24,19.0,34,45.6,8.17,0,3,11.0,No,81.8,65.0,Good,Low
STU100346,18,Male,EEE,8,60.1,47.9,59.8,37.7,9,1.0,46.5,15,14.0,31,70.0,4.0,2,4,12.0,Yes,47.2,34.0,Poor,High
STU100347,19,Male,MECH,2,70.2,44.0,53.7,48.7,7,10.7,51.6,7,5.0,3,66.4,6.83,2,3,7.0,Yes,50.2,37.6,Poor,High
STU100348,21,Male,ECE,7,82.1,76.3,74.6,73.4,16,10.4,69.6,31,17.0,47,72.5,6.4,1,5,12.0,No,73.7,66.2,Good,Low
STU100349,23,Male,ECE,5,64.2,51.3,60.5,31.8,7,12.7,46.3,10,8.0,18,43.8,5.58,3,4,6.0,No,44.7,52.8,Average,Medium
STU100350,20,Male,CIVIL,5,77.0,74.7,79.0,65.4,10,19.2,60.6,22,16.0,50,52.8,6.18,1,1,13.0,No,78.4,81.2,Excellent,Low
STU100351,24,Male,ECE,3,66.7,60.5,59.4,48.5,13,20.1,61.9,30,19.0,38,68.8,5.92,1,4,10.0,No,58.9,57.6,Average,Medium
STU100352,21,Male,ECE,8,71.1,74.9,72.6,85.6,14,14.3,65.2,20,19.0,45,44.8,7.97,1,6,11.0,No,76.8,69.6,Good,Low
STU100353,21,Male,EEE,3,73.0,52.8,76.7,56.6,11,8.9,73.5,31,20.0,41,69.7,7.35,2,3,10.0,Yes,65.3,49.0,Poor,High
STU100354,18,Female,MECH,6,66.1,65.6,68.3,74.4,6,12.6,44.4,25,20.0,42,63.6,7.45,1,2,9.0,No,74.1,56.7,Average,Medium
STU100355,22,Female,CIVIL,5,88.8,80.0,76.0,58.1,16,13.7,60.7,20,19.0,41,56.6,7.64,1,6,8.0,Yes,75.9,52.6,Average,Medium
STU100356,23,Male,CSE,4,73.2,69.9,39.3,67.4,10,13.1,42.0,21,4.0,24,44.6,5.84,0,5,6.0,No,68.4,51.9,Average,Medium
STU100357,19,Male,CIVIL,3,63.2,67.2,64.7,54.1,7,6.8,51.3,12,8.0,23,50.8,6.36,1,4,4.0,Yes,61.4,50.7,Average,Medium
STU100358,21,Male,ECE,3,81.1,64.9,66.9,79.0,15,14.9,76.7,36,27.0,57,84.2,6.21,2,0,14.0,No,77.5,64.4,Average,Medium
STU100359,18,Male,IT,6,72.2,51.9,85.0,53.6,16,10.1,77.4,28,20.0,38,75.6,5.34,1,1,14.0,No,50.3,56.4,Average,Medium
STU100360,19,Male,ECE,7,67.6,56.4,62.6,48.4,10,11.3,70.1,21,17.0,30,70.2,5.47,0,4,10.0,Yes,56.2,57.9,Average,Medium
STU100361,18,Male,ECE,3,64.0,71.5,67.1,65.7,9,16.8,40.2,28,12.0,36,46.9,6.95,1,4,7.0,Yes,64.9,67.2,Good,Low
STU100362,23,Male,CSE,7,76.6,70.4,81.8,63.3,12,18.1,75.2,35,13.0,46,55.3,6.63,1,0,10.0,No,67.9,78.5,Good,Low
STU100363,24,Female,ECE,6,82.9,75.0,85.4,61.5,13,19.3,71.0,38,22.0,61,72.5,8.43,0,1,14.0,Yes,72.5,78.0,Good,Low
STU100364,18,Male,ECE,3,64.1,52.7,52.7,32.4,13,11.5,59.3,16,15.0,40,52.8,5.04,0,4,5.0,No,60.0,51.0,Average,Medium
STU100365,22,Male,IT,4,91.4,72.5,72.6,62.5,10,14.0,80.7,23,18.0,37,51.8,6.34,3,0,9.0,No,76.4,72.6,Good,Low
STU100366,22,Male,IT,4,77.8,70.3,80.1,74.7,10,17.2,69.8,21,13.0,52,61.6,8.01,2,0,14.0,No,67.2,71.3,Good,Low
STU100367,22,Female,ECE,5,78.6,52.2,60.9,52.2,11,6.0,62.5,21,12.0,46,42.7,5.6,2,5,9.0,No,51.1,44.8,Poor,High
STU100368,21,Female,IT,2,72.2,61.1,68.3,51.7,9,7.1,50.8,11,12.0,36,55.9,4.87,2,3,8.0,No,65.8,48.6,Poor,High
STU100369,24,Female,CIVIL,8,84.3,68.5,71.6,61.0,14,14.6,61.0,26,18.0,53,59.7,6.96,1,2,12.0,No,64.1,58.6,Average,Medium
STU100370,18,Female,IT,5,80.4,83.0,91.4,69.4,12,12.9,67.7,28,15.0,45,53.6,7.88,1,1,11.0,Yes,74.9,62.0,Average,Medium
STU100371,19,Female,AI&DS,6,76.5,69.0,69.8,67.2,12,15.1,73.2,21,12.0,31,52.6,6.81,1,4,12.0,No,67.0,63.7,Average,Medium
STU100372,19,Male,CSE,6,87.6,71.9,89.0,71.0,13,17.3,61.4,28,16.0,40,60.8,8.49,0,2,11.0,Yes,77.5,73.8,Good,Low
STU100373,23,Female,IT,4,90.8,46.0,73.8,73.5,14,14.9,54.6,26,16.0,28,64.9,6.88,0,3,12.0,Yes,63.9,56.7,Average,Medium
STU100374,18,Male,EEE,7,93.9,76.9,93.6,76.8,19,15.0,84.4,38,25.0,47,71.1,8.8,1,2,14.0,No,81.8,83.9,Excellent,Low
STU100375,18,Female,ECE,4,81.6,60.3,77.4,74.5,11,16.0,79.6,26,17.0,33,66.9,6.98,0,3,10.0,No,69.7,60.9,Average,Medium
STU100376,23,Male,ECE,2,86.2,91.3,83.1,66.0,18,22.1,85.7,33,26.0,51,84.3,8.59,0,3,15.0,No,88.3,69.0,Good,Low
STU100377,20,Male,CSE,5,78.2,74.1,53.1,49.2,8,9.7,60.0,10,10.0,22,60.5,6.79,1,5,6.0,No,63.4,44.3,Poor,High
STU100378,22,Male,CSE,2,52.8,35.4,66.9,42.3,7,5.9,55.8,26,9.0,11,63.2,6.07,1,4,4.0,Yes,47.5,46.0,Poor,High
STU100379,20,Male,AI&DS,7,75.7,83.4,73.7,95.2,12,16.5,80.4,27,18.0,36,70.9,7.84,2,2,12.0,No,73.4,72.0,Good,Low
STU100380,18,Female,EEE,2,87.2,70.3,78.0,69.9,15,14.8,77.6,29,19.0,52,84.1,7.04,1,4,15.0,No,71.2,50.9,Average,Medium
STU100381,22,Male,ECE,3,63.1,67.1,64.1,66.7,6,14.3,43.3,23,13.0,20,55.7,6.81,1,1,8.0,No,65.0,55.2,Average,Medium
STU100382,18,Male,EEE,8,74.8,79.2,71.0,96.9,11,16.5,72.4,28,13.0,42,72.3,6.65,1,1,13.0,No,74.7,63.3,Average,Medium
STU100383,21,Male,CSE,3,60.6,31.2,68.6,45.4,10,11.1,52.5,30,15.0,43,55.4,5.33,3,4,11.0,No,32.9,22.8,Poor,High
STU100384,24,Female,CSE,5,67.9,51.5,60.4,63.1,4,9.2,56.2,17,10.0,15,52.4,5.38,3,5,3.0,No,56.9,47.0,Poor,High
STU100385,19,Female,ECE,8,65.6,48.5,62.7,48.3,7,4.6,48.1,20,11.0,30,39.2,6.18,3,2,9.0,Yes,61.2,41.5,Poor,High
STU100386,19,Female,CSE,3,68.8,61.2,67.1,43.1,9,14.0,55.0,24,15.0,20,60.5,5.23,1,5,8.0,Yes,57.3,58.6,Average,Medium
STU100387,24,Male,IT,4,92.5,76.6,77.1,49.2,14,18.0,66.8,28,13.0,41,67.2,6.62,0,2,9.0,Yes,66.1,66.3,Good,Low
STU100388,20,Male,ECE,2,88.2,67.5,97.1,66.7,13,,74.3,29,23.0,53,83.2,6.31,0,1,12.0,No,63.3,77.7,Good,Low
STU100389,20,Male,AI&DS,7,61.6,47.1,61.5,69.4,12,12.7,58.1,23,16.0,34,64.3,7.4,1,4,7.0,No,56.7,66.5,Good,Low
STU100390,22,Male,EEE,2,73.8,38.1,55.8,45.5,13,14.0,68.1,15,18.0,42,78.7,5.31,1,4,15.0,Yes,57.9,49.6,Poor,High
STU100391,18,Male,EEE,8,55.7,52.6,49.9,35.5,7,6.1,35.4,19,12.0,22,38.3,4.78,1,5,10.0,Yes,51.1,42.4,Poor,High
STU100392,18,Female,CSE,7,74.1,64.0,64.9,75.5,11,16.0,48.7,19,14.0,35,67.2,6.99,0,4,9.0,No,69.2,67.8,Good,Low
STU100393,23,Male,MECH,4,91.6,48.6,71.5,54.4,12,16.0,52.0,17,15.0,41,60.8,4.73,2,3,11.0,No,54.5,55.5,Average,Medium
STU100394,24,Male,CSE,5,69.4,56.0,78.9,79.2,9,14.6,56.4,24,18.0,40,70.4,5.47,0,2,8.0,No,62.5,70.8,Good,Low
STU100395,24,Female,AI&DS,5,76.8,71.0,73.3,75.0,12,21.4,54.9,28,,43,56.6,7.98,3,2,9.0,Yes,70.8,73.6,Good,Low
STU100396,18,Male,AI&DS,7,63.0,62.2,58.2,69.6,11,,50.0,27,18.0,20,55.6,6.27,2,3,7.0,Yes,54.3,52.1,Average,Medium
STU100397,21,Male,EEE,4,78.9,86.0,76.2,63.8,10,16.3,44.4,15,23.0,54,69.1,7.7,0,0,8.0,Yes,74.2,66.0,Good,Low
STU100398,23,Female,MECH,3,84.2,67.1,82.4,62.4,9,14.1,56.0,27,21.0,35,70.5,6.83,1,0,11.0,No,67.0,71.1,Good,Low
STU100399,23,Female,CIVIL,2,70.1,73.3,78.7,62.5,10,15.1,56.2,20,14.0,12,44.7,8.26,1,0,8.0,No,82.2,70.1,Good,Low
STU100400,20,Female,ECE,5,67.6,55.5,71.6,53.2,10,9.1,65.6,29,16.0,49,56.5,5.89,1,2,9.0,No,60.0,51.1,Average,Medium
STU100401,21,Female,CSE,5,65.7,69.5,65.9,62.3,11,9.6,60.6,24,18.0,37,51.5,6.99,1,1,11.0,No,61.7,51.3,Average,Medium
STU100402,19,Male,MECH,6,82.5,77.8,86.9,76.0,14,10.1,70.3,37,21.0,43,89.1,6.81,1,3,8.0,No,81.4,67.1,Good,Low
STU100403,18,Female,ECE,7,80.0,77.4,66.9,89.3,11,14.2,58.3,34,17.0,38,64.6,7.48,2,2,3.0,No,81.0,70.5,Good,Low
STU100404,20,Female,EEE,3,69.1,76.2,66.2,50.6,13,15.0,76.5,30,14.0,44,55.9,6.0,2,5,13.0,No,53.5,50.8,Average,Medium
STU100405,19,Male,ECE,3,68.3,74.6,88.0,65.4,15,16.3,65.5,30,23.0,60,77.4,7.15,2,3,10.0,No,72.7,56.5,Average,Medium
STU100406,24,Female,ECE,4,87.2,52.1,88.3,67.4,13,14.7,58.3,22,21.0,34,67.4,6.07,2,0,12.0,No,66.8,65.4,Good,Low
STU100407,18,Female,MECH,3,72.1,55.5,63.7,59.1,10,19.5,75.0,28,17.0,28,75.7,5.8,0,1,5.0,No,60.9,66.1,Good,Low
STU100408,21,Female,ECE,2,84.2,75.4,69.5,52.5,9,19.6,44.9,30,16.0,30,45.1,7.04,0,2,6.0,No,65.5,70.1,Good,Low
STU100409,21,Male,IT,7,70.5,40.7,53.1,48.2,11,4.2,52.8,28,13.0,14,44.9,4.6,2,3,11.0,No,56.6,54.9,Average,Medium
STU100410,18,Male,MECH,6,66.6,49.1,60.9,38.5,6,11.1,60.5,16,13.0,24,46.4,5.77,1,3,7.0,Yes,51.9,50.3,Average,Medium
STU100411,21,Female,ECE,7,75.5,47.1,77.8,47.6,13,7.3,58.8,24,15.0,40,69.8,4.45,1,0,9.0,No,59.5,64.1,Average,Medium
STU100412,24,Female,CSE,6,64.2,53.7,82.2,52.2,9,8.3,64.5,29,12.0,24,59.5,4.0,2,4,9.0,Yes,58.5,48.9,Poor,High
STU100413,18,Male,CSE,7,74.8,70.5,79.6,56.9,12,7.5,55.7,15,15.0,30,68.3,6.35,2,2,12.0,Yes,70.5,55.1,Average,Medium
STU100414,19,Male,CSE,5,76.5,68.1,78.8,70.8,12,12.8,64.7,25,15.0,45,,7.21,0,1,7.0,No,75.2,70.5,Good,Low
STU100415,19,Male,AI&DS,8,69.7,59.6,77.6,71.5,14,14.6,68.7,24,18.0,34,72.9,7.38,2,1,13.0,No,67.1,60.1,Average,Medium
STU100416,18,Male,CSE,5,68.1,76.9,64.3,59.7,14,12.8,61.4,23,16.0,25,56.9,5.85,1,2,6.0,No,65.5,70.9,Good,Low
STU100417,24,Female,MECH,2,95.0,82.8,80.8,76.2,17,12.8,91.3,34,15.0,47,86.5,7.27,1,5,18.0,No,85.5,64.0,Average,Medium
STU100418,18,Female,AI&DS,3,80.2,63.2,73.7,71.4,15,14.5,77.0,32,22.0,42,70.9,8.77,1,1,11.0,No,62.2,81.3,Excellent,Low
STU100419,19,Female,CSE,5,76.8,68.0,70.5,68.3,11,9.8,53.8,26,16.0,48,70.0,5.42,2,4,10.0,No,,51.8,Average,Medium
STU100420,23,Female,ECE,7,75.5,80.8,79.9,62.7,16,18.2,70.9,36,23.0,54,74.1,8.15,1,3,12.0,No,76.1,73.4,Good,Low
STU100421,24,Female,CIVIL,3,85.4,66.4,59.0,53.2,10,17.5,73.3,30,17.0,19,56.2,6.72,2,1,11.0,Yes,75.2,66.3,Good,Low
STU100422,19,Female,AI&DS,7,70.5,46.2,56.4,50.1,7,9.3,30.9,23,14.0,13,44.2,6.36,1,4,9.0,No,51.6,47.9,Poor,High
STU100423,20,Male,IT,8,73.1,51.5,70.1,59.2,11,15.1,54.2,25,15.0,43,49.6,6.61,2,1,9.0,No,54.9,61.4,Average,Medium
STU100424,19,Male,CIVIL,3,72.2,25.5,74.7,64.0,14,7.8,73.1,33,15.0,21,45.9,4.61,1,0,14.0,Yes,51.7,54.3,Average,Medium
STU100425,19,Female,IT,5,69.4,49.0,57.0,42.0,10,10.2,59.0,16,11.0,38,58.6,6.76,1,3,11.0,Yes,55.0,43.4,Poor,High
STU100426,24,Male,MECH,8,70.1,43.1,59.6,56.4,10,17.4,58.4,26,20.0,13,77.9,6.37,0,3,9.0,Yes,56.6,46.3,Poor,High
STU100427,20,Male,CIVIL,4,83.5,67.6,69.9,70.3,14,15.0,75.8,26,20.0,57,73.5,7.5,2,1,9.0,No,73.4,62.7,Average,Medium
STU100428,22,Male,AI&DS,4,85.0,83.3,77.5,67.5,14,21.1,94.5,33,21.0,49,81.7,8.45,0,4,13.0,No,77.7,77.6,Good,Low
STU100429,19,Female,MECH,5,70.8,41.9,60.0,42.4,14,7.7,59.6,33,20.0,46,88.4,5.8,1,3,12.0,No,46.2,45.1,Poor,High
STU100430,19,Male,AI&DS,5,78.3,81.4,95.1,50.3,16,15.6,67.5,26,22.0,46,68.3,6.16,1,0,12.0,No,68.6,49.6,Poor,High
STU100431,20,Female,CSE,4,61.2,66.4,63.2,53.8,8,6.5,69.1,20,9.0,42,69.4,5.86,2,3,7.0,Yes,61.4,54.2,Average,Medium
STU100432,22,Male,IT,5,94.1,74.7,100.0,57.7,16,16.7,82.6,28,21.0,53,85.9,7.25,0,1,14.0,No,78.3,80.9,Excellent,Low
STU100433,24,Female,EEE,3,74.9,66.4,61.9,67.5,7,13.2,53.7,27,12.0,29,56.3,6.04,1,4,11.0,Yes,71.6,57.0,Average,Medium
STU100434,19,Female,CSE,7,73.4,32.8,66.4,43.6,7,10.7,50.6,26,13.0,8,38.9,5.24,3,4,5.0,Yes,54.0,31.9,Poor,High
STU100435,22,Female,CSE,6,86.9,73.3,64.4,68.2,15,13.5,78.1,23,17.0,28,75.4,7.53,1,3,6.0,No,75.0,67.2,Good,Low
STU100436,21,Female,ECE,3,84.2,49.2,88.1,48.4,19,12.2,76.5,31,12.0,27,93.3,5.19,1,3,10.0,No,57.9,52.7,Average,Medium
STU100437,23,Female,CIVIL,7,74.1,44.9,67.8,59.1,9,15.7,73.7,43,15.0,28,75.3,6.41,1,0,6.0,Yes,71.1,53.9,Average,Medium
STU100438,20,Male,IT,3,63.7,40.9,55.5,43.3,7,5.5,38.3,17,9.0,35,37.6,5.24,2,3,3.0,Yes,43.6,38.1,Poor,High
STU100439,20,Male,CSE,5,66.6,55.5,77.5,59.8,7,3.3,63.0,26,21.0,31,72.7,6.95,2,2,4.0,No,73.8,47.9,Poor,High
STU100440,22,Female,CSE,8,80.5,67.0,81.3,74.2,12,12.1,82.3,28,19.0,41,62.3,7.04,1,5,14.0,No,78.7,59.6,Average,Medium
STU100441,21,Female,CSE,6,80.6,61.0,59.3,48.3,9,14.6,60.6,25,22.0,15,60.8,5.74,0,3,3.0,No,67.8,54.4,Average,Medium
STU100442,23,Female,MECH,8,89.1,59.1,78.8,62.2,15,15.1,92.1,39,21.0,42,67.0,7.44,1,2,18.0,No,80.0,74.1,Good,Low
STU100443,18,Other,ECE,6,85.3,69.3,90.6,78.3,18,11.7,79.6,41,21.0,46,83.4,6.21,2,3,9.0,No,79.8,77.5,Good,Low
STU100444,20,Female,MECH,7,77.7,70.2,73.9,86.5,16,16.7,68.3,25,19.0,46,68.1,8.14,1,2,14.0,Yes,80.7,69.2,Good,Low
STU100445,19,Female,EEE,5,68.0,60.3,69.6,48.9,11,10.7,56.4,32,17.0,25,44.9,5.81,0,1,9.0,Yes,60.4,55.3,Average,Medium
STU100446,19,Female,CSE,3,64.2,46.6,65.7,38.3,12,3.9,54.5,22,15.0,35,58.5,5.49,1,3,11.0,Yes,43.6,46.3,Poor,High
STU100447,18,Male,AI&DS,3,82.9,62.1,97.7,66.4,17,16.1,94.4,35,21.0,58,75.6,6.36,0,2,16.0,No,75.8,76.9,Good,Low
STU100448,20,Female,AI&DS,6,80.0,56.8,80.4,59.9,11,15.5,69.5,26,17.0,35,57.2,5.18,1,5,8.0,Yes,58.0,53.1,Average,Medium
STU100449,19,Female,MECH,3,60.5,79.6,74.5,55.5,11,15.6,48.8,28,14.0,17,47.2,8.36,1,4,14.0,Yes,60.2,50.3,Average,Medium
STU100450,23,Female,EEE,5,80.0,76.0,66.3,68.6,17,10.2,73.8,33,23.0,55,76.9,7.57,1,0,11.0,No,75.4,65.3,Good,Low
STU100451,21,Male,IT,5,79.5,54.1,82.0,60.3,20,19.1,93.2,36,24.0,43,68.2,6.89,1,3,11.0,No,60.2,67.9,Good,Low
STU100452,23,Female,CSE,2,90.9,60.2,71.1,56.4,14,10.7,53.4,23,19.0,47,62.6,7.61,2,4,14.0,No,61.7,58.9,Average,Medium
STU100453,24,Female,IT,7,73.2,75.5,84.0,78.3,13,18.1,66.4,29,26.0,34,57.4,8.05,0,1,11.0,Yes,87.1,73.8,Good,Low
STU100454,23,Male,AI&DS,2,87.8,94.0,90.3,83.3,12,21.8,89.4,37,23.0,69,72.5,7.96,0,1,13.0,Yes,96.6,84.4,Excellent,Low
STU100455,20,Male,AI&DS,4,65.6,67.1,63.2,56.3,12,14.3,57.7,19,19.0,29,55.4,6.19,0,2,9.0,No,60.6,71.3,Good,Low
STU100456,24,Female,CSE,7,82.8,53.3,57.5,77.1,15,12.2,43.2,21,16.0,58,65.0,6.45,2,1,11.0,No,67.4,60.2,Average,Medium
STU100457,20,Female,AI&DS,2,74.7,78.0,76.7,68.9,16,10.3,64.5,35,22.0,40,74.3,8.34,0,1,15.0,No,78.9,68.4,Good,Low
STU100458,23,Female,CSE,2,81.6,65.0,65.9,49.6,12,14.4,44.4,13,12.0,30,53.7,5.61,1,3,9.0,Yes,80.1,59.0,Average,Medium
STU100459,19,Female,CSE,7,,65.5,62.5,54.9,11,9.0,40.7,21,19.0,15,43.0,6.34,0,4,7.0,No,60.8,46.9,Poor,High
STU100460,24,Male,EEE,3,78.2,56.1,58.1,68.9,14,15.8,77.4,23,16.0,35,51.0,6.91,1,2,12.0,No,62.6,57.4,Average,Medium
STU100461,20,Male,CIVIL,8,81.5,76.1,56.3,51.3,9,18.7,71.9,24,15.0,33,70.0,6.49,2,0,5.0,Yes,63.8,70.8,Good,Low
STU100462,22,Female,MECH,3,57.2,53.7,49.2,52.4,13,5.6,66.0,23,14.0,34,58.1,5.89,2,3,9.0,No,59.9,49.7,Poor,High
STU100463,20,Male,CIVIL,3,65.4,44.0,33.2,31.4,8,4.0,32.5,20,7.0,13,20.7,5.8,2,6,3.0,No,47.9,37.2,Poor,High
STU100464,19,Male,MECH,6,63.6,47.4,41.1,21.7,10,4.9,41.8,18,16.0,18,45.1,4.67,1,6,5.0,No,48.3,33.2,Poor,High
STU100465,20,Male,IT,8,64.6,51.5,64.0,43.5,11,12.6,68.8,16,16.0,41,57.1,5.75,3,1,10.0,Yes,45.4,57.2,Average,Medium
STU100466,22,Male,CSE,7,72.2,59.8,80.6,50.4,13,,48.7,26,23.0,29,51.5,6.71,1,3,12.0,No,68.6,52.4,Average,Medium
STU100467,18,Male,IT,6,61.3,64.9,40.1,59.4,11,11.5,68.8,23,13.0,25,69.2,6.82,1,2,4.0,Yes,62.7,39.7,Poor,High
STU100468,19,Female,ECE,3,86.1,79.2,73.4,69.4,13,17.1,78.7,26,19.0,46,51.2,7.88,0,0,11.0,No,79.1,69.0,Good,Low
STU100469,24,Male,ECE,2,80.1,68.1,88.6,52.5,13,20.0,78.0,30,21.0,44,82.9,7.09,2,1,9.0,No,64.4,62.4,Average,Medium
STU100470,18,Female,EEE,7,55.6,58.6,67.4,32.9,10,9.3,57.6,22,17.0,30,53.2,5.12,1,5,11.0,Yes,46.1,54.5,Average,Medium
STU100471,23,Male,CSE,2,69.8,81.9,81.5,65.6,14,12.9,59.5,35,21.0,41,59.2,7.04,3,2,8.0,No,63.9,54.7,Average,Medium
STU100472,20,Female,CSE,3,60.9,38.2,61.0,58.2,8,7.4,58.9,15,14.0,17,53.1,6.11,1,3,5.0,Yes,59.9,53.3,Average,Medium
STU100473,20,Male,ECE,5,64.6,66.4,65.3,58.8,10,8.9,76.9,23,14.0,52,52.2,6.65,0,4,12.0,Yes,63.6,58.0,Average,Medium
STU100474,20,Male,CIVIL,4,82.2,68.0,90.6,61.2,18,18.1,81.5,28,21.0,40,89.9,5.91,2,3,13.0,Yes,60.8,61.5,Average,Medium
STU100475,20,Male,IT,8,79.4,67.4,99.8,69.3,17,14.6,77.1,33,18.0,32,82.1,6.69,2,1,12.0,Yes,67.7,74.6,Good,Low
STU100476,22,Female,CSE,3,70.0,56.9,61.9,35.4,9,10.0,57.5,13,11.0,26,47.4,6.91,1,4,5.0,Yes,42.3,45.9,Poor,High
STU100477,23,Female,AI&DS,6,82.2,83.8,91.8,53.0,17,11.9,76.5,27,15.0,33,76.9,7.4,1,0,14.0,No,61.3,72.4,Good,Low
STU100478,20,Female,EEE,5,85.9,61.1,93.5,39.3,14,10.6,79.0,29,16.0,35,81.0,5.45,3,4,9.0,No,60.4,58.5,Average,Medium
STU100479,19,Male,AI&DS,3,84.5,59.3,90.6,54.8,10,12.3,72.7,23,14.0,39,46.9,5.76,2,2,8.0,No,67.2,67.4,Good,Low
STU100480,18,Male,AI&DS,8,100.0,90.4,81.9,91.6,17,16.9,85.5,32,21.0,52,93.9,9.31,0,1,13.0,Yes,100.0,89.4,Excellent,Low
STU100481,23,Female,AI&DS,7,73.7,76.1,66.8,52.2,10,11.0,63.5,24,20.0,29,55.3,7.34,0,2,10.0,No,61.4,53.8,Average,Medium
STU100482,24,Male,MECH,7,70.7,84.1,67.8,66.7,14,17.9,67.2,21,18.0,35,72.8,8.1,0,0,12.0,Yes,81.6,68.6,Good,Low
STU100483,18,Female,CSE,5,63.2,49.6,62.5,66.6,14,9.0,70.8,28,12.0,40,60.7,5.92,1,2,10.0,No,63.2,34.6,Poor,High
STU100484,22,Female,CSE,3,82.9,75.8,75.6,64.6,16,14.4,77.7,34,17.0,37,70.3,7.69,0,2,10.0,Yes,76.2,76.5,Good,Low
STU100485,19,Female,CSE,6,66.7,49.8,64.8,60.7,12,14.4,60.3,23,14.0,27,53.1,5.29,2,2,4.0,Yes,54.3,47.3,Poor,High
STU100486,19,Male,ECE,8,70.8,63.8,63.1,61.7,13,11.0,76.4,17,21.0,44,74.7,6.41,1,1,11.0,No,65.1,71.4,Good,Low
STU100487,23,Male,AI&DS,3,62.6,49.4,64.6,39.8,10,7.4,56.8,22,17.0,37,61.3,5.71,3,3,8.0,Yes,54.0,45.8,Poor,High
STU100488,19,Male,EEE,6,76.0,72.7,78.7,79.3,13,18.5,69.1,23,16.0,30,53.6,7.88,1,0,8.0,No,72.2,70.6,Good,Low
STU100489,20,Female,IT,8,71.0,51.2,64.0,41.0,11,11.1,56.2,17,19.0,12,52.7,6.5,2,2,3.0,Yes,65.4,52.1,Average,Medium
STU100490,18,Female,AI&DS,5,66.0,58.5,68.5,79.2,10,13.0,47.3,18,10.0,26,39.9,8.64,2,1,11.0,Yes,62.1,53.6,Average,Medium
STU100491,24,Male,CSE,2,82.2,80.4,84.1,76.4,16,19.4,84.9,38,17.0,50,66.3,6.8,1,0,14.0,No,80.3,77.2,Good,Low
STU100492,24,Female,CSE,8,86.3,70.4,85.5,70.7,13,14.9,59.9,45,22.0,52,99.5,7.48,1,4,16.0,No,74.3,76.1,Good,Low
STU100493,24,Male,IT,2,76.8,68.2,61.5,44.2,10,13.0,70.9,32,13.0,29,62.6,6.58,2,1,10.0,No,67.8,46.5,Poor,High
STU100494,19,Male,ECE,7,70.2,61.5,61.7,69.0,12,8.4,59.0,27,16.0,46,55.5,6.67,2,0,6.0,No,69.6,60.1,Average,Medium
STU100495,19,Male,CIVIL,5,62.5,46.8,70.9,54.5,11,8.9,66.5,29,13.0,24,59.7,6.08,2,6,5.0,No,54.3,46.7,Poor,High
STU100496,24,Female,CIVIL,7,88.9,80.3,68.1,66.7,14,22.6,53.7,36,23.0,31,65.2,8.41,1,0,12.0,No,73.0,76.5,Good,Low
STU100497,22,Male,IT,6,76.5,57.9,69.4,30.9,12,5.2,54.3,23,12.0,41,59.3,4.9,3,2,12.0,No,50.0,39.0,Poor,High
STU100498,19,Male,CIVIL,3,76.7,57.6,75.1,68.7,14,13.3,81.5,23,27.0,55,67.2,5.64,1,3,12.0,No,61.2,71.4,Good,Low
STU100499,18,Male,AI&DS,2,64.0,49.2,48.6,50.5,12,13.9,61.1,20,17.0,21,61.7,5.56,1,2,11.0,No,48.9,51.9,Average,Medium
STU100500,23,Male,EEE,2,63.6,44.0,52.6,30.3,14,10.2,49.7,10,19.0,34,64.1,5.79,3,3,2.0,Yes,45.0,36.5,Poor,High
STU100501,23,Male,IT,3,73.8,92.7,85.3,68.5,14,17.9,82.6,28,22.0,33,81.1,7.99,1,1,8.0,No,78.2,74.8,Good,Low
STU100502,18,Male,EEE,8,78.6,71.3,100.0,66.8,11,14.4,62.7,31,18.0,56,86.6,6.65,0,2,13.0,No,75.2,73.4,Good,Low
STU100503,21,Female,CIVIL,2,67.8,57.4,83.1,53.2,11,9.8,55.5,12,12.0,32,50.6,4.57,2,3,9.0,No,61.4,58.6,Average,Medium
STU100504,21,Female,IT,6,60.9,30.7,45.7,41.5,9,7.2,34.8,17,8.0,18,33.6,6.73,0,6,3.0,Yes,43.2,34.5,Poor,High
STU100505,21,Male,EEE,4,55.7,51.8,62.6,28.8,9,7.7,46.4,13,7.0,1,39.0,4.06,3,5,8.0,Yes,52.8,41.2,Poor,High
STU100506,20,Female,MECH,7,64.2,51.5,56.7,58.3,10,14.7,51.6,13,19.0,41,55.4,7.45,1,4,4.0,Yes,66.5,55.0,Average,Medium
STU100507,20,Female,EEE,6,68.5,96.0,75.3,100.0,14,19.4,75.1,32,19.0,53,71.7,9.03,0,4,13.0,No,81.0,82.1,Excellent,Low
STU100508,20,Female,AI&DS,7,85.2,64.9,85.0,57.9,12,13.6,55.8,13,9.0,35,47.8,7.46,1,3,8.0,No,59.9,73.5,Good,Low
STU100509,24,Male,AI&DS,7,83.5,58.4,71.5,62.8,12,11.8,59.8,34,14.0,42,79.6,5.25,1,2,8.0,No,64.3,59.7,Average,Medium
STU100510,24,Female,EEE,8,67.8,61.2,72.5,79.4,13,15.8,64.5,18,15.0,42,65.3,8.31,1,4,11.0,No,63.3,53.4,Average,Medium
STU100511,18,Female,IT,7,62.9,39.2,41.0,54.1,6,9.3,42.9,9,8.0,6,25.0,5.17,1,8,4.0,Yes,48.5,36.5,Poor,High
STU100512,23,Male,IT,4,65.2,56.4,54.8,61.4,11,10.7,55.6,19,14.0,41,55.8,6.38,0,2,1.0,No,59.4,59.3,Average,Medium
STU100513,22,Female,CSE,8,75.6,63.7,64.0,65.7,10,10.0,55.6,25,16.0,27,70.6,7.23,1,2,9.0,No,69.7,54.2,Average,Medium
STU100514,19,Male,CIVIL,4,70.5,59.6,72.4,61.0,10,16.3,60.1,20,19.0,28,83.0,5.82,0,0,10.0,No,58.9,62.8,Average,Medium
STU100515,19,Female,CSE,6,80.2,60.3,86.0,85.2,13,15.0,65.9,24,22.0,43,77.8,8.37,0,2,9.0,No,72.1,69.7,Good,Low
STU100516,23,Female,EEE,3,57.3,65.4,72.0,55.1,7,13.2,50.4,17,4.0,15,54.9,6.17,1,5,8.0,No,60.9,43.4,Poor,High
STU100517,20,Male,IT,7,64.5,53.4,60.1,58.4,6,12.4,51.8,16,9.0,22,56.0,7.39,1,3,7.0,Yes,63.1,50.3,Average,Medium
STU100518,18,Male,IT,2,74.7,52.9,77.1,46.3,7,8.5,37.1,19,13.0,20,51.1,6.09,1,4,5.0,Yes,52.5,64.1,Average,Medium
STU100519,24,Female,EEE,8,63.0,58.2,69.6,91.1,11,16.5,69.6,35,20.0,33,71.4,8.35,0,4,11.0,Yes,73.2,54.3,Average,Medium
STU100520,24,Male,EEE,5,90.3,89.5,89.2,91.3,17,14.8,95.5,32,23.0,48,78.0,7.05,0,0,10.0,No,84.3,67.6,Good,Low
STU100521,20,Female,AI&DS,7,76.8,67.4,72.3,42.6,11,8.3,56.3,20,11.0,33,49.4,5.04,2,0,9.0,Yes,60.3,57.1,Average,Medium
STU100522,20,Female,MECH,5,74.8,62.3,72.9,37.1,12,16.8,55.7,21,15.0,41,55.9,6.0,2,3,10.0,Yes,53.5,61.3,Average,Medium
STU100523,20,Male,AI&DS,2,90.2,74.5,88.6,71.7,13,20.2,67.6,33,21.0,50,76.2,6.49,1,2,19.0,No,72.5,75.6,Good,Low
STU100524,19,Female,CSE,2,67.2,54.8,74.1,57.1,8,13.6,79.0,23,17.0,47,64.9,5.13,0,2,10.0,No,55.1,47.5,Poor,High
STU100525,18,Female,CIVIL,8,92.5,77.0,84.6,80.2,18,14.3,100.0,25,22.0,43,94.8,7.26,1,2,12.0,No,80.7,79.4,Good,Low
STU100526,19,Female,CSE,6,86.0,59.2,69.0,40.2,11,12.8,74.0,21,17.0,46,40.3,6.14,1,2,4.0,Yes,54.5,47.3,Poor,High
STU100527,20,Male,MECH,2,79.5,81.3,70.6,68.0,14,16.7,90.8,27,20.0,42,,6.9,0,3,13.0,No,67.7,73.3,Good,Low
STU100528,19,Male,ECE,4,76.4,72.8,94.8,77.7,15,14.2,79.7,32,20.0,70,100.0,,1,2,14.0,No,81.9,77.5,Good,Low
STU100529,18,Male,CSE,6,63.3,45.8,62.5,67.2,10,11.9,47.1,16,17.0,27,52.0,7.34,1,4,1.0,Yes,63.2,51.7,Average,Medium
STU100530,24,Female,CSE,5,82.4,84.6,75.8,70.9,17,13.0,100.0,38,21.0,59,67.1,6.96,0,1,12.0,No,79.0,72.6,Good,Low
STU100531,24,Male,CSE,2,81.1,65.2,65.3,66.0,11,6.5,66.6,28,20.0,25,49.7,6.8,0,0,8.0,No,59.6,66.4,Good,Low
STU100532,20,Male,CSE,5,52.6,46.9,64.1,60.2,8,11.0,53.3,21,8.0,22,72.5,6.16,1,4,14.0,Yes,51.6,45.7,Poor,High
STU100533,22,Male,EEE,3,73.3,51.1,77.9,75.5,12,12.3,66.1,26,15.0,54,59.4,6.34,1,7,7.0,No,75.5,45.0,Poor,High
STU100534,18,Female,EEE,4,77.6,70.0,90.3,62.8,12,15.9,59.4,34,16.0,32,57.4,7.96,1,2,10.0,No,67.5,59.0,Average,Medium
STU100535,24,Male,ECE,6,78.2,52.2,58.2,37.2,12,12.5,59.2,24,17.0,27,48.4,5.73,1,1,8.0,Yes,40.1,41.8,Poor,High
STU100536,23,Female,CIVIL,6,65.5,58.2,72.8,63.5,10,15.3,52.3,30,14.0,26,50.4,7.29,2,6,9.0,No,63.7,47.5,Poor,High
STU100537,19,Male,MECH,2,70.9,56.3,67.3,63.0,9,15.4,67.1,24,15.0,34,78.1,6.12,1,6,11.0,Yes,66.3,50.7,Average,Medium
STU100538,19,Female,MECH,5,72.3,76.5,92.3,64.6,17,20.2,76.2,39,22.0,72,90.7,8.05,1,4,15.0,No,73.0,68.1,Good,Low
STU100539,20,Female,EEE,3,55.9,44.4,55.1,37.3,9,5.7,42.3,19,14.0,28,57.5,4.42,3,4,6.0,No,46.3,51.0,Average,Medium
STU100540,18,Female,MECH,5,55.9,52.2,55.9,52.3,10,10.3,48.3,28,14.0,27,61.7,6.44,2,3,6.0,Yes,59.7,50.3,Average,Medium
STU100541,20,Female,AI&DS,7,58.3,29.3,63.9,55.8,8,8.6,59.3,30,12.0,25,69.8,5.82,1,3,6.0,Yes,53.5,44.8,Poor,High
STU100542,22,Male,AI&DS,4,91.1,58.9,47.1,43.9,12,6.6,47.7,21,14.0,23,75.5,6.07,0,2,13.0,Yes,56.3,59.6,Average,Medium
STU100543,23,Male,AI&DS,6,66.3,51.8,61.4,60.1,10,16.5,70.0,18,16.0,36,63.7,6.62,0,3,9.0,No,44.0,64.0,Average,Medium
STU100544,18,Male,MECH,2,73.9,55.9,66.7,64.6,16,14.9,69.7,29,17.0,43,66.7,5.86,0,2,12.0,No,68.4,63.8,Average,Medium
STU100545,20,Male,ECE,5,65.0,49.7,64.8,54.9,10,6.9,77.1,29,18.0,49,90.1,6.64,0,3,12.0,Yes,51.9,53.9,Average,Medium
STU100546,23,Female,IT,7,71.3,66.5,57.3,48.8,12,17.9,48.7,25,,24,51.2,7.4,1,3,4.0,Yes,50.5,54.8,Average,Medium
STU100547,24,Male,CSE,6,82.1,60.1,75.4,77.3,13,13.8,63.6,24,18.0,39,75.7,7.29,0,1,14.0,No,78.1,74.9,Good,Low
STU100548,21,Female,AI&DS,8,66.1,61.7,64.1,59.2,13,10.0,72.0,30,15.0,25,61.3,4.44,1,1,9.0,Yes,60.3,71.6,Good,Low
STU100549,23,Male,CSE,7,98.6,64.9,82.9,78.1,11,16.2,65.8,33,19.0,43,76.1,7.94,1,0,12.0,Yes,79.8,77.2,Good,Low
STU100550,19,Female,CIVIL,2,94.7,56.5,87.3,77.4,17,15.5,79.4,33,28.0,43,83.5,6.86,1,1,15.0,Yes,78.5,72.0,Good,Low
STU100551,24,Female,ECE,2,70.6,64.9,64.1,63.0,9,22.0,71.3,29,16.0,38,65.1,7.18,1,2,7.0,No,60.3,66.1,Good,Low
STU100552,21,Female,EEE,4,86.1,59.6,73.9,60.5,13,14.4,54.8,30,19.0,45,72.4,6.55,1,0,11.0,No,60.6,69.0,Good,Low
STU100553,22,Male,EEE,7,73.3,77.6,72.5,56.8,14,13.2,59.7,14,13.0,48,59.2,6.72,1,2,11.0,No,81.4,48.9,Poor,High
STU100554,19,Female,CSE,7,82.9,80.1,75.3,76.5,17,19.7,84.8,36,22.0,52,67.1,6.95,0,2,20.0,No,83.7,76.4,Good,Low
STU100555,19,Female,CIVIL,7,76.1,74.2,78.2,55.3,14,11.2,63.5,24,19.0,45,83.5,6.3,1,3,9.0,No,66.9,52.6,Average,Medium
STU100556,21,Male,CIVIL,6,62.3,58.2,68.7,46.8,12,13.3,35.2,27,15.0,29,50.5,5.64,4,3,10.0,No,,50.3,Average,Medium
STU100557,21,Female,EEE,6,72.4,57.7,67.6,57.8,10,7.9,53.3,17,11.0,12,52.9,4.79,2,5,10.0,No,52.2,43.1,Poor,High
STU100558,22,Female,AI&DS,4,69.2,51.4,61.5,42.2,16,12.9,56.7,24,21.0,35,81.9,6.82,2,3,7.0,No,66.6,54.8,Average,Medium
STU100559,23,Male,MECH,6,69.9,68.1,55.1,58.7,8,5.4,35.8,23,9.0,44,48.8,5.27,0,1,8.0,No,64.3,71.5,Good,Low
STU100560,23,Male,MECH,6,68.2,45.2,72.8,55.8,12,8.7,45.7,8,14.0,35,56.8,6.98,2,3,10.0,Yes,54.0,45.7,Poor,High
STU100561,20,Male,IT,2,87.1,44.1,73.9,67.2,15,12.2,79.3,26,16.0,37,68.7,6.41,0,2,17.0,Yes,82.2,68.3,Good,Low
STU100562,21,Male,CSE,8,63.7,65.2,64.1,67.8,14,10.8,72.3,34,18.0,40,91.1,7.15,0,2,8.0,No,68.0,59.9,Average,Medium
STU100563,18,Female,IT,7,86.1,56.0,57.9,62.7,10,7.6,58.2,23,18.0,28,53.8,6.85,2,3,10.0,No,63.1,58.5,Average,Medium
STU100564,23,Female,IT,3,71.5,58.2,64.3,48.2,12,3.5,70.5,16,16.0,37,49.3,5.49,3,0,14.0,Yes,49.8,40.6,Poor,High
STU100565,18,Male,AI&DS,4,70.3,70.6,63.6,58.4,12,14.1,64.9,19,11.0,35,32.2,7.74,0,5,6.0,No,65.5,48.1,Poor,High
STU100566,18,Female,MECH,6,80.1,65.6,73.4,61.1,11,9.9,49.4,17,21.0,22,66.7,8.51,0,3,12.0,No,,65.5,Good,Low
STU100567,21,Female,AI&DS,3,78.0,59.0,68.1,46.3,8,18.4,58.0,22,19.0,41,68.0,6.74,1,1,13.0,Yes,50.9,68.0,Good,Low
STU100568,24,Male,AI&DS,7,61.8,59.8,54.6,56.8,13,10.0,39.2,20,13.0,36,55.9,5.8,0,1,13.0,No,69.6,59.1,Average,Medium
STU100569,20,Female,EEE,5,75.0,65.8,83.3,53.9,12,16.8,71.7,32,15.0,34,57.1,7.27,1,3,6.0,No,66.3,59.4,Average,Medium
STU100570,19,Female,CSE,2,57.3,62.7,67.4,65.6,11,14.0,53.0,16,15.0,34,53.2,7.24,1,2,8.0,No,58.4,44.4,Poor,High
STU100571,19,Male,CSE,6,71.3,47.9,74.8,47.9,12,6.9,68.7,10,7.0,11,65.9,5.08,1,5,9.0,No,65.0,59.3,Average,Medium
STU100572,23,Male,MECH,8,76.1,75.9,61.9,62.2,12,11.6,61.8,25,15.0,51,58.8,6.34,0,2,12.0,Yes,72.0,68.0,Good,Low
STU100573,22,Female,IT,4,74.4,76.1,63.5,53.0,10,16.0,48.2,18,12.0,13,47.6,,0,3,2.0,No,61.3,64.0,Average,Medium
STU100574,21,Male,CSE,8,54.3,40.6,64.3,40.0,10,11.8,52.1,15,15.0,23,27.3,6.02,2,6,10.0,Yes,40.0,40.5,Poor,High
STU100575,24,Male,CSE,7,67.9,65.7,62.6,50.5,9,16.6,67.2,18,10.0,26,56.5,7.58,2,3,5.0,No,65.4,57.1,Average,Medium
STU100576,18,Female,CSE,7,72.1,44.2,66.4,36.9,11,7.7,75.7,30,14.0,24,57.8,5.36,2,2,6.0,No,48.4,37.6,Poor,High
STU100577,22,Female,CSE,4,86.5,66.3,73.3,69.1,9,18.5,58.5,17,17.0,35,64.0,8.18,0,1,12.0,No,78.2,65.7,Good,Low
STU100578,20,Female,IT,5,77.1,48.7,54.7,71.7,8,14.0,68.9,27,20.0,35,74.0,7.98,0,4,10.0,Yes,57.8,59.2,Average,Medium
STU100579,19,Male,ECE,3,70.7,58.5,71.5,77.9,13,15.7,67.9,37,24.0,38,76.0,4.93,2,5,17.0,No,62.6,56.4,Average,Medium
STU100580,24,Female,MECH,6,97.9,70.0,86.2,84.0,14,19.4,100.0,44,25.0,38,76.5,6.75,2,0,14.0,No,89.0,72.0,Good,Low
STU100581,24,Female,ECE,8,49.4,47.0,40.7,43.6,1,1.0,35.6,9,6.0,6,22.9,4.0,1,4,2.0,No,34.3,24.7,Poor,High
STU100582,23,Male,IT,6,72.5,61.8,61.7,46.3,10,11.4,53.6,14,16.0,41,64.8,4.9,1,2,8.0,Yes,54.6,46.9,Poor,High
STU100583,19,Male,ECE,8,69.2,61.9,48.7,41.3,14,7.7,59.1,22,16.0,32,45.1,5.19,1,4,4.0,No,61.8,49.4,Poor,High
STU100584,23,Male,IT,3,67.5,59.6,56.9,47.0,6,13.2,54.3,21,9.0,10,54.1,5.53,2,6,8.0,No,61.4,53.6,Average,Medium
STU100585,20,Female,EEE,6,67.9,76.2,66.9,64.5,13,11.0,59.4,28,19.0,37,67.0,6.78,2,4,13.0,No,71.6,64.2,Average,Medium
STU100586,20,Female,IT,4,84.7,86.9,89.2,,13,19.6,80.3,34,22.0,56,92.0,8.5,0,2,17.0,No,89.7,86.1,Excellent,Low
STU100587,19,Female,ECE,5,73.0,62.0,56.8,52.5,11,11.8,47.8,19,13.0,24,47.1,5.94,2,4,10.0,No,71.5,54.7,Average,Medium
STU100588,22,Male,IT,2,76.6,43.3,59.5,55.3,10,10.3,60.4,23,12.0,21,45.5,5.55,2,4,10.0,Yes,46.6,44.6,Poor,High
STU100589,24,Male,AI&DS,4,71.6,63.5,79.0,47.6,12,17.2,66.8,32,19.0,52,71.7,6.38,1,0,11.0,No,52.3,64.2,Average,Medium
STU100590,19,Female,MECH,4,87.4,73.0,67.5,82.7,9,17.9,45.0,27,12.0,19,48.0,8.04,0,3,11.0,No,75.7,66.7,Good,Low
STU100591,21,Male,EEE,5,55.5,44.1,60.7,53.5,6,13.5,59.1,15,10.0,26,41.7,5.78,3,8,8.0,No,52.7,47.0,Poor,High
STU100592,22,Male,ECE,7,72.5,64.1,65.4,55.0,12,10.0,60.9,25,14.0,16,52.9,6.18,1,1,8.0,No,64.7,68.2,Good,Low
STU100593,22,Female,ECE,6,91.5,92.9,72.6,86.8,15,16.2,54.3,25,21.0,51,76.8,7.65,1,0,11.0,No,80.2,77.8,Good,Low
STU100594,19,Female,CSE,8,63.5,55.2,70.7,39.4,11,2.8,57.9,27,12.0,15,54.1,5.72,3,6,6.0,Yes,60.7,36.7,Poor,High
STU100595,18,Female,IT,3,67.9,61.9,66.7,46.0,10,9.2,37.5,30,14.0,31,55.6,5.94,2,2,5.0,Yes,59.4,43.8,Poor,High
STU100596,23,Male,ECE,4,66.1,58.5,47.6,53.3,8,8.1,51.3,23,16.0,49,47.9,6.88,1,3,11.0,No,72.3,57.8,Average,Medium
STU100597,22,Female,CSE,5,72.5,57.9,47.3,47.6,9,7.5,64.4,15,13.0,31,53.8,6.51,2,4,10.0,Yes,66.6,38.0,Poor,High
STU100598,22,Female,MECH,6,92.2,80.3,100.0,58.0,12,12.2,81.2,39,22.0,56,69.9,7.06,1,2,13.0,No,79.6,75.2,Good,Low
STU100599,21,Female,MECH,7,70.4,69.3,72.6,87.0,11,12.3,58.8,37,9.0,44,80.5,5.56,0,5,11.0,No,65.6,65.3,Good,Low
STU100600,20,Male,CSE,6,67.3,47.1,50.7,45.9,7,8.0,34.2,14,16.0,25,31.9,5.03,2,5,10.0,Yes,43.4,37.1,Poor,High
STU100601,19,Male,AI&DS,8,76.4,88.8,61.2,67.1,13,16.8,87.6,28,25.0,32,60.3,8.15,0,2,12.0,No,76.0,78.4,Good,Low
STU100602,22,Male,EEE,5,71.1,61.0,63.0,71.7,11,14.1,76.7,23,17.0,46,62.9,6.23,2,5,12.0,No,60.9,58.0,Average,Medium
STU100603,23,Female,CIVIL,5,78.9,69.3,67.1,56.4,9,19.4,64.2,25,15.0,45,56.5,7.41,2,0,13.0,Yes,54.4,54.0,Average,Medium
STU100604,20,Female,AI&DS,6,75.5,50.4,60.2,50.6,12,7.3,56.3,27,15.0,21,50.3,4.89,0,6,7.0,No,54.0,50.8,Average,Medium
STU100605,18,Other,AI&DS,3,65.1,63.6,61.7,50.1,13,8.9,60.0,29,13.0,29,59.2,4.96,0,0,13.0,No,74.2,49.7,Poor,High
STU100606,19,Female,MECH,3,75.9,73.7,65.6,58.1,10,14.7,54.4,16,18.0,28,38.0,6.87,0,3,9.0,No,73.7,64.7,Average,Medium
STU100607,22,Male,CSE,4,100.0,82.5,90.1,72.1,16,17.5,85.5,35,25.0,43,85.7,7.18,0,1,16.0,No,,72.3,Good,Low
STU100608,19,Male,IT,2,67.4,73.2,76.6,57.0,10,19.3,64.5,24,12.0,30,42.1,6.56,1,3,8.0,No,66.5,68.0,Good,Low
STU100609,23,Male,CIVIL,4,60.8,39.7,62.0,25.0,8,8.1,35.5,15,8.0,27,71.5,5.53,1,0,3.0,No,41.0,47.8,Poor,High
STU100610,19,Female,IT,4,90.1,81.1,72.6,53.7,12,17.1,63.3,25,8.0,32,54.4,6.71,0,0,4.0,Yes,65.9,70.0,Good,Low
STU100611,21,Male,AI&DS,6,73.4,65.4,57.5,45.6,14,10.4,87.3,31,21.0,42,69.7,4.92,0,4,9.0,Yes,62.6,54.3,Average,Medium
STU100612,19,Male,CSE,8,62.2,57.9,56.5,56.7,10,12.8,51.6,26,8.0,23,45.9,7.47,0,6,9.0,Yes,53.2,44.8,Poor,High
STU100613,21,Female,EEE,5,62.9,52.4,62.2,34.8,9,10.5,40.8,22,10.0,32,50.2,5.39,2,3,5.0,Yes,41.7,35.4,Poor,High
STU100614,22,Female,CSE,8,75.2,64.9,59.0,61.7,9,12.3,67.3,20,14.0,44,60.5,6.88,0,3,6.0,Yes,61.9,60.8,Average,Medium
STU100615,23,Female,AI&DS,6,48.1,48.9,66.9,49.9,6,6.2,43.6,20,,49,35.7,5.31,0,3,8.0,Yes,37.0,34.8,Poor,High
STU100616,23,Male,ECE,6,72.7,40.8,57.3,25.9,12,10.1,39.0,15,8.0,15,54.1,4.69,1,5,5.0,No,43.7,42.0,Poor,High
STU100617,21,Female,ECE,7,68.9,75.8,65.6,57.0,14,17.5,50.8,38,18.0,29,70.6,6.39,1,4,14.0,Yes,64.3,53.5,Average,Medium
STU100618,21,Male,AI&DS,6,49.3,50.1,54.2,55.6,8,12.5,38.9,13,6.0,5,19.3,6.86,0,3,6.0,No,45.1,46.2,Poor,High
STU100619,20,Female,AI&DS,8,70.7,55.6,70.3,52.2,11,3.9,51.3,18,16.0,42,67.0,6.25,2,2,13.0,No,62.8,44.0,Poor,High
STU100620,24,Female,AI&DS,6,84.4,92.9,69.1,58.9,15,17.2,58.9,30,25.0,33,61.6,7.27,1,0,14.0,No,69.2,67.6,Good,Low
STU100621,23,Male,MECH,4,68.8,62.9,68.3,64.6,12,14.3,69.1,20,23.0,34,62.8,5.81,1,3,8.0,No,61.5,45.8,Poor,High
STU100622,24,Male,AI&DS,5,80.7,70.8,95.8,68.4,16,11.8,67.5,30,20.0,29,71.8,6.35,0,2,14.0,No,63.8,65.5,Good,Low
STU100623,23,Male,MECH,6,76.5,66.8,77.0,82.8,16,18.6,72.3,27,20.0,37,53.9,6.44,2,3,11.0,No,75.8,58.5,Average,Medium
STU100624,18,Male,MECH,4,69.4,46.6,81.4,70.8,16,10.2,71.2,31,16.0,37,55.3,5.49,2,1,12.0,Yes,58.1,54.8,Average,Medium
STU100625,19,Female,MECH,7,62.3,69.2,70.4,54.1,10,12.4,55.8,26,9.0,37,77.1,7.24,0,4,8.0,Yes,66.1,55.5,Average,Medium
STU100626,21,Male,IT,2,72.3,61.8,86.3,54.6,14,12.2,57.1,19,18.0,35,46.5,5.71,2,1,11.0,No,64.7,56.9,Average,Medium
STU100627,20,Male,IT,7,57.4,62.5,61.0,54.1,10,7.6,59.0,20,8.0,19,60.7,6.34,2,0,7.0,No,59.6,53.7,Average,Medium
STU100628,24,Female,CSE,2,59.1,73.1,74.9,82.4,12,19.5,49.5,26,19.0,43,60.9,7.66,1,4,13.0,Yes,73.8,56.3,Average,Medium
STU100629,21,Female,AI&DS,3,61.2,47.7,57.7,45.6,10,13.3,61.8,20,12.0,27,67.5,5.54,2,4,4.0,No,59.3,39.7,Poor,High
STU100630,19,Female,CIVIL,8,67.8,44.4,60.8,,9,3.1,54.8,14,13.0,26,68.7,4.0,2,6,9.0,Yes,55.1,39.8,Poor,High
STU100631,22,Female,CIVIL,7,83.9,70.5,81.6,,12,17.5,75.3,28,17.0,40,63.7,6.94,2,0,13.0,No,75.5,78.9,Good,Low
STU100632,20,Male,CSE,7,73.5,91.4,76.6,79.9,17,24.8,86.7,35,23.0,62,76.6,8.36,0,3,12.0,No,83.2,87.9,Excellent,Low
STU100633,18,Male,IT,8,67.4,55.1,61.3,42.8,7,14.2,62.4,23,11.0,36,59.9,6.05,0,3,5.0,Yes,57.9,54.1,Average,Medium
STU100634,24,Female,CIVIL,6,53.7,46.4,54.2,50.9,9,2.5,59.6,17,9.0,20,56.9,4.68,2,6,7.0,Yes,45.3,49.3,Poor,High
STU100635,24,Female,IT,2,67.1,78.3,50.3,63.4,9,15.7,51.0,18,13.0,17,45.4,5.66,2,3,10.0,Yes,61.5,60.4,Average,Medium
STU100636,23,Male,CSE,7,70.3,57.8,56.4,66.9,15,1.1,66.8,23,15.0,41,53.8,5.76,1,2,7.0,No,68.2,59.2,Average,Medium
STU100637,20,Other,ECE,3,79.8,62.5,81.9,34.8,12,14.5,72.9,17,17.0,19,84.7,6.88,1,1,7.0,Yes,64.3,62.3,Average,Medium
STU100638,23,Female,ECE,6,70.0,51.8,59.5,48.2,9,6.9,68.2,21,13.0,22,58.6,4.67,2,4,6.0,No,67.6,49.1,Poor,High
STU100639,20,Male,AI&DS,8,72.6,51.1,73.9,77.4,10,15.2,67.4,28,16.0,34,65.5,7.66,1,3,10.0,No,68.1,57.1,Average,Medium
STU100640,24,Female,AI&DS,6,78.2,72.1,62.3,50.3,11,14.7,61.3,18,13.0,27,66.1,6.31,0,2,6.0,No,68.8,53.4,Average,Medium
STU100641,24,Male,CSE,2,58.8,30.2,70.2,51.1,11,9.5,62.9,21,13.0,36,46.6,5.55,1,5,8.0,Yes,48.2,49.1,Poor,High
STU100642,19,Female,IT,7,94.1,77.7,84.5,66.0,14,17.5,89.1,32,21.0,60,97.0,7.28,0,3,15.0,Yes,93.4,82.4,Excellent,Low
STU100643,20,Male,ECE,7,63.6,78.5,98.4,71.1,14,17.3,71.5,33,20.0,55,51.0,6.58,0,0,14.0,Yes,82.0,71.7,Good,Low
STU100644,22,Female,EEE,2,80.4,58.6,76.3,50.3,6,11.4,51.5,10,11.0,18,63.7,8.04,0,2,12.0,No,54.4,49.5,Poor,High
STU100645,19,Female,AI&DS,8,71.4,61.7,80.0,71.4,10,16.0,67.8,24,16.0,49,71.8,7.34,2,3,10.0,No,74.7,61.6,Average,Medium
STU100646,23,Male,IT,3,71.3,50.1,59.9,65.3,13,12.1,45.1,30,17.0,21,66.0,5.45,0,2,10.0,Yes,49.3,56.0,Average,Medium
STU100647,22,Female,IT,2,79.3,65.8,56.2,64.6,9,11.7,56.9,30,16.0,41,56.8,7.56,3,1,10.0,No,85.7,47.7,Poor,High
STU100648,19,Male,MECH,5,75.9,40.3,67.0,62.5,11,9.0,67.8,28,17.0,28,51.9,4.62,4,0,8.0,Yes,56.6,55.1,Average,Medium
STU100649,23,Male,AI&DS,6,77.9,55.3,71.8,44.0,12,13.0,79.1,31,11.0,47,77.6,5.8,0,0,8.0,Yes,56.9,61.0,Average,Medium
STU100650,18,Male,AI&DS,2,71.7,55.8,58.2,49.0,14,10.1,56.5,16,18.0,35,83.7,5.52,1,4,9.0,Yes,36.7,57.0,Average,Medium
STU100651,20,Female,EEE,3,76.0,92.5,89.8,93.0,18,20.1,74.7,38,21.0,63,77.8,8.26,1,1,14.0,Yes,84.0,96.9,Excellent,Low
STU100652,19,Female,CIVIL,6,74.5,71.0,82.2,59.6,16,11.4,71.8,22,20.0,34,89.7,6.32,2,0,12.0,No,61.6,61.0,Average,Medium
STU100653,18,Male,IT,2,91.9,78.2,87.9,75.2,13,23.7,55.9,30,23.0,55,80.5,8.47,0,0,13.0,No,75.4,80.8,Excellent,Low
STU100654,23,Female,CSE,7,62.5,50.5,71.1,43.9,6,10.5,59.8,19,15.0,31,39.5,5.9,1,3,9.0,Yes,55.5,39.6,Poor,High
STU100655,19,Female,AI&DS,3,76.4,66.2,75.7,58.7,10,9.4,52.8,24,12.0,38,78.3,7.43,2,2,13.0,No,70.6,63.8,Average,Medium
STU100656,22,Male,AI&DS,7,78.9,55.1,55.9,71.5,17,14.0,48.7,26,10.0,31,61.2,7.64,1,1,9.0,No,65.2,56.7,Average,Medium
STU100657,18,Other,AI&DS,7,72.3,45.4,67.6,40.2,9,7.3,50.4,12,11.0,20,54.5,5.88,1,0,7.0,Yes,52.2,46.3,Poor,High
STU100658,24,Male,MECH,4,61.1,65.5,64.6,81.8,9,12.7,50.6,4,7.0,33,52.3,6.5,1,3,9.0,No,70.2,51.2,Average,Medium
STU100659,24,Female,EEE,7,88.6,71.2,81.2,61.0,16,16.7,97.0,34,18.0,54,82.8,7.77,2,2,13.0,No,73.2,70.2,Good,Low
STU100660,20,Female,IT,3,71.9,63.6,72.4,73.0,16,16.1,74.9,34,25.0,28,66.3,7.52,1,4,10.0,No,62.4,65.3,Good,Low
STU100661,21,Female,AI&DS,5,52.4,38.5,68.8,48.3,7,10.6,63.3,18,8.0,11,51.5,5.12,1,5,7.0,Yes,58.7,43.8,Poor,High
STU100662,22,Male,AI&DS,8,63.9,68.2,80.1,53.9,12,13.2,69.8,26,12.0,48,53.9,5.9,1,2,12.0,Yes,53.6,61.6,Average,Medium
STU100663,22,Male,EEE,8,62.2,57.4,53.0,52.8,10,15.7,50.1,23,15.0,39,73.3,5.51,2,5,9.0,Yes,59.4,33.3,Poor,High
STU100664,18,Female,CIVIL,8,,76.3,82.1,64.9,12,11.5,92.5,24,20.0,48,73.1,5.93,0,3,12.0,No,79.0,64.8,Average,Medium
STU100665,24,Female,CIVIL,3,81.5,75.2,78.9,65.7,13,18.0,83.6,27,22.0,55,68.4,7.08,1,1,8.0,No,84.3,82.9,Excellent,Low
STU100666,24,Female,CIVIL,4,57.2,37.8,37.2,19.0,6,12.3,38.6,3,2.0,12,39.4,4.51,2,4,4.0,Yes,34.9,31.3,Poor,High
STU100667,21,Female,ECE,2,69.2,39.5,56.3,45.4,9,9.3,59.3,23,10.0,9,56.1,5.22,2,3,5.0,Yes,49.9,37.6,Poor,High
STU100668,21,Female,AI&DS,8,84.0,72.3,63.6,53.3,17,16.5,74.7,18,21.0,55,65.2,7.39,2,2,13.0,No,73.3,57.2,Average,Medium
STU100669,19,Male,MECH,7,56.9,49.0,59.7,62.5,8,13.7,56.0,19,11.0,28,41.9,6.96,1,3,6.0,No,59.0,55.3,Average,Medium
STU100670,23,Male,IT,8,66.6,40.4,73.4,42.3,8,5.2,51.1,25,14.0,33,41.9,4.08,3,6,5.0,Yes,51.0,38.1,Poor,High
STU100671,21,Male,AI&DS,2,,67.2,61.2,57.2,11,13.1,91.1,32,18.0,38,80.7,7.85,0,4,16.0,No,75.5,63.1,Average,Medium
STU100672,19,Male,CSE,4,77.0,73.1,85.8,44.8,12,12.2,76.1,20,16.0,46,62.3,7.33,1,4,11.0,No,68.1,53.1,Average,Medium
STU100673,20,Female,CSE,7,68.4,64.1,83.1,52.9,10,12.1,69.3,30,17.0,29,57.7,5.13,1,5,5.0,No,54.8,64.4,Average,Medium
STU100674,18,Male,MECH,4,62.5,42.6,48.9,46.2,11,5.6,57.7,25,17.0,46,57.2,5.39,1,4,11.0,Yes,66.7,35.5,Poor,High
STU100675,23,Male,EEE,4,82.0,56.6,77.9,68.0,16,12.9,53.2,28,18.0,27,84.0,7.36,1,2,7.0,No,67.0,64.2,Average,Medium
STU100676,18,Male,CSE,8,65.9,73.3,64.9,66.5,14,10.0,63.2,27,14.0,37,61.2,8.62,1,4,7.0,No,71.5,58.6,Average,Medium
STU100677,21,Female,CSE,5,74.3,79.8,69.3,76.2,9,15.5,61.2,15,11.0,35,38.9,9.33,1,0,8.0,Yes,73.4,69.4,Good,Low
STU100678,23,Male,MECH,7,98.2,67.4,73.5,64.0,14,12.2,67.2,22,16.0,31,54.7,7.4,1,4,13.0,No,60.1,64.2,Average,Medium
STU100679,18,Male,ECE,7,71.7,68.6,70.5,52.8,8,13.3,60.8,24,16.0,30,53.5,5.99,0,1,10.0,Yes,50.2,73.7,Good,Low
STU100680,19,Female,AI&DS,6,70.3,65.8,75.8,49.0,13,13.4,58.7,24,17.0,29,64.6,6.18,3,0,6.0,Yes,60.3,57.6,Average,Medium
STU100681,23,Male,EEE,7,76.6,67.7,78.9,73.9,19,13.4,79.2,27,19.0,39,76.1,6.02,0,1,13.0,No,60.9,71.5,Good,Low
STU100682,23,Female,CSE,8,74.8,62.5,72.0,72.4,15,17.2,83.8,26,21.0,45,82.3,5.88,1,1,11.0,No,57.8,65.0,Average,Medium
STU100683,18,Male,CSE,5,83.9,80.4,95.6,72.7,16,24.3,86.4,44,22.0,44,84.4,7.68,2,1,14.0,No,80.2,75.5,Good,Low
STU100684,19,Female,AI&DS,8,72.2,65.8,75.2,44.5,11,16.1,61.3,24,16.0,30,51.2,5.51,1,0,8.0,No,60.4,57.3,Average,Medium
STU100685,22,Male,AI&DS,2,84.5,60.8,88.2,74.4,16,9.7,79.7,39,21.0,51,62.9,6.03,1,2,11.0,No,69.7,65.1,Good,Low
STU100686,21,Male,CSE,2,64.4,59.3,68.3,70.4,12,11.6,66.4,14,13.0,25,65.6,6.6,1,3,8.0,Yes,71.4,60.1,Average,Medium
STU100687,21,Male,CSE,4,58.0,56.3,65.2,74.9,8,8.8,56.8,24,12.0,34,34.8,6.59,0,6,9.0,Yes,59.6,49.9,Poor,High
STU100688,19,Female,CSE,5,83.5,85.3,100.0,79.5,14,19.2,57.8,24,19.0,33,89.7,8.16,0,0,10.0,Yes,82.1,76.5,Good,Low
STU100689,21,Female,MECH,4,69.8,66.4,74.6,44.0,8,13.9,56.5,22,11.0,45,71.8,6.49,2,2,6.0,Yes,64.4,56.8,Average,Medium
STU100690,18,Male,CIVIL,8,81.6,59.4,72.4,68.0,14,12.9,54.3,27,20.0,39,80.0,6.5,1,2,9.0,No,61.6,64.6,Average,Medium
STU100691,24,Female,CSE,2,59.8,55.4,66.2,65.7,12,9.2,49.2,30,12.0,20,51.7,7.33,0,3,7.0,Yes,58.0,50.8,Average,Medium
STU100692,21,Male,EEE,2,68.0,63.8,56.7,47.0,13,11.3,73.0,33,16.0,48,62.4,6.67,0,1,11.0,Yes,58.9,46.7,Poor,High
STU100693,20,Female,AI&DS,6,81.8,73.1,61.6,75.4,12,18.3,57.9,27,15.0,44,54.5,,1,6,11.0,No,74.0,56.9,Average,Medium
STU100694,20,Female,IT,2,70.0,41.2,51.7,30.2,8,8.3,30.8,18,9.0,9,53.4,4.07,2,3,5.0,Yes,38.2,38.1,Poor,High
STU100695,20,Male,AI&DS,3,66.9,44.9,58.8,60.2,12,7.3,49.2,21,22.0,56,45.1,5.39,3,3,7.0,No,73.6,38.0,Poor,High
STU100696,21,Male,CSE,8,76.4,62.6,81.0,63.1,12,9.0,70.9,28,19.0,32,65.9,4.22,0,3,8.0,No,75.8,77.7,Good,Low
STU100697,19,Female,ECE,7,54.6,39.8,54.3,42.6,12,5.6,59.8,20,12.0,11,43.6,5.49,2,3,10.0,No,49.5,33.6,Poor,High
STU100698,22,Female,CSE,7,62.6,57.1,51.9,41.1,11,10.0,54.1,22,9.0,38,68.5,7.27,1,6,9.0,No,48.2,45.0,Poor,High
STU100699,19,Female,CSE,4,61.5,50.3,67.4,58.3,13,5.1,43.0,22,14.0,38,65.6,5.51,1,4,11.0,Yes,70.3,53.8,Average,Medium
STU100700,20,Male,AI&DS,3,72.5,70.5,65.5,59.2,10,11.1,44.0,21,10.0,38,52.9,6.42,0,4,8.0,No,70.9,68.1,Good,Low
STU100701,24,Female,MECH,4,73.3,72.8,70.1,61.5,8,13.9,73.1,24,16.0,36,55.0,8.16,0,3,10.0,No,77.5,61.9,Average,Medium
STU100702,21,Male,CSE,3,73.8,73.4,73.5,50.9,5,11.1,55.0,15,11.0,20,61.2,6.54,2,3,8.0,No,63.4,46.6,Poor,High
STU100703,24,Other,AI&DS,3,61.9,54.2,56.3,65.8,9,8.5,36.3,20,15.0,17,70.2,5.6,1,3,6.0,Yes,62.1,56.7,Average,Medium
STU100704,22,Female,CIVIL,7,88.6,57.0,79.7,76.7,13,15.3,68.1,29,19.0,35,91.0,6.78,2,3,17.0,Yes,79.3,70.0,Good,Low
STU100705,23,Female,AI&DS,3,75.5,78.4,60.8,64.1,12,15.4,44.3,35,12.0,33,88.8,8.79,0,0,6.0,No,61.3,67.3,Good,Low
STU100706,18,Female,CSE,3,51.9,49.9,42.6,29.9,7,14.0,47.4,25,15.0,11,41.5,5.68,2,5,4.0,No,45.8,31.0,Poor,High
STU100707,21,Female,ECE,3,53.7,50.2,60.1,62.8,7,10.9,55.5,25,12.0,21,48.3,6.02,1,4,9.0,No,57.3,43.5,Poor,High
STU100708,20,Male,CSE,3,79.8,79.0,93.3,85.8,10,18.0,71.6,28,17.0,41,80.7,6.81,1,5,13.0,No,83.6,70.5,Good,Low
STU100709,18,Female,CIVIL,8,79.5,51.7,64.3,70.2,8,8.4,55.1,32,14.0,28,58.7,6.41,0,4,14.0,Yes,70.7,61.2,Average,Medium
STU100710,18,Male,AI&DS,8,87.9,57.0,64.0,61.8,11,15.9,83.8,24,18.0,8,68.1,7.78,1,0,11.0,No,69.0,60.2,Average,Medium
STU100711,19,Male,CSE,3,75.6,61.0,70.4,62.2,8,11.7,54.6,16,11.0,18,37.5,6.56,2,3,8.0,No,57.3,59.0,Average,Medium
STU100712,18,Male,CIVIL,7,78.5,73.9,72.5,57.2,14,17.8,61.8,37,18.0,35,73.0,6.67,1,5,13.0,Yes,51.8,61.3,Average,Medium
STU100713,21,Male,CIVIL,3,77.6,59.4,67.3,61.2,11,10.8,70.7,29,13.0,28,58.7,4.59,3,3,16.0,No,,46.0,Poor,High
STU100714,18,Male,MECH,4,71.2,65.5,78.2,54.3,9,18.6,71.9,22,20.0,40,69.0,6.0,2,1,12.0,No,63.7,63.7,Average,Medium
STU100715,23,Female,AI&DS,8,75.9,45.9,70.4,49.8,10,10.7,63.2,21,10.0,24,57.5,7.37,1,4,6.0,No,53.0,54.2,Average,Medium
STU100716,22,Male,ECE,6,52.4,41.4,62.0,48.9,12,6.5,85.7,28,13.0,32,50.0,5.38,1,4,15.0,Yes,47.9,35.1,Poor,High
STU100717,24,Male,IT,7,62.3,38.2,59.6,36.7,4,10.0,41.9,16,14.0,24,65.6,4.04,1,2,7.0,Yes,56.5,42.3,Poor,High
STU100718,18,Male,ECE,5,80.9,58.0,69.4,76.7,18,15.9,,34,20.0,57,87.5,6.03,1,0,15.0,No,64.5,58.2,Average,Medium
STU100719,18,Female,IT,6,95.3,62.8,78.0,51.5,16,10.9,86.5,40,19.0,41,75.8,6.58,0,2,7.0,No,56.7,68.6,Good,Low
STU100720,24,Female,MECH,3,81.0,58.8,61.1,72.2,14,12.1,45.3,19,10.0,13,48.3,4.53,1,0,7.0,No,67.0,60.0,Average,Medium
STU100721,20,Female,CIVIL,7,68.8,69.3,51.7,59.8,10,10.8,55.3,16,14.0,39,57.8,5.6,2,4,5.0,Yes,58.6,55.4,Average,Medium
STU100722,23,Female,CSE,8,93.1,81.4,81.8,72.6,16,18.9,78.7,45,24.0,62,92.0,7.85,1,2,14.0,Yes,87.0,68.6,Good,Low
STU100723,19,Female,IT,3,53.3,35.1,58.1,27.7,8,1.0,49.6,20,13.0,12,39.7,5.45,4,3,9.0,Yes,40.7,35.1,Poor,High
STU100724,18,Male,CIVIL,5,43.8,56.1,56.9,40.2,8,7.5,60.4,20,12.0,25,53.8,5.74,2,6,2.0,No,34.2,41.2,Poor,High
STU100725,21,Female,CIVIL,3,59.6,50.9,46.4,50.2,13,10.3,62.9,32,10.0,26,60.4,4.86,1,3,4.0,Yes,51.8,47.1,Poor,High
STU100726,22,Male,IT,6,96.0,81.4,80.1,74.1,15,19.0,61.9,37,17.0,45,85.8,8.34,0,0,18.0,Yes,77.9,83.1,Excellent,Low
STU100727,18,Male,CIVIL,5,85.9,63.2,80.8,61.1,16,17.1,84.3,39,19.0,51,82.4,7.67,1,0,14.0,No,77.0,74.4,Good,Low
STU100728,18,Female,EEE,4,68.8,67.0,67.8,58.5,14,13.6,46.7,17,20.0,39,54.2,6.64,0,1,9.0,No,64.1,57.1,Average,Medium
STU100729,19,Male,EEE,4,74.7,49.5,63.1,56.5,11,11.7,54.3,25,13.0,32,63.1,5.83,2,3,10.0,Yes,61.5,44.6,Poor,High
STU100730,18,Female,CIVIL,5,65.4,42.4,69.9,57.6,9,10.3,59.5,16,16.0,25,62.9,6.34,4,2,6.0,Yes,70.2,49.2,Poor,High
STU100731,24,Male,MECH,3,76.3,75.7,84.8,58.0,15,17.9,63.8,33,16.0,55,81.1,7.51,1,1,10.0,No,78.0,69.3,Good,Low
STU100732,24,Female,EEE,4,74.6,63.7,61.2,59.6,10,7.6,65.7,13,17.0,41,61.3,5.43,1,3,6.0,No,58.0,42.5,Poor,High
STU100733,18,Male,EEE,2,57.9,69.7,53.2,49.7,7,3.9,55.3,17,17.0,41,62.4,6.6,1,7,9.0,No,53.1,35.3,Poor,High
STU100734,21,Female,IT,5,81.5,56.7,69.1,52.3,10,16.9,41.3,24,11.0,30,77.1,6.23,1,4,10.0,No,,55.3,Average,Medium
STU100735,20,Female,CSE,6,56.2,70.1,49.8,79.5,10,11.3,54.4,28,10.0,34,75.8,6.73,0,6,7.0,Yes,64.0,54.8,Average,Medium
STU100736,18,Male,MECH,6,71.0,53.1,73.4,69.9,12,8.4,52.6,16,19.0,28,47.9,6.56,0,2,11.0,No,54.6,61.0,Average,Medium
STU100737,22,Male,EEE,3,90.7,78.3,74.4,75.1,13,16.0,65.9,30,18.0,46,82.5,6.41,0,3,15.0,No,76.5,63.6,Average,Medium
STU100738,23,Female,CIVIL,7,93.6,80.6,98.3,61.1,15,15.3,84.1,38,27.0,37,81.3,6.84,2,0,11.0,No,71.5,84.6,Excellent,Low
STU100739,22,Male,CSE,4,69.4,41.8,52.8,34.9,11,11.0,52.2,18,10.0,21,39.1,4.68,1,0,10.0,Yes,47.5,45.7,Poor,High
STU100740,24,Male,ECE,7,70.6,,67.3,32.6,11,9.6,51.3,26,16.0,34,63.5,4.69,2,1,8.0,Yes,53.4,46.0,Poor,High
STU100741,22,Female,CSE,7,91.0,89.7,72.0,80.2,18,16.2,74.0,38,20.0,45,83.2,7.16,1,3,12.0,No,84.6,74.8,Good,Low
STU100742,21,Female,EEE,2,78.0,73.7,80.9,83.7,14,20.7,81.0,26,23.0,43,68.9,7.54,1,2,14.0,Yes,70.5,78.3,Good,Low
STU100743,24,Male,CIVIL,2,67.1,66.3,67.9,45.2,5,7.0,34.5,16,13.0,4,44.4,4.36,1,5,5.0,No,53.2,48.7,Poor,High
STU100744,22,Male,EEE,5,59.1,30.0,59.2,45.0,11,1.0,50.3,10,12.0,2,51.1,5.37,2,2,0.0,Yes,46.7,39.6,Poor,High
STU100745,23,Male,EEE,7,68.6,60.3,67.7,52.1,11,12.6,48.6,27,17.0,20,50.3,6.68,0,3,6.0,No,57.0,43.8,Poor,High
STU100746,23,Female,AI&DS,4,84.2,54.9,86.2,67.1,10,16.3,54.6,26,16.0,27,51.9,7.75,2,1,7.0,No,65.4,54.1,Average,Medium
STU100747,18,Male,EEE,6,86.7,90.6,95.7,91.3,19,12.9,79.1,33,23.0,52,76.3,7.71,1,0,15.0,No,80.3,88.6,Excellent,Low
STU100748,23,Male,IT,6,75.5,59.3,89.3,80.2,14,17.8,62.1,37,14.0,36,78.5,7.01,0,4,13.0,Yes,74.1,59.3,Average,Medium
STU100749,23,Male,MECH,7,74.0,43.2,60.3,45.2,13,6.2,68.3,16,14.0,33,44.6,6.34,2,4,7.0,Yes,57.6,41.0,Poor,High
STU100750,21,Other,CSE,8,69.9,56.6,56.8,58.0,7,10.2,33.6,11,8.0,27,26.6,5.56,1,2,8.0,No,54.4,38.2,Poor,High
STU100751,21,Male,ECE,5,61.6,65.7,54.6,77.1,6,12.9,47.0,9,13.0,31,39.9,6.59,1,7,5.0,Yes,73.5,42.7,Poor,High
STU100752,23,Female,MECH,7,62.5,56.6,74.9,43.7,12,12.8,63.8,21,19.0,48,53.9,6.85,1,1,10.0,Yes,41.9,52.1,Average,Medium
STU100753,18,Male,ECE,6,75.3,56.0,70.5,39.5,16,11.6,70.1,19,19.0,25,58.7,5.64,1,3,10.0,Yes,45.7,66.9,Good,Low
STU100754,21,Female,EEE,4,81.5,98.6,79.4,94.1,13,17.6,82.9,30,21.0,48,61.7,8.96,0,1,15.0,No,100.0,90.9,Excellent,Low
STU100755,23,Male,IT,5,91.5,75.9,84.9,77.1,17,19.7,85.1,27,28.0,50,67.6,8.64,1,0,17.0,No,87.1,78.2,Good,Low
STU100756,19,Female,IT,7,,64.7,63.4,68.9,10,16.9,44.7,23,14.0,46,66.0,6.58,1,5,7.0,No,68.9,57.7,Average,Medium
STU100757,19,Female,CSE,8,78.2,64.3,71.6,61.3,12,,53.1,28,15.0,23,45.7,6.45,1,3,8.0,No,67.0,59.7,Average,Medium
STU100758,18,Male,ECE,2,84.7,77.5,97.2,64.0,16,13.5,100.0,36,20.0,49,69.8,7.22,0,0,20.0,Yes,71.1,81.7,Excellent,Low
STU100759,20,Male,EEE,4,87.0,,89.7,68.5,15,19.4,70.9,40,21.0,33,68.9,7.63,1,1,16.0,No,88.0,74.1,Good,Low
STU100760,20,Female,CIVIL,2,75.3,58.4,73.9,50.9,14,20.7,61.5,30,14.0,38,59.9,7.11,1,1,10.0,No,68.4,50.0,Average,Medium
STU100761,24,Male,AI&DS,3,85.4,62.3,98.0,84.6,15,21.7,91.8,40,17.0,63,,7.19,1,1,17.0,No,72.2,74.5,Good,Low
STU100762,18,Female,CSE,3,60.8,56.1,68.0,74.8,13,5.5,78.1,23,20.0,22,84.3,5.14,1,4,9.0,Yes,64.3,59.4,Average,Medium
STU100763,22,Female,EEE,8,92.9,80.7,99.8,72.2,16,21.0,72.7,33,22.0,43,74.7,8.94,1,0,17.0,No,82.1,69.3,Good,Low
STU100764,18,Male,ECE,4,64.3,80.4,67.0,65.4,11,13.3,63.9,28,20.0,51,33.9,6.65,1,2,7.0,No,71.5,56.4,Average,Medium
STU100765,23,Male,AI&DS,8,69.4,76.8,80.6,,13,20.5,77.2,30,24.0,54,85.9,6.66,1,1,9.0,No,63.5,74.9,Good,Low
STU100766,21,Male,IT,5,69.7,47.2,42.9,40.7,12,3.5,36.0,18,12.0,29,36.3,4.13,1,5,12.0,Yes,47.8,39.4,Poor,High
STU100767,20,Female,AI&DS,2,68.8,73.1,60.6,61.6,11,9.2,63.3,32,12.0,30,72.3,5.97,1,4,12.0,No,60.5,53.8,Average,Medium
STU100768,24,Male,CSE,4,84.3,54.5,64.2,62.6,11,12.0,64.0,25,17.0,25,52.6,5.94,0,6,8.0,No,73.4,50.6,Average,Medium
STU100769,23,Female,CSE,7,60.4,35.0,62.0,29.6,9,8.3,49.2,11,11.0,25,51.2,4.83,1,4,9.0,Yes,47.1,30.5,Poor,High
STU100770,18,Female,CSE,6,59.6,63.9,67.7,94.4,14,15.2,88.6,32,25.0,46,66.5,7.71,0,5,13.0,Yes,66.4,76.4,Good,Low
STU100771,19,Female,CSE,4,78.9,70.3,67.1,79.1,13,21.5,80.2,28,21.0,34,68.2,8.0,0,1,8.0,No,69.3,77.3,Good,Low
STU100772,19,Male,AI&DS,2,96.6,59.7,72.0,97.1,13,20.1,80.0,30,25.0,46,58.9,8.36,0,1,14.0,Yes,77.8,82.5,Excellent,Low
STU100773,22,Male,CSE,7,71.9,57.7,73.6,64.8,13,12.0,66.8,39,18.0,58,60.8,7.02,1,0,13.0,No,65.5,63.4,Average,Medium
STU100774,23,Male,EEE,5,90.3,68.9,60.2,71.0,13,21.9,67.6,24,19.0,40,48.9,6.91,0,3,14.0,No,80.3,65.5,Good,Low
STU100775,22,Male,ECE,7,67.9,66.2,64.3,62.0,9,8.2,46.1,28,13.0,12,51.4,7.33,0,6,5.0,Yes,69.1,47.2,Poor,High
STU100776,20,Male,EEE,3,74.8,68.4,74.9,47.0,8,12.0,38.5,16,12.0,42,73.0,6.27,0,2,3.0,Yes,68.4,55.6,Average,Medium
STU100777,23,Female,IT,3,66.1,65.9,72.7,40.7,9,18.7,50.4,21,19.0,26,60.7,4.49,1,5,7.0,No,59.5,50.9,Average,Medium
STU100778,23,Male,IT,4,72.7,59.2,88.9,59.9,9,16.2,61.9,21,10.0,48,76.5,7.03,1,0,7.0,No,62.7,61.7,Average,Medium
STU100779,18,Male,ECE,3,79.8,67.6,63.7,62.3,13,11.4,78.0,26,22.0,46,48.2,6.27,1,3,9.0,Yes,74.3,55.8,Average,Medium
STU100780,21,Female,AI&DS,5,76.4,61.4,54.2,56.2,11,,51.7,20,18.0,1,57.4,4.0,2,3,8.0,No,47.2,53.4,Average,Medium
STU100781,22,Female,MECH,5,73.3,58.4,68.1,60.3,11,15.0,70.0,19,17.0,16,57.5,6.23,2,2,10.0,No,59.1,62.4,Average,Medium
STU100782,22,Male,AI&DS,2,81.6,,72.4,73.6,12,14.4,71.1,32,16.0,37,59.5,7.15,1,2,16.0,No,57.3,61.6,Average,Medium
STU100783,19,Male,CIVIL,5,87.3,94.7,89.4,55.4,13,23.2,89.9,34,18.0,53,58.6,8.24,0,0,9.0,No,73.3,78.6,Good,Low
STU100784,19,Male,EEE,4,82.1,66.4,68.5,79.4,8,11.5,35.5,20,13.0,32,49.9,6.51,2,3,0.0,No,61.6,71.5,Good,Low
STU100785,20,Male,CSE,5,77.9,76.1,70.6,55.9,13,11.5,51.7,26,18.0,43,70.4,6.9,1,3,9.0,No,68.6,65.1,Good,Low
STU100786,20,Male,ECE,7,86.8,53.0,77.6,70.1,11,10.5,82.6,39,11.0,38,67.1,7.18,1,4,7.0,No,61.3,68.8,Good,Low
STU100787,24,Male,IT,5,62.9,74.5,60.8,75.5,16,9.6,56.4,31,18.0,31,56.2,6.72,1,3,11.0,Yes,70.0,65.7,Good,Low
STU100788,22,Female,EEE,3,79.7,73.5,73.7,50.4,13,13.6,79.8,37,16.0,40,66.6,7.47,2,2,8.0,Yes,68.3,70.2,Good,Low
STU100789,23,Female,MECH,8,71.7,44.5,50.2,58.7,6,6.5,59.7,22,10.0,3,40.4,6.46,2,4,10.0,No,61.4,44.2,Poor,High
STU100790,18,Male,MECH,7,72.2,59.1,40.0,64.6,11,13.5,62.9,17,13.0,29,70.2,6.92,1,2,13.0,No,65.6,57.9,Average,Medium
STU100791,23,Male,ECE,8,59.5,41.9,36.4,64.7,7,11.2,54.5,8,9.0,32,28.5,5.17,1,3,5.0,Yes,54.8,45.2,Poor,High
STU100792,19,Female,AI&DS,3,66.6,49.0,77.6,51.5,12,6.6,80.2,23,14.0,48,74.4,5.73,1,3,16.0,Yes,47.7,59.1,Average,Medium
STU100793,21,Female,EEE,6,79.4,57.7,88.7,68.0,15,13.2,83.4,30,24.0,40,88.4,7.05,3,0,19.0,No,91.2,62.9,Average,Medium
STU100794,20,Female,CSE,7,67.0,51.9,59.7,58.6,13,12.1,70.1,25,12.0,44,65.6,6.67,0,2,10.0,No,58.6,62.0,Average,Medium
STU100795,24,Female,EEE,8,56.0,33.1,59.2,35.6,11,6.3,38.7,19,14.0,11,51.3,4.8,1,2,8.0,Yes,49.0,24.8,Poor,High
STU100796,22,Female,CSE,3,75.7,71.4,55.0,61.7,14,12.6,60.1,38,23.0,50,71.0,4.7,1,1,9.0,No,69.4,61.6,Average,Medium
STU100797,21,Female,IT,3,84.2,61.1,77.9,78.9,15,19.9,79.8,27,18.0,42,68.3,7.6,0,1,13.0,No,73.8,70.1,Good,Low
STU100798,21,Male,MECH,8,91.3,87.1,81.4,80.9,17,20.1,64.3,27,21.0,45,81.6,7.41,0,0,17.0,No,78.1,74.0,Good,Low
STU100799,22,Female,CSE,5,70.0,80.0,83.2,63.0,10,,77.5,27,19.0,51,62.9,6.38,0,2,13.0,No,69.7,68.0,Good,Low
STU100800,23,Female,CIVIL,3,58.6,74.5,84.4,58.9,9,15.5,82.9,19,10.0,30,,6.06,1,3,9.0,Yes,67.1,53.6,Average,Medium
STU100801,22,Male,MECH,3,72.2,60.2,69.3,55.3,14,16.2,66.3,19,16.0,38,74.8,4.24,2,3,11.0,No,48.3,56.9,Average,Medium
STU100802,23,Female,MECH,8,79.3,64.3,59.9,31.5,10,13.3,63.1,22,10.0,29,59.8,6.34,1,4,11.0,Yes,61.6,44.2,Poor,High
STU100803,23,Male,AI&DS,8,79.3,55.6,80.7,71.2,10,14.8,53.2,27,16.0,40,59.4,8.25,1,0,13.0,No,64.1,56.0,Average,Medium
STU100804,18,Female,ECE,3,76.0,80.6,96.7,61.1,13,15.1,65.0,26,15.0,36,71.6,6.99,1,2,10.0,No,80.5,61.4,Average,Medium
STU100805,20,Male,EEE,5,82.6,99.5,86.9,76.6,15,11.7,79.2,30,22.0,61,71.3,7.77,0,2,12.0,No,92.7,72.3,Good,Low
STU100806,24,Female,AI&DS,6,90.7,75.9,80.7,88.9,19,16.4,84.7,37,23.0,45,60.5,6.71,0,3,16.0,No,79.3,71.1,Good,Low
STU100807,20,Male,EEE,5,81.5,64.3,82.0,48.1,10,9.1,63.7,15,16.0,37,49.8,7.0,0,2,7.0,Yes,55.5,62.9,Average,Medium
STU100808,23,Female,AI&DS,4,70.4,43.0,54.5,38.7,12,13.0,45.8,23,10.0,25,47.2,4.74,1,4,6.0,No,38.6,47.2,Poor,High
STU100809,21,Female,IT,6,,60.6,79.3,37.1,11,11.3,64.2,25,6.0,39,51.4,5.81,0,2,12.0,Yes,57.8,44.9,Poor,High
STU100810,19,Male,IT,2,83.3,69.7,84.8,63.0,16,14.6,75.6,31,18.0,33,83.9,5.43,2,1,13.0,No,69.3,62.7,Average,Medium
STU100811,20,Male,AI&DS,3,80.2,41.8,57.6,66.6,11,10.3,69.7,22,9.0,45,41.4,6.42,0,2,12.0,No,75.4,59.7,Average,Medium
STU100812,21,Male,AI&DS,2,69.0,59.8,71.1,39.6,11,5.8,70.0,20,21.0,46,72.5,5.43,0,0,10.0,Yes,50.6,55.3,Average,Medium
STU100813,18,Female,CSE,8,77.9,75.2,77.8,54.5,13,16.3,62.8,25,14.0,28,68.3,5.41,1,1,15.0,Yes,59.9,70.2,Good,Low
STU100814,20,Female,IT,3,75.5,52.9,75.2,57.6,13,14.0,63.9,33,20.0,43,53.6,5.21,1,4,9.0,No,53.8,48.8,Poor,High
STU100815,22,Male,CSE,8,76.4,56.9,78.3,53.6,14,15.7,79.5,34,22.0,58,74.9,7.18,2,2,11.0,Yes,67.2,68.5,Good,Low
STU100816,24,Female,CIVIL,4,61.0,71.4,61.7,58.2,9,7.6,51.2,22,15.0,26,48.1,7.43,2,4,5.0,No,57.0,54.3,Average,Medium
STU100817,24,Female,CIVIL,2,74.5,51.5,70.9,57.0,14,16.0,52.4,27,18.0,23,59.4,6.75,1,5,3.0,No,63.5,52.2,Average,Medium
STU100818,20,Female,AI&DS,6,84.8,72.8,89.5,76.2,11,13.8,58.0,27,6.0,43,56.9,5.44,1,1,10.0,No,71.8,61.4,Average,Medium
STU100819,23,Male,CIVIL,4,77.7,68.4,86.5,62.9,8,16.3,45.0,32,16.0,30,44.8,6.97,0,4,10.0,No,60.0,67.0,Good,Low
STU100820,20,Male,ECE,5,57.5,66.5,46.4,46.7,7,1.0,38.0,16,8.0,27,20.0,5.93,0,2,6.0,Yes,61.2,38.9,Poor,High
STU100821,23,Female,AI&DS,8,73.9,60.8,60.4,61.2,14,14.5,65.0,35,17.0,38,83.4,6.71,2,0,11.0,No,72.5,59.5,Average,Medium
STU100822,24,Male,IT,6,79.1,73.8,76.6,58.6,11,17.0,81.4,32,20.0,44,79.7,7.79,2,2,12.0,No,70.8,70.1,Good,Low
STU100823,21,Male,ECE,2,62.5,55.7,68.4,50.2,9,10.0,47.4,26,13.0,26,48.9,5.61,1,3,9.0,No,60.8,46.2,Poor,High
STU100824,22,Female,CSE,2,51.6,40.4,50.4,23.8,9,5.6,40.3,10,5.0,30,40.6,4.84,2,5,9.0,Yes,46.8,35.0,Poor,High
STU100825,24,Male,EEE,7,71.6,58.3,67.8,42.6,11,6.2,55.9,25,,30,51.4,5.62,2,6,10.0,Yes,64.4,45.4,Poor,High
STU100826,18,Female,EEE,6,67.7,76.5,74.2,67.5,10,8.7,48.7,22,12.0,20,64.4,6.22,2,5,12.0,No,65.6,58.7,Average,Medium
STU100827,19,Other,EEE,5,73.9,58.1,77.1,57.2,10,9.2,55.8,29,17.0,33,60.2,6.72,1,3,12.0,Yes,70.8,57.2,Average,Medium
STU100828,22,Female,AI&DS,7,74.6,59.2,61.4,70.2,11,12.2,59.3,33,17.0,47,50.4,7.79,2,3,9.0,No,68.8,64.9,Average,Medium
STU100829,19,Female,MECH,3,71.0,64.1,53.8,53.0,6,18.1,31.8,14,15.0,50,45.8,7.8,0,6,13.0,No,57.0,64.9,Average,Medium
STU100830,23,Female,AI&DS,3,56.8,33.8,55.4,36.8,6,10.8,45.3,28,18.0,27,45.9,4.2,2,2,11.0,Yes,47.8,48.6,Poor,High
STU100831,19,Female,ECE,4,68.2,40.5,69.2,62.9,4,14.6,57.9,23,7.0,50,50.3,8.17,0,3,8.0,No,56.9,61.7,Average,Medium
STU100832,20,Female,CSE,7,84.0,95.0,93.8,51.9,19,17.0,61.8,33,24.0,44,89.2,8.01,0,0,14.0,No,76.6,65.2,Good,Low
STU100833,23,Female,EEE,8,61.4,47.6,71.2,50.1,7,16.9,38.0,11,13.0,27,33.4,6.31,2,3,8.0,Yes,57.3,47.3,Poor,High
STU100834,21,Female,CIVIL,3,77.3,58.6,57.4,32.7,15,15.3,71.2,28,21.0,43,62.3,7.17,1,6,10.0,Yes,57.5,56.4,Average,Medium
STU100835,23,Male,CSE,6,49.8,76.5,62.3,50.9,11,12.2,53.7,22,14.0,41,53.5,5.64,1,5,6.0,Yes,52.0,43.0,Poor,High
STU100836,22,Male,CSE,5,62.3,48.9,51.4,50.7,8,6.1,32.8,15,15.0,20,35.1,6.05,2,4,6.0,Yes,54.6,49.3,Poor,High
STU100837,21,Male,CIVIL,8,80.1,61.7,81.3,53.1,12,14.3,59.3,32,15.0,44,76.0,6.24,1,3,13.0,No,55.6,50.3,Average,Medium
STU100838,21,Female,AI&DS,7,74.3,79.9,70.4,75.5,14,13.2,81.9,33,28.0,42,79.3,7.14,0,0,11.0,Yes,68.5,70.3,Good,Low
STU100839,23,Female,AI&DS,3,84.8,86.7,91.1,96.1,17,25.9,68.6,23,14.0,34,74.0,7.54,2,2,12.0,Yes,92.4,73.9,Good,Low
STU100840,24,Other,EEE,6,66.2,52.9,57.3,52.9,12,8.5,67.5,24,14.0,52,73.4,6.71,1,4,14.0,No,53.1,40.3,Poor,High
STU100841,18,Female,ECE,2,70.9,87.0,60.9,64.7,7,14.5,46.2,21,15.0,36,64.8,8.72,1,5,9.0,No,84.9,72.7,Good,Low
STU100842,21,Female,CSE,5,64.0,66.2,77.9,76.3,8,11.6,51.2,26,,31,50.6,6.99,0,3,10.0,Yes,66.6,62.3,Average,Medium
STU100843,23,Female,CIVIL,3,83.3,80.1,71.0,78.8,11,16.1,77.6,28,18.0,36,92.3,8.09,1,0,13.0,No,84.1,72.0,Good,Low
STU100844,22,Male,CSE,4,92.0,61.9,92.1,71.4,14,17.1,77.1,30,21.0,48,60.5,5.84,0,4,12.0,Yes,62.8,77.8,Good,Low
STU100845,21,Female,CIVIL,4,81.3,67.6,90.3,49.7,13,15.2,83.2,35,22.0,32,77.7,8.04,2,1,14.0,No,56.6,66.8,Good,Low
STU100846,23,Male,CIVIL,5,100.0,79.1,85.6,44.1,14,16.1,84.8,32,26.0,33,75.6,6.38,1,4,13.0,Yes,86.3,62.3,Average,Medium
STU100847,21,Female,CSE,7,93.6,96.3,84.8,76.7,15,22.6,87.1,38,26.0,62,95.2,9.01,0,1,11.0,No,98.0,98.9,Excellent,Low
STU100848,18,Female,MECH,5,67.7,64.8,70.7,61.3,10,9.0,43.1,17,9.0,28,52.8,6.88,1,2,6.0,No,74.2,57.1,Average,Medium
STU100849,19,Male,MECH,8,67.3,47.4,65.1,48.6,9,12.3,47.6,28,15.0,29,64.6,5.63,2,2,6.0,Yes,51.1,39.7,Poor,High
STU100850,18,Female,IT,8,84.1,84.0,100.0,68.7,18,17.9,78.5,40,26.0,40,91.0,7.11,1,0,16.0,No,79.7,62.5,Average,Medium
STU100851,22,Female,MECH,3,66.1,60.6,51.5,42.1,13,9.1,63.4,28,11.0,45,59.6,6.27,1,4,14.0,No,57.7,55.4,Average,Medium
STU100852,24,Female,AI&DS,7,85.2,69.1,75.5,57.7,14,13.7,47.0,35,18.0,42,59.6,6.45,2,1,16.0,Yes,68.1,73.0,Good,Low
STU100853,20,Female,EEE,3,73.0,65.2,71.4,64.1,7,16.2,65.4,21,14.0,39,80.2,7.9,1,3,8.0,No,77.2,72.0,Good,Low
STU100854,23,Male,MECH,2,69.4,63.1,72.1,39.0,7,4.6,66.6,24,14.0,17,73.6,5.64,2,1,9.0,Yes,64.3,51.5,Average,Medium
STU100855,24,Female,MECH,3,89.3,76.0,75.8,64.5,13,19.5,83.1,36,28.0,58,80.9,5.87,2,2,13.0,No,76.3,60.8,Average,Medium
STU100856,20,Male,ECE,4,73.4,57.7,60.4,55.3,12,16.9,46.5,22,15.0,31,45.2,6.28,0,2,5.0,No,54.4,49.3,Poor,High
STU100857,24,Male,CIVIL,3,70.9,80.7,66.9,70.0,9,9.3,56.2,18,15.0,27,58.0,6.83,1,3,8.0,No,80.3,44.7,Poor,High
STU100858,18,Male,AI&DS,6,87.9,84.5,70.3,61.6,13,13.5,61.9,33,19.0,45,90.6,6.43,3,2,8.0,No,65.1,62.6,Average,Medium
STU100859,22,Female,IT,6,66.4,44.7,46.8,47.1,8,13.0,33.2,15,15.0,9,53.8,5.02,2,5,9.0,Yes,46.7,37.8,Poor,High
STU100860,19,Female,AI&DS,6,80.5,68.0,69.7,71.6,15,16.9,73.5,15,11.0,39,53.5,7.08,1,3,8.0,No,69.2,65.3,Good,Low
STU100861,23,Male,CSE,8,85.1,56.5,88.6,45.7,11,11.7,49.1,27,17.0,35,67.8,5.14,2,5,10.0,No,52.6,51.0,Average,Medium
STU100862,18,Female,CSE,3,75.6,53.3,70.7,51.7,10,11.7,67.4,25,16.0,35,61.0,5.84,2,0,5.0,No,64.7,54.9,Average,Medium
STU100863,23,Female,IT,8,70.7,68.5,54.5,68.4,12,12.4,67.0,16,14.0,37,71.0,6.81,0,2,5.0,No,65.8,64.7,Average,Medium
STU100864,20,Female,CIVIL,7,69.5,57.2,71.8,67.6,11,9.9,54.9,19,12.0,32,45.7,6.85,1,2,10.0,No,61.8,63.1,Average,Medium
STU100865,19,Male,ECE,2,76.3,52.9,83.5,60.5,15,10.8,76.3,35,19.0,47,78.6,5.72,3,3,14.0,No,56.5,64.9,Average,Medium
STU100866,21,Male,IT,6,69.2,72.6,70.5,67.3,12,18.0,68.1,30,23.0,49,74.6,6.87,0,0,10.0,Yes,70.4,59.1,Average,Medium
STU100867,24,Male,AI&DS,3,69.5,57.1,67.4,36.6,13,12.8,48.2,31,14.0,23,57.5,6.09,1,1,11.0,Yes,55.1,49.9,Poor,High
STU100868,19,Female,AI&DS,2,72.6,60.0,59.0,68.2,7,13.3,61.8,22,20.0,47,62.5,6.24,1,3,9.0,Yes,64.2,66.3,Good,Low
STU100869,20,Male,CSE,6,71.8,63.4,68.5,39.1,10,8.8,66.0,31,12.0,12,62.2,5.25,0,2,3.0,Yes,57.0,57.9,Average,Medium
STU100870,22,Female,ECE,2,83.8,75.5,69.3,56.4,9,16.8,61.7,16,12.0,31,64.3,7.03,1,0,12.0,No,72.7,58.7,Average,Medium
STU100871,18,Other,ECE,3,71.8,71.6,76.8,75.8,17,10.5,72.9,30,19.0,58,81.2,8.19,0,3,15.0,No,75.8,83.8,Excellent,Low
STU100872,24,Male,CSE,6,75.4,59.4,83.3,43.5,16,16.4,70.8,17,18.0,38,83.2,5.17,2,2,11.0,Yes,61.9,54.7,Average,Medium
STU100873,21,Female,CSE,2,61.3,63.7,53.9,62.6,10,10.5,41.3,12,7.0,28,46.8,7.26,1,2,9.0,Yes,52.5,47.0,Poor,High
STU100874,24,Other,AI&DS,7,79.5,65.9,63.2,47.3,17,11.0,57.5,24,22.0,35,87.2,6.56,1,2,8.0,No,58.4,60.5,Average,Medium
STU100875,20,Male,AI&DS,2,66.2,33.6,55.5,36.2,14,7.9,57.3,24,12.0,11,64.8,5.33,1,0,9.0,No,46.6,46.5,Poor,High
STU100876,23,Male,EEE,4,52.5,32.4,48.4,27.5,6,7.4,31.0,21,5.0,32,38.7,4.8,2,3,3.0,Yes,31.4,19.2,Poor,High
STU100877,20,Male,ECE,3,75.5,74.5,77.6,53.0,13,13.9,86.0,28,15.0,23,72.8,6.21,2,5,9.0,No,63.1,61.5,Average,Medium
STU100878,21,Female,CSE,3,76.7,74.0,58.0,59.1,10,7.7,47.2,16,6.0,16,53.1,6.83,1,4,4.0,No,54.5,59.1,Average,Medium
STU100879,20,Male,CSE,5,75.1,53.2,68.4,63.3,13,14.9,64.1,11,16.0,17,45.6,6.76,1,2,12.0,No,76.2,62.4,Average,Medium
STU100880,21,Male,EEE,3,69.7,68.1,66.7,52.2,6,16.4,72.5,18,13.0,45,73.5,7.43,2,3,11.0,No,65.7,60.3,Average,Medium
STU100881,19,Male,CIVIL,3,75.2,54.1,75.2,63.2,11,13.8,65.7,15,11.0,32,52.1,7.65,0,0,9.0,No,62.9,50.6,Average,Medium
STU100882,21,Female,ECE,4,81.6,86.9,85.4,65.2,12,11.2,57.2,25,15.0,48,78.7,7.31,2,4,11.0,Yes,82.6,64.9,Average,Medium
STU100883,23,Female,EEE,5,50.2,50.4,74.6,42.3,9,8.5,40.3,14,8.0,27,45.4,6.15,1,4,9.0,Yes,55.6,55.4,Average,Medium
STU100884,19,Female,IT,6,67.9,72.8,83.3,40.6,14,6.6,51.7,28,15.0,41,55.6,6.07,3,3,11.0,Yes,58.5,53.7,Average,Medium
STU100885,23,Female,CIVIL,2,73.3,48.4,65.5,44.6,11,4.3,58.1,23,23.0,32,71.1,6.36,0,3,9.0,No,59.3,56.9,Average,Medium
STU100886,23,Female,AI&DS,3,95.5,63.7,73.8,49.2,14,12.8,70.1,31,24.0,49,86.4,6.94,0,2,9.0,No,64.9,60.1,Average,Medium
STU100887,18,Female,CIVIL,2,83.1,81.4,79.3,91.2,13,22.8,70.8,28,16.0,55,66.1,6.7,1,1,15.0,No,88.2,75.8,Good,Low
STU100888,22,Female,EEE,7,75.1,66.2,55.1,64.5,14,11.6,67.9,20,15.0,29,43.6,5.49,1,5,5.0,No,65.3,53.2,Average,Medium
STU100889,21,Male,ECE,5,68.3,47.1,64.3,59.6,6,6.2,76.3,30,15.0,22,62.5,4.0,3,4,10.0,Yes,53.4,51.1,Average,Medium
STU100890,22,Male,MECH,3,62.2,51.0,40.9,50.5,13,9.2,27.0,18,10.0,31,45.6,4.67,2,4,2.0,No,50.9,43.9,Poor,High
STU100891,20,Male,ECE,5,68.7,55.0,60.3,53.2,14,13.5,41.8,19,13.0,33,65.4,6.31,2,2,10.0,No,49.6,47.2,Poor,High
STU100892,19,Female,IT,7,77.9,65.4,58.4,35.8,12,6.7,64.2,24,18.0,16,41.6,6.34,2,5,9.0,Yes,60.8,51.0,Average,Medium
STU100893,20,Female,CSE,7,71.3,74.2,63.7,61.7,9,16.6,45.3,27,15.0,21,61.0,6.39,0,6,4.0,No,63.9,60.9,Average,Medium
STU100894,19,Male,ECE,8,95.4,74.2,82.2,73.8,14,15.6,60.7,27,20.0,38,71.3,6.74,2,0,7.0,No,76.9,72.4,Good,Low
STU100895,20,Male,CSE,3,87.8,55.8,63.8,47.5,12,16.0,65.0,30,15.0,49,73.5,5.92,1,2,10.0,No,62.0,68.1,Good,Low
STU100896,24,Female,MECH,3,91.5,80.6,95.6,78.7,16,15.6,82.7,40,23.0,50,82.2,8.7,1,0,10.0,No,85.0,80.6,Excellent,Low
STU100897,23,Other,AI&DS,7,79.5,42.8,81.8,56.0,11,5.7,63.5,27,20.0,29,75.1,6.15,2,3,11.0,Yes,57.9,46.9,Poor,High
STU100898,19,Female,ECE,8,70.0,61.5,66.2,53.1,14,10.8,78.4,24,20.0,27,54.6,5.91,0,2,12.0,No,61.2,60.1,Average,Medium
STU100899,21,Male,IT,3,59.5,54.5,65.5,69.3,10,10.7,74.0,17,16.0,38,51.9,6.99,0,0,11.0,No,63.7,61.4,Average,Medium
STU100900,18,Female,CSE,6,67.1,54.6,53.5,45.6,8,12.9,45.4,20,6.0,28,52.9,4.36,2,5,5.0,No,55.7,45.4,Poor,High
STU100901,18,Male,CSE,6,88.9,71.3,90.8,59.8,16,11.5,97.0,38,27.0,66,99.2,7.72,0,3,13.0,No,77.2,81.0,Excellent,Low
STU100902,22,Female,EEE,8,75.4,71.2,71.3,65.8,13,12.9,58.6,15,,15,55.3,7.12,1,2,9.0,No,72.5,61.1,Average,Medium
STU100903,20,Female,ECE,3,84.5,65.2,75.7,41.5,12,15.9,55.7,23,15.0,28,45.6,7.82,1,2,14.0,Yes,53.9,52.6,Average,Medium
STU100904,22,Female,CSE,4,77.4,91.1,72.0,82.0,14,19.1,54.6,34,27.0,46,91.1,8.51,0,1,12.0,No,74.3,66.5,Good,Low
STU100905,19,Male,AI&DS,6,85.3,60.7,74.5,59.6,16,9.3,55.5,24,20.0,39,69.8,6.52,2,3,13.0,No,,69.0,Good,Low
STU100906,18,Female,AI&DS,8,81.2,90.1,75.6,74.9,15,12.0,70.6,24,22.0,44,71.7,8.11,0,3,11.0,No,79.7,69.3,Good,Low
STU100907,23,Male,AI&DS,7,58.6,,62.7,70.9,15,6.7,69.6,24,16.0,26,70.5,6.61,3,4,10.0,No,68.5,47.8,Poor,High
STU100908,19,Male,CIVIL,5,48.6,44.6,54.2,24.4,8,6.0,24.0,18,9.0,18,36.6,5.84,1,4,2.0,No,38.2,53.3,Average,Medium
STU100909,18,Female,AI&DS,4,56.1,52.3,75.9,61.6,8,8.5,68.2,26,8.0,30,49.4,5.4,2,6,10.0,Yes,52.1,37.7,Poor,High
STU100910,23,Male,ECE,3,69.3,43.3,49.4,45.6,8,9.7,54.3,16,2.0,24,45.7,6.82,2,3,0.0,No,40.2,46.3,Poor,High
STU100911,22,Male,AI&DS,4,68.4,57.4,58.0,67.8,12,8.9,68.0,28,17.0,35,55.3,6.25,1,2,4.0,No,52.1,65.6,Good,Low
STU100912,24,Male,IT,8,69.2,68.4,70.5,66.0,14,10.3,59.1,16,9.0,44,63.0,7.75,1,0,7.0,No,82.2,58.5,Average,Medium
STU100913,22,Male,CIVIL,3,68.4,71.4,68.6,42.3,8,9.8,62.6,19,19.0,44,56.1,7.83,1,6,11.0,Yes,72.2,50.8,Average,Medium
STU100914,21,Male,ECE,8,70.0,52.3,75.9,50.1,13,6.5,66.2,25,19.0,52,63.0,5.41,0,1,12.0,Yes,64.0,44.7,Poor,High
STU100915,22,Female,MECH,3,85.0,74.8,89.0,87.0,13,15.8,77.6,32,26.0,40,86.0,7.0,1,4,15.0,No,89.5,77.4,Good,Low
STU100916,23,Male,AI&DS,2,76.3,88.7,81.3,69.9,19,15.3,71.5,25,18.0,54,62.4,7.55,2,0,17.0,No,76.8,68.7,Good,Low
STU100917,22,Other,CSE,7,69.5,79.1,77.2,65.9,15,16.3,82.0,25,21.0,50,72.1,7.69,2,2,16.0,No,66.7,70.0,Good,Low
STU100918,20,Female,ECE,5,84.0,70.3,81.8,65.9,13,14.9,79.5,29,19.0,47,80.8,7.28,0,3,11.0,No,75.9,62.8,Average,Medium
STU100919,24,Female,EEE,7,76.5,79.1,82.3,88.4,16,16.2,57.3,26,17.0,44,67.5,8.47,1,6,10.0,No,80.5,81.0,Excellent,Low
STU100920,22,Female,AI&DS,8,66.5,55.1,44.1,29.5,11,10.1,42.0,13,6.0,17,5.5,4.0,3,2,1.0,Yes,42.6,26.2,Poor,High
STU100921,24,Female,ECE,3,70.5,62.3,74.9,48.1,13,7.8,69.5,25,16.0,33,67.3,6.12,0,5,10.0,Yes,58.4,63.5,Average,Medium
STU100922,21,Male,MECH,5,82.0,51.3,60.7,49.8,11,13.0,48.3,32,13.0,44,69.3,6.44,2,2,14.0,Yes,53.4,57.5,Average,Medium
STU100923,21,Female,IT,3,78.1,61.0,78.4,57.0,11,14.9,76.0,27,20.0,34,75.9,5.67,0,3,14.0,No,69.5,75.8,Good,Low
STU100924,23,Male,IT,5,87.4,56.4,66.3,60.9,10,12.2,63.0,28,15.0,33,70.2,6.48,2,0,14.0,No,77.2,58.2,Average,Medium
STU100925,22,Male,EEE,3,72.3,56.3,64.7,51.8,7,9.7,69.5,14,16.0,34,48.3,7.16,1,3,7.0,No,57.8,68.3,Good,Low
STU100926,23,Female,EEE,3,95.1,90.6,87.0,84.0,19,19.4,89.5,42,20.0,50,75.5,7.66,0,2,13.0,No,91.7,82.9,Excellent,Low
STU100927,24,Male,ECE,5,69.1,76.0,87.9,72.4,14,14.4,63.1,33,15.0,43,,6.64,1,4,11.0,No,67.5,49.9,Poor,High
STU100928,19,Female,AI&DS,4,83.0,64.1,64.1,54.1,9,9.7,65.7,22,17.0,33,62.4,7.43,2,4,12.0,No,77.5,60.0,Average,Medium
STU100929,19,Other,MECH,7,72.2,53.5,59.1,65.7,13,14.2,59.4,16,14.0,30,55.4,6.71,1,3,8.0,No,71.2,59.5,Average,Medium
STU100930,19,Female,CSE,5,68.1,54.7,82.7,66.8,10,19.2,44.9,14,13.0,43,55.0,,0,2,11.0,No,60.7,69.2,Good,Low
STU100931,22,Male,IT,6,59.5,77.1,78.1,50.5,12,12.9,68.3,29,20.0,36,70.4,6.85,2,4,10.0,Yes,62.9,67.6,Good,Low
STU100932,23,Male,AI&DS,6,73.2,74.9,69.9,73.2,11,18.2,39.5,19,12.0,40,57.5,7.2,1,5,8.0,No,69.2,66.4,Good,Low
STU100933,24,Male,CSE,2,88.1,69.1,69.9,58.3,12,17.6,59.8,32,19.0,44,57.0,7.83,1,0,8.0,No,81.7,56.5,Average,Medium
STU100934,18,Male,AI&DS,5,78.2,81.7,72.5,62.9,10,18.9,73.6,31,19.0,64,72.8,8.75,0,1,12.0,No,72.3,66.4,Good,Low
STU100935,18,Female,CIVIL,5,77.0,80.1,77.9,59.0,15,12.8,68.1,30,23.0,42,64.5,6.52,1,1,14.0,No,76.6,73.5,Good,Low
STU100936,22,Female,AI&DS,6,81.3,70.8,76.7,61.0,12,14.5,75.9,37,22.0,43,83.0,7.63,1,2,13.0,Yes,79.9,70.4,Good,Low
STU100937,19,Female,EEE,2,69.0,57.6,49.9,40.4,3,6.2,54.7,3,4.0,21,44.6,,1,3,3.0,Yes,51.6,50.3,Average,Medium
STU100938,21,Female,AI&DS,2,73.6,65.7,79.9,51.8,14,17.8,72.3,32,26.0,40,79.4,5.63,1,2,10.0,No,69.6,54.3,Average,Medium
STU100939,18,Male,EEE,7,82.4,72.8,80.3,77.7,16,14.4,73.0,35,18.0,54,79.0,5.79,1,3,19.0,No,68.2,77.3,Good,Low
STU100940,18,Male,EEE,7,80.8,54.9,92.0,64.6,10,22.9,75.0,28,20.0,37,80.5,7.02,1,0,12.0,Yes,72.9,73.4,Good,Low
STU100941,21,Female,IT,4,70.2,60.3,49.5,57.3,8,14.2,45.4,12,8.0,12,38.7,6.19,1,2,5.0,No,64.2,44.8,Poor,High
STU100942,22,Male,AI&DS,2,83.1,70.0,84.2,74.7,14,17.8,70.4,28,19.0,34,56.1,7.27,0,1,14.0,No,71.6,76.7,Good,Low
STU100943,24,Male,AI&DS,3,75.0,72.3,76.7,81.0,16,10.2,78.6,28,18.0,61,69.8,7.13,1,1,12.0,No,77.9,63.7,Average,Medium
STU100944,21,Female,CSE,6,90.4,80.8,89.5,72.0,17,20.1,87.9,40,27.0,49,74.5,7.2,0,2,19.0,No,72.9,79.3,Good,Low
STU100945,22,Male,ECE,6,74.4,66.0,69.8,54.9,12,12.4,49.0,25,11.0,36,26.5,7.38,2,1,7.0,No,70.6,60.6,Average,Medium
STU100946,24,Male,CIVIL,7,88.4,70.1,81.4,67.2,16,11.4,65.7,28,17.0,37,94.7,6.6,2,3,10.0,No,65.6,64.4,Average,Medium
STU100947,21,Male,CSE,5,73.6,45.8,62.0,69.0,5,11.0,62.1,20,14.0,19,40.2,6.14,2,3,3.0,No,69.4,49.0,Poor,High
STU100948,19,Male,IT,7,62.9,37.4,62.1,31.9,11,2.0,46.9,8,13.0,25,54.2,4.0,4,3,4.0,Yes,53.5,32.3,Poor,High
STU100949,23,Female,CSE,3,83.3,57.3,50.0,63.1,14,13.9,75.5,23,15.0,38,65.4,6.9,1,0,4.0,No,61.1,73.3,Good,Low
STU100950,18,Male,CIVIL,3,51.6,26.8,70.8,33.0,9,5.0,50.2,24,9.0,15,64.5,4.0,3,5,7.0,Yes,45.4,13.6,Poor,High
STU100951,19,Female,MECH,4,69.5,44.5,72.2,39.0,9,4.3,72.2,22,14.0,32,52.4,5.71,1,6,7.0,No,49.6,46.0,Poor,High
STU100952,18,Male,IT,7,100.0,72.2,99.6,63.0,17,17.8,70.5,30,20.0,48,98.9,7.37,0,2,12.0,No,77.8,72.6,Good,Low
STU100953,22,Male,ECE,8,61.5,72.1,63.0,60.5,9,21.2,41.8,22,17.0,47,45.9,6.67,0,3,10.0,Yes,67.8,50.5,Average,Medium
STU100954,19,Male,MECH,2,59.6,53.7,59.8,55.3,9,4.6,63.1,8,19.0,14,61.0,5.8,1,3,10.0,Yes,45.0,47.6,Poor,High
STU100955,20,Female,CSE,3,69.9,52.4,76.1,60.8,12,,73.2,22,,43,60.8,6.06,0,2,6.0,No,48.7,44.9,Poor,High
STU100956,22,Female,AI&DS,2,73.7,72.7,64.4,61.6,13,21.0,65.8,20,13.0,32,68.1,8.5,2,1,11.0,No,63.9,60.7,Average,Medium
STU100957,20,Female,CIVIL,7,77.3,69.8,63.3,50.0,11,9.1,47.9,14,6.0,38,49.7,5.69,1,2,4.0,No,72.3,52.1,Average,Medium
STU100958,20,Female,CSE,7,95.5,100.0,92.4,79.0,20,21.4,81.0,39,26.0,72,67.8,10.0,1,2,10.0,No,87.7,89.5,Excellent,Low
STU100959,21,Male,CIVIL,8,74.9,62.2,63.2,56.7,11,14.9,66.3,25,18.0,51,60.6,6.96,2,0,4.0,No,70.7,60.7,Average,Medium
STU100960,18,Female,AI&DS,3,85.1,70.9,83.3,61.9,11,17.5,62.8,29,11.0,27,73.2,7.08,0,1,12.0,No,70.6,74.3,Good,Low
STU100961,24,Female,AI&DS,5,76.8,71.0,81.2,84.6,13,22.9,69.7,38,18.0,34,63.1,8.41,1,1,12.0,No,75.5,79.2,Good,Low
STU100962,24,Female,EEE,5,80.6,74.6,70.7,60.5,12,8.5,64.2,27,20.0,39,65.2,6.43,0,2,14.0,No,78.1,64.4,Average,Medium
STU100963,22,Male,CSE,8,78.3,74.4,59.5,52.8,9,12.0,48.1,19,13.0,20,58.2,5.6,2,1,14.0,No,63.8,54.0,Average,Medium
STU100964,18,Female,EEE,8,76.5,55.6,60.2,45.0,7,10.1,49.5,23,11.0,25,43.7,5.88,2,0,5.0,Yes,,41.4,Poor,High
STU100965,21,Female,IT,7,80.0,72.9,67.9,53.4,19,13.1,78.7,31,23.0,34,89.2,7.22,2,3,16.0,No,59.4,56.9,Average,Medium
STU100966,20,Female,CSE,3,69.3,56.1,66.3,45.3,10,9.6,47.8,21,15.0,28,54.9,5.24,2,3,8.0,No,60.3,47.3,Poor,High
STU100967,19,Male,AI&DS,4,87.1,60.0,62.7,86.0,11,11.7,76.6,27,8.0,45,60.0,6.33,2,4,8.0,No,72.4,53.5,Average,Medium
STU100968,24,Male,CSE,7,47.3,47.6,68.5,43.9,10,6.3,38.9,19,16.0,31,60.2,5.76,1,6,9.0,Yes,46.4,43.4,Poor,High
STU100969,20,Male,ECE,6,83.2,94.1,75.9,,19,13.2,67.5,35,21.0,34,76.9,7.27,2,2,9.0,No,84.4,70.6,Good,Low
STU100970,22,Female,MECH,6,57.6,66.4,51.0,60.8,10,18.5,52.5,15,7.0,35,59.2,6.16,2,5,3.0,Yes,57.9,44.5,Poor,High
STU100971,22,Male,IT,2,78.4,71.2,77.2,57.6,12,9.2,70.1,26,20.0,29,63.3,6.22,0,3,7.0,Yes,65.6,54.9,Average,Medium
STU100972,20,Female,AI&DS,4,75.3,60.6,53.9,49.8,8,16.7,44.9,24,10.0,38,47.9,4.82,0,5,5.0,No,54.6,39.8,Poor,High
STU100973,20,Male,CSE,8,91.8,70.0,75.1,66.7,11,12.1,59.9,17,21.0,45,70.4,7.6,1,0,8.0,No,72.5,71.8,Good,Low
STU100974,24,Male,CSE,5,73.3,60.3,59.9,55.0,11,15.4,58.0,21,11.0,39,58.3,6.98,1,2,7.0,Yes,63.9,54.0,Average,Medium
STU100975,23,Male,AI&DS,8,66.8,58.0,58.8,49.7,7,15.9,45.6,21,12.0,38,47.0,5.32,1,3,8.0,Yes,50.5,59.8,Average,Medium
STU100976,21,Female,ECE,4,63.2,50.0,73.8,47.3,13,12.7,80.2,26,18.0,35,68.2,6.34,2,3,12.0,No,66.1,56.7,Average,Medium
STU100977,21,Male,IT,7,73.2,67.1,76.1,80.2,15,12.0,61.9,35,16.0,61,75.3,8.77,0,1,11.0,No,80.7,73.3,Good,Low
STU100978,18,Female,CSE,7,72.5,52.7,78.5,39.6,10,11.0,62.2,21,16.0,38,63.8,5.36,0,1,11.0,No,53.7,51.7,Average,Medium
STU100979,19,Female,CIVIL,6,62.4,69.1,51.5,38.8,7,9.3,37.6,14,13.0,21,45.2,6.16,1,2,9.0,Yes,48.7,48.3,Poor,High
STU100980,18,Other,ECE,7,80.1,63.4,62.1,52.6,13,16.7,62.1,21,20.0,16,55.7,6.19,2,1,10.0,No,61.5,55.0,Average,Medium
STU100981,23,Female,IT,2,100.0,75.5,93.8,72.9,11,16.5,72.2,23,19.0,40,82.3,7.1,0,0,15.0,No,83.0,89.7,Excellent,Low
STU100982,24,Female,IT,4,67.6,41.2,73.6,51.5,11,9.5,66.4,20,17.0,23,53.8,6.18,0,0,8.0,Yes,68.0,58.1,Average,Medium
STU100983,19,Female,CIVIL,2,53.7,62.1,65.1,33.1,11,18.3,52.1,14,6.0,15,68.9,6.16,2,6,8.0,Yes,54.4,51.3,Average,Medium
STU100984,19,Male,ECE,6,79.0,63.7,95.0,56.5,15,21.9,85.7,27,24.0,33,86.5,6.7,2,0,15.0,No,58.5,62.8,Average,Medium
STU100985,20,Female,AI&DS,4,67.7,69.2,70.0,72.7,11,16.0,67.7,23,20.0,51,85.0,7.77,0,4,5.0,No,68.9,64.0,Average,Medium
STU100986,23,Female,CSE,5,85.1,64.2,84.0,68.0,17,13.7,78.3,40,26.0,53,78.6,5.42,1,3,19.0,No,65.3,56.7,Average,Medium
STU100987,20,Male,AI&DS,7,54.5,52.8,45.7,48.7,7,1.0,41.0,12,8.0,28,36.1,6.26,0,4,4.0,Yes,49.8,47.0,Poor,High
STU100988,18,Male,EEE,7,68.5,54.2,88.2,57.4,11,10.7,37.5,20,10.0,44,24.5,6.04,1,0,6.0,No,55.3,53.4,Average,Medium
STU100989,22,Female,IT,6,72.4,51.4,51.5,55.4,9,5.6,51.8,17,15.0,32,38.5,6.54,1,6,6.0,No,54.5,53.0,Average,Medium
STU100990,19,Female,EEE,2,64.2,64.4,52.9,60.7,12,10.0,50.9,21,12.0,38,48.3,5.29,2,5,11.0,Yes,66.0,32.6,Poor,High
STU100991,22,Male,ECE,6,91.1,84.1,77.9,59.7,14,18.4,78.5,39,,48,88.3,7.32,2,3,8.0,No,61.9,64.4,Average,Medium
STU100992,23,Female,AI&DS,4,67.3,78.7,81.0,64.5,11,23.8,50.1,28,15.0,25,48.3,7.51,0,3,10.0,No,73.0,57.6,Average,Medium
STU100993,18,Male,EEE,8,97.2,80.0,91.1,67.9,14,23.0,63.4,28,22.0,46,70.0,7.9,1,2,12.0,No,85.5,89.1,Excellent,Low
STU100994,24,Male,CSE,4,86.9,79.3,64.8,79.1,17,15.3,76.8,39,23.0,59,91.4,7.21,0,2,16.0,No,72.6,71.6,Good,Low
STU100995,22,Female,CSE,7,75.8,80.9,89.4,46.6,11,14.5,66.6,32,20.0,20,44.7,6.69,2,3,9.0,Yes,67.9,59.0,Average,Medium
STU100996,18,Male,CSE,6,79.0,65.6,89.1,73.6,17,15.7,82.4,29,21.0,45,80.6,6.61,1,1,12.0,No,72.5,65.0,Average,Medium
STU100997,19,Female,CIVIL,4,69.9,70.7,80.7,58.8,11,10.1,41.3,26,14.0,36,67.6,7.67,0,2,7.0,Yes,56.9,63.0,Average,Medium
STU100998,19,Female,AI&DS,3,76.3,58.1,74.3,61.5,10,11.5,68.8,20,9.0,21,71.5,6.88,2,0,8.0,No,74.2,59.1,Average,Medium
STU100999,24,Male,IT,3,85.4,60.3,86.4,57.6,16,12.5,56.1,25,19.0,32,77.6,,1,4,11.0,Yes,78.1,67.3,Good,Low
STU101000,23,Male,ECE,5,61.7,74.1,74.5,75.6,16,21.7,84.1,37,18.0,47,68.3,7.65,2,3,11.0,Yes,77.7,53.9,Average,Medium
STU101001,20,Female,MECH,8,86.9,71.2,75.1,69.8,17,14.7,55.0,17,12.0,36,69.5,6.6,1,0,11.0,No,65.3,82.5,Excellent,Low
STU101002,21,Female,CIVIL,8,71.9,59.1,70.2,56.0,7,7.1,63.4,11,8.0,35,59.6,4.66,2,0,12.0,Yes,66.2,62.5,Average,Medium
STU101003,20,Female,IT,4,71.6,66.4,73.1,47.4,13,10.8,57.0,22,11.0,34,71.8,6.47,0,3,10.0,Yes,60.2,49.9,Poor,High
STU101004,20,Female,CSE,2,85.4,62.9,83.3,76.5,13,16.8,72.8,28,15.0,14,61.3,6.83,1,2,8.0,No,69.2,73.0,Good,Low
STU101005,22,Female,CSE,3,79.9,55.5,57.5,68.6,14,12.7,51.4,33,19.0,42,67.6,5.95,2,1,10.0,No,74.0,64.1,Average,Medium
STU101006,19,Male,CSE,5,81.9,75.7,83.1,62.9,16,14.0,90.0,45,19.0,58,76.8,6.11,2,2,13.0,No,71.3,72.3,Good,Low
STU101007,23,Male,ECE,4,76.4,67.7,69.5,70.2,16,17.9,81.7,35,16.0,31,76.9,6.65,2,3,11.0,Yes,66.1,56.4,Average,Medium
STU101008,24,Male,CSE,2,81.3,50.4,74.1,67.9,8,16.6,58.4,22,17.0,15,60.3,6.64,0,5,6.0,No,65.9,63.9,Average,Medium
STU101009,24,Male,EEE,3,67.2,73.7,65.8,53.3,10,19.6,56.3,25,14.0,33,44.6,5.97,1,4,10.0,Yes,59.9,43.0,Poor,High
STU101010,19,Female,AI&DS,6,70.6,67.3,65.3,51.1,8,13.0,61.8,18,14.0,39,52.1,7.31,1,3,8.0,No,54.6,54.6,Average,Medium
STU101011,20,Other,IT,3,60.7,50.4,74.9,49.1,13,9.5,,28,13.0,33,90.7,4.59,1,6,10.0,Yes,55.7,49.1,Poor,High
STU101012,19,Female,CIVIL,3,85.2,91.0,89.1,59.5,9,16.4,61.6,24,18.0,43,80.2,7.88,0,1,11.0,Yes,80.9,60.7,Average,Medium
STU101013,22,Female,MECH,4,74.0,75.2,78.0,54.3,9,15.8,47.0,28,13.0,21,79.4,7.34,2,3,12.0,No,62.7,65.2,Good,Low
STU101014,20,Male,MECH,8,61.4,56.7,72.4,50.3,7,8.1,67.2,21,10.0,22,67.2,5.34,2,4,7.0,Yes,59.1,57.7,Average,Medium
STU101015,20,Female,CSE,7,70.6,59.2,64.4,53.6,19,5.2,79.7,22,14.0,40,85.6,5.3,2,3,11.0,Yes,66.2,46.9,Poor,High
STU101016,18,Male,CSE,4,59.5,61.3,46.5,41.8,6,10.5,56.9,12,15.0,29,44.3,4.56,1,2,11.0,No,44.7,50.6,Average,Medium
STU101017,21,Female,ECE,7,61.9,60.3,44.9,67.2,11,12.8,61.0,15,8.0,37,65.7,6.82,2,5,5.0,Yes,69.3,42.7,Poor,High
STU101018,21,Female,IT,8,65.6,61.8,67.4,55.3,11,12.2,67.1,28,24.0,38,69.7,5.82,1,3,8.0,Yes,55.3,52.4,Average,Medium
STU101019,21,Female,CSE,3,66.9,55.8,69.1,47.3,6,18.3,52.5,21,8.0,50,67.7,5.82,1,0,10.0,Yes,61.1,63.7,Average,Medium
STU101020,20,Female,ECE,2,76.7,63.1,80.1,66.9,12,13.0,72.8,25,19.0,10,63.8,8.55,1,2,8.0,No,70.7,72.2,Good,Low
STU101021,23,Male,CIVIL,3,89.6,76.2,86.4,74.9,19,19.4,66.2,31,19.0,46,59.7,6.84,3,1,10.0,No,82.9,72.4,Good,Low
STU101022,22,Female,AI&DS,7,92.4,58.7,69.1,58.0,12,11.5,72.6,32,21.0,34,66.4,6.25,2,4,12.0,Yes,56.0,58.4,Average,Medium
STU101023,19,Male,IT,2,88.5,67.6,90.1,83.3,20,17.3,92.1,36,26.0,43,100.0,6.78,0,1,13.0,No,83.2,84.7,Excellent,Low
STU101024,20,Female,IT,3,91.3,69.2,79.6,67.7,18,13.3,85.9,30,23.0,46,64.4,6.56,1,1,14.0,No,80.5,70.7,Good,Low
STU101025,22,Male,CSE,8,58.5,30.4,38.0,41.3,8,6.6,29.7,19,,29,59.5,4.5,2,3,14.0,Yes,44.1,38.6,Poor,High
STU101026,18,Female,EEE,3,42.0,54.4,65.8,54.1,5,13.5,57.8,20,13.0,34,47.7,5.9,1,5,3.0,Yes,69.3,54.2,Average,Medium
STU101027,20,Male,CSE,5,60.3,38.2,51.5,32.9,6,3.3,42.6,16,11.0,24,57.9,4.79,2,5,3.0,Yes,40.3,34.7,Poor,High
STU101028,24,Female,ECE,8,78.0,72.8,66.1,46.7,13,11.3,63.5,18,16.0,24,44.4,6.36,1,2,14.0,Yes,67.5,51.8,Average,Medium
STU101029,21,Female,IT,7,82.4,,75.7,78.0,9,13.5,52.1,28,18.0,26,63.2,7.54,2,3,10.0,No,80.4,61.8,Average,Medium
STU101030,21,Male,CSE,4,89.1,77.9,88.3,61.5,17,29.5,72.3,37,25.0,41,64.1,8.24,0,1,13.0,No,85.9,83.7,Excellent,Low
STU101031,22,Female,IT,3,87.1,65.0,85.8,83.2,14,17.8,84.0,39,16.0,50,67.8,7.11,0,3,9.0,Yes,75.8,70.7,Good,Low
STU101032,20,Female,IT,6,83.3,57.8,76.5,82.9,15,15.0,94.7,30,25.0,59,92.4,6.41,1,1,18.0,Yes,78.8,78.7,Good,Low
STU101033,23,Female,MECH,4,71.2,43.5,63.5,51.2,12,13.2,68.5,22,17.0,24,52.9,5.56,1,1,13.0,No,57.7,52.5,Average,Medium
STU101034,18,Male,AI&DS,7,72.5,75.8,65.9,73.0,14,8.8,89.7,24,20.0,43,64.9,7.1,0,2,13.0,No,65.2,64.4,Average,Medium
STU101035,21,Female,AI&DS,6,73.2,56.0,81.3,62.0,13,14.8,65.4,23,23.0,33,57.5,6.64,0,3,10.0,No,60.5,63.8,Average,Medium
STU101036,22,Male,ECE,4,69.2,65.1,82.8,69.9,18,15.3,78.4,31,24.0,48,72.5,6.45,2,3,11.0,No,64.6,64.4,Average,Medium
STU101037,19,Male,CSE,4,75.8,79.8,71.6,60.7,11,11.2,54.8,22,11.0,28,57.4,8.36,0,2,9.0,No,69.3,64.2,Average,Medium
STU101038,23,Male,CSE,2,70.8,63.2,58.6,,13,18.7,63.4,20,16.0,25,68.9,6.55,3,4,12.0,No,72.4,43.9,Poor,High
STU101039,18,Female,CSE,6,81.1,86.5,62.0,72.8,12,14.9,63.8,30,13.0,32,67.7,7.77,1,1,6.0,Yes,70.2,62.3,Average,Medium
STU101040,22,Male,MECH,8,60.5,65.9,50.3,50.5,9,9.7,37.6,13,16.0,48,40.4,8.11,0,1,13.0,No,59.2,53.1,Average,Medium
STU101041,22,Female,CSE,8,67.3,49.4,83.7,32.8,15,11.9,62.8,33,19.0,12,66.0,5.89,1,0,13.0,Yes,48.1,58.8,Average,Medium
STU101042,23,Male,AI&DS,6,72.6,80.1,76.7,73.6,14,13.5,84.2,37,19.0,38,77.9,7.76,1,3,16.0,No,82.7,62.6,Average,Medium
STU101043,19,Male,MECH,7,63.0,87.8,74.3,62.9,12,9.3,57.6,29,13.0,33,60.5,7.46,1,0,10.0,Yes,68.1,74.2,Good,Low
STU101044,19,Female,CSE,8,58.9,58.1,61.2,60.7,10,11.6,70.3,17,14.0,28,53.6,6.64,3,4,11.0,No,60.5,35.8,Poor,High
STU101045,22,Male,AI&DS,3,76.5,49.6,64.0,45.2,11,10.3,54.4,21,13.0,20,69.9,5.46,1,4,13.0,Yes,55.4,48.5,Poor,High
STU101046,24,Male,CSE,7,53.0,33.3,58.6,57.1,14,5.2,52.2,19,13.0,22,51.7,6.46,2,4,6.0,No,44.5,32.2,Poor,High
STU101047,23,Male,CSE,2,76.3,42.1,72.8,63.5,13,9.4,62.6,24,19.0,39,80.4,5.73,1,3,13.0,Yes,50.6,53.3,Average,Medium
STU101048,19,Male,AI&DS,7,90.0,84.8,89.3,71.9,16,13.3,85.5,39,26.0,53,100.0,7.0,0,1,12.0,No,84.6,71.5,Good,Low
STU101049,20,Male,CSE,3,74.8,,72.8,,9,9.6,59.0,25,13.0,39,58.1,6.48,2,1,10.0,No,51.8,55.7,Average,Medium
STU101050,19,Female,ECE,6,84.9,59.3,82.3,71.7,14,16.7,56.3,20,20.0,40,66.0,8.22,2,1,10.0,No,73.4,62.6,Average,Medium
STU101051,23,Female,CSE,2,58.9,49.0,48.8,27.5,8,9.2,52.8,24,2.0,7,44.9,6.66,1,6,7.0,Yes,49.4,27.4,Poor,High
STU101052,21,Male,AI&DS,2,75.4,80.6,65.1,45.2,9,11.7,69.7,16,7.0,37,59.7,6.86,0,4,5.0,Yes,76.7,64.2,Average,Medium
STU101053,21,Male,MECH,6,81.9,63.9,53.9,65.2,12,7.3,66.4,24,12.0,37,35.5,6.86,1,1,8.0,No,75.2,43.3,Poor,High
STU101054,18,Female,EEE,8,100.0,100.0,85.5,75.5,15,20.2,90.4,37,24.0,50,54.6,9.39,0,0,16.0,Yes,90.9,86.3,Excellent,Low
STU101055,22,Male,AI&DS,2,61.0,42.1,61.7,39.5,9,5.7,47.9,23,11.0,39,58.1,4.96,2,7,9.0,Yes,50.4,24.2,Poor,High
STU101056,21,Male,IT,7,69.4,90.4,78.8,75.0,13,12.0,69.7,16,26.0,37,80.8,7.95,0,0,12.0,No,70.9,77.2,Good,Low
STU101057,18,Male,CIVIL,7,77.1,60.8,75.0,74.1,15,16.5,97.5,32,22.0,57,82.9,7.88,1,2,14.0,No,73.9,63.7,Average,Medium
STU101058,19,Female,EEE,7,60.8,55.7,59.3,67.3,6,7.5,51.4,19,12.0,39,59.2,7.08,1,4,8.0,Yes,56.2,49.4,Poor,High
STU101059,23,Female,ECE,3,56.5,55.7,72.3,72.3,10,13.1,64.6,26,18.0,34,64.1,6.75,2,4,8.0,Yes,70.6,51.1,Average,Medium
STU101060,23,Male,CSE,8,90.3,,70.6,61.6,16,14.9,63.1,25,16.0,33,77.4,6.97,1,2,13.0,No,68.1,59.5,Average,Medium
STU101061,21,Male,ECE,6,61.4,71.8,78.1,52.2,13,10.5,75.8,31,23.0,34,81.1,7.43,3,3,8.0,Yes,67.5,65.5,Good,Low
STU101062,23,Female,EEE,3,100.0,77.0,87.6,66.3,17,22.4,79.6,41,20.0,47,81.4,8.09,1,1,14.0,No,77.9,72.4,Good,Low
STU101063,23,Male,IT,8,74.3,67.3,63.6,56.7,10,9.8,60.3,28,12.0,51,71.7,5.66,2,4,9.0,No,64.6,51.1,Average,Medium
STU101064,22,Male,IT,3,66.9,65.7,81.3,76.4,15,13.1,49.3,31,20.0,59,71.9,7.36,2,8,10.0,Yes,78.0,61.2,Average,Medium
STU101065,19,Female,CSE,5,62.7,53.7,43.1,73.2,10,7.8,50.0,24,10.0,36,50.2,6.13,2,8,7.0,Yes,58.4,38.3,Poor,High
STU101066,20,Male,IT,3,80.8,60.3,75.9,66.6,17,14.3,79.4,34,21.0,43,84.8,5.8,1,3,11.0,Yes,71.0,63.7,Average,Medium
STU101067,23,Male,MECH,4,75.3,68.6,80.0,35.0,11,10.2,72.3,22,15.0,28,65.6,5.58,2,2,13.0,Yes,58.1,56.5,Average,Medium
STU101068,20,Female,MECH,6,82.8,73.7,80.8,78.2,15,12.8,75.4,34,24.0,54,83.8,6.65,3,2,16.0,No,77.7,71.6,Good,Low
STU101069,22,Female,IT,8,80.6,78.0,62.5,63.0,12,13.3,65.0,27,16.0,28,67.5,7.01,1,4,3.0,Yes,71.5,56.2,Average,Medium
STU101070,23,Male,AI&DS,5,66.1,61.6,69.3,44.7,10,13.3,66.0,30,15.0,43,,6.72,1,1,8.0,Yes,60.6,53.4,Average,Medium
STU101071,21,Male,AI&DS,6,72.3,56.7,84.3,68.7,14,10.4,60.5,24,17.0,25,71.5,6.91,0,4,10.0,Yes,78.9,55.6,Average,Medium
STU101072,21,Male,IT,2,71.4,42.5,62.2,49.0,7,14.7,42.8,5,5.0,3,35.4,6.33,2,4,3.0,No,45.7,42.5,Poor,High
STU101073,19,Male,CSE,3,72.9,72.7,68.0,68.1,10,11.2,63.2,21,16.0,42,51.6,6.39,0,0,10.0,Yes,65.6,62.2,Average,Medium
STU101074,21,Male,MECH,6,67.9,34.9,74.7,39.7,9,9.8,48.1,17,15.0,27,56.2,4.9,0,4,7.0,Yes,45.5,52.6,Average,Medium
STU101075,18,Male,CIVIL,2,54.7,49.3,62.1,68.5,8,9.3,43.7,18,14.0,37,53.3,5.64,1,3,9.0,Yes,63.4,54.9,Average,Medium
STU101076,18,Male,IT,4,86.7,71.8,47.5,69.1,8,12.4,62.1,20,15.0,46,50.4,7.91,2,4,10.0,No,74.6,54.7,Average,Medium
STU101077,21,Male,CSE,2,89.8,66.2,84.0,62.2,17,21.0,54.4,30,16.0,16,70.5,7.2,1,1,14.0,No,65.4,67.5,Good,Low
STU101078,19,Male,MECH,5,81.1,89.9,100.0,100.0,13,22.2,58.4,29,23.0,42,69.1,8.71,1,0,12.0,Yes,100.0,83.7,Excellent,Low
STU101079,20,Female,CSE,3,81.4,52.2,68.6,57.4,13,14.0,61.0,16,13.0,21,50.1,5.61,2,2,5.0,No,51.6,62.2,Average,Medium
STU101080,20,Female,IT,3,68.7,76.2,85.1,72.7,10,18.1,68.7,31,21.0,49,59.7,8.51,0,3,13.0,Yes,68.8,69.1,Good,Low
STU101081,21,Other,ECE,5,70.1,61.3,49.6,55.2,12,7.2,52.8,21,15.0,20,63.2,6.48,0,0,9.0,No,74.8,51.5,Average,Medium
STU101082,22,Female,EEE,3,84.9,45.9,63.7,28.3,14,15.0,63.3,29,20.0,11,76.4,5.41,1,3,8.0,Yes,42.6,53.8,Average,Medium
STU101083,21,Female,CIVIL,7,94.4,74.6,86.1,70.2,9,14.3,71.9,24,17.0,27,71.9,6.69,0,0,9.0,Yes,72.6,62.1,Average,Medium
STU101084,23,Male,ECE,5,83.5,58.3,86.8,59.1,15,12.6,64.1,42,23.0,51,74.3,6.78,1,3,10.0,No,76.7,67.3,Good,Low
STU101085,21,Female,ECE,8,71.6,59.3,67.3,57.6,14,24.1,35.6,25,15.0,51,64.9,7.27,1,6,9.0,No,54.5,62.0,Average,Medium
STU101086,24,Female,ECE,3,51.0,57.4,68.3,55.2,11,,,18,13.0,19,67.5,6.93,2,5,8.0,Yes,45.8,49.0,Poor,High
STU101087,24,Female,EEE,2,64.5,53.7,58.4,35.7,11,9.4,54.1,10,14.0,14,49.8,4.76,0,3,2.0,Yes,49.3,56.0,Average,Medium
STU101088,20,Female,MECH,4,63.4,53.4,54.8,46.5,9,9.0,55.1,20,10.0,22,41.0,4.93,0,4,3.0,Yes,50.4,45.6,Poor,High
STU101089,23,Male,CIVIL,2,66.9,73.7,66.8,54.7,11,13.5,44.3,21,10.0,40,69.6,7.12,2,4,7.0,No,67.3,51.6,Average,Medium
STU101090,21,Female,CSE,4,58.9,38.2,55.2,38.4,11,7.9,48.0,20,5.0,43,43.4,6.28,1,4,8.0,Yes,46.3,22.0,Poor,High
STU101091,24,Female,AI&DS,7,77.8,62.8,71.1,,9,12.8,61.4,10,16.0,27,51.4,5.02,2,7,3.0,Yes,52.1,45.2,Poor,High
STU101092,23,Female,ECE,8,67.5,62.7,69.6,54.8,12,9.1,65.0,16,15.0,43,57.4,6.52,0,4,8.0,No,61.8,56.9,Average,Medium
STU101093,20,Male,CSE,5,94.0,71.1,86.2,52.8,15,18.1,76.5,25,21.0,47,98.5,6.81,2,0,15.0,Yes,69.7,68.5,Good,Low
STU101094,20,Male,MECH,3,67.1,65.7,78.3,46.0,6,13.4,51.2,13,10.0,40,62.5,7.19,2,3,11.0,No,59.5,51.9,Average,Medium
STU101095,24,Female,ECE,4,61.6,63.1,53.2,52.8,11,10.0,65.1,23,11.0,22,56.9,7.08,1,4,8.0,Yes,70.9,38.8,Poor,High
STU101096,21,Male,CSE,4,71.7,67.8,74.2,70.3,11,16.0,61.8,24,13.0,36,70.7,8.07,1,3,8.0,No,68.9,64.2,Average,Medium
STU101097,22,Female,EEE,2,82.3,89.8,77.2,87.9,16,22.3,60.8,21,15.0,25,69.7,7.75,0,2,13.0,No,84.0,71.2,Good,Low
STU101098,22,Male,AI&DS,7,96.4,80.9,87.2,77.8,19,17.8,93.6,25,23.0,51,88.7,6.96,0,2,12.0,No,83.9,79.1,Good,Low
STU101099,19,Male,MECH,7,77.8,77.7,80.3,72.6,12,17.1,65.5,29,16.0,54,68.4,8.52,0,1,7.0,No,78.4,75.6,Good,Low
STU101100,19,Female,CSE,4,,68.4,93.3,66.0,14,19.0,67.7,36,23.0,50,76.6,6.64,1,2,12.0,No,81.6,81.9,Excellent,Low
STU101101,24,Female,CSE,5,90.6,93.9,88.1,69.9,15,17.3,77.9,38,23.0,45,77.3,7.75,0,4,17.0,No,80.7,68.9,Good,Low
STU101102,19,Female,CSE,5,76.9,71.6,69.0,71.0,16,16.5,74.6,36,12.0,29,50.9,7.63,0,3,14.0,No,73.0,72.2,Good,Low
STU101103,24,Female,ECE,5,62.5,70.1,62.9,72.9,9,12.6,55.4,26,17.0,50,54.0,7.93,2,3,7.0,Yes,66.2,54.5,Average,Medium
STU101104,20,Female,MECH,7,78.9,69.1,66.3,70.2,13,21.4,52.2,35,17.0,31,67.3,5.81,0,5,5.0,Yes,70.5,68.8,Good,Low
STU101105,23,Female,EEE,6,61.2,59.0,60.8,41.8,6,11.6,56.1,31,13.0,20,45.1,5.05,0,4,7.0,Yes,49.3,43.5,Poor,High
STU101106,22,Female,CSE,2,74.6,80.4,88.0,69.7,17,25.2,75.8,30,22.0,29,98.8,6.94,1,1,13.0,No,60.7,70.0,Good,Low
STU101107,18,Female,EEE,3,57.9,50.0,62.4,44.2,12,16.5,58.6,26,12.0,33,66.9,5.22,1,1,11.0,Yes,41.0,50.5,Average,Medium
STU101108,19,Female,ECE,8,58.1,42.6,57.2,28.9,6,8.0,34.7,4,13.0,38,47.7,5.52,2,1,10.0,Yes,41.2,42.6,Poor,High
STU101109,24,Female,CIVIL,4,83.2,,76.8,71.7,19,18.9,73.3,36,20.0,46,78.2,7.56,0,2,17.0,Yes,82.3,68.0,Good,Low
STU101110,19,Female,AI&DS,5,69.4,65.7,73.9,64.3,11,16.8,72.3,22,23.0,53,,7.23,2,6,11.0,No,73.4,66.5,Good,Low
STU101111,19,Female,MECH,7,87.1,70.8,86.2,83.6,15,20.5,78.5,36,17.0,41,89.2,7.86,0,1,14.0,Yes,68.5,80.1,Excellent,Low
STU101112,19,Female,EEE,7,83.2,64.1,89.0,48.7,9,14.5,74.7,27,16.0,37,72.2,6.22,2,0,9.0,No,78.0,63.8,Average,Medium
STU101113,22,Female,EEE,5,71.3,47.8,50.2,39.7,12,13.5,71.6,25,15.0,31,52.2,5.9,3,5,11.0,Yes,60.6,43.5,Poor,High
STU101114,23,Female,ECE,8,64.6,,78.3,65.8,10,6.5,60.5,16,15.0,25,53.8,7.14,1,3,12.0,Yes,62.7,59.1,Average,Medium
STU101115,24,Female,CSE,6,76.4,69.6,85.6,54.5,13,11.7,75.5,27,18.0,33,59.5,7.75,2,2,7.0,Yes,68.8,60.9,Average,Medium
STU101116,24,Male,CSE,8,70.0,57.3,68.2,52.0,8,11.4,44.8,24,13.0,25,44.7,6.55,1,1,9.0,No,45.4,65.7,Good,Low
STU101117,24,Male,CIVIL,5,68.5,75.4,84.2,72.7,9,14.0,50.5,25,18.0,34,69.2,8.38,1,4,10.0,No,74.2,56.8,Average,Medium
STU101118,24,Male,EEE,3,51.6,51.8,47.0,54.6,4,4.7,38.8,1,5.0,10,40.5,6.41,0,4,6.0,Yes,50.5,39.4,Poor,High
STU101119,21,Male,EEE,2,79.9,72.1,63.1,75.6,15,16.5,59.3,25,13.0,49,72.0,6.19,1,4,11.0,No,68.1,54.7,Average,Medium
STU101120,23,Male,ECE,5,61.4,55.5,57.0,44.0,9,5.9,31.9,14,15.0,4,36.5,5.19,1,4,7.0,Yes,48.5,35.2,Poor,High
STU101121,22,Male,CSE,8,74.1,73.1,74.6,62.5,11,12.0,72.5,23,21.0,42,78.6,7.64,1,5,12.0,No,63.1,52.8,Average,Medium
STU101122,18,Male,AI&DS,4,62.1,58.0,52.2,53.3,3,14.1,54.0,12,13.0,10,40.9,7.13,0,4,4.0,No,52.0,52.1,Average,Medium
STU101123,18,Female,EEE,7,76.8,58.0,68.6,44.6,13,14.9,43.6,24,9.0,35,49.5,6.71,2,2,5.0,Yes,59.5,37.6,Poor,High
STU101124,18,Female,CSE,5,73.3,65.4,81.4,62.1,7,10.8,49.5,34,14.0,29,55.7,6.54,2,3,10.0,No,62.0,41.9,Poor,High
STU101125,20,Female,IT,7,69.6,66.9,72.1,52.1,12,9.0,66.3,23,14.0,28,39.7,5.64,2,3,6.0,No,57.6,44.8,Poor,High
STU101126,21,Male,CSE,7,85.8,71.1,83.6,46.6,15,12.0,82.0,25,24.0,48,60.5,7.54,1,0,12.0,No,67.1,65.3,Good,Low
STU101127,22,Male,MECH,6,70.7,79.7,59.7,60.8,13,21.5,79.6,29,23.0,30,61.7,8.23,0,0,19.0,No,75.8,70.4,Good,Low
STU101128,21,Male,AI&DS,4,79.9,54.6,60.7,57.2,11,17.1,56.2,25,16.0,46,59.0,6.23,2,2,12.0,Yes,60.9,50.5,Average,Medium
STU101129,20,Male,IT,4,72.6,67.1,74.6,63.9,15,14.4,65.5,32,15.0,41,77.2,5.62,1,4,9.0,No,58.5,59.1,Average,Medium
STU101130,23,Male,CIVIL,5,55.4,46.8,65.3,33.6,12,8.3,60.0,22,10.0,22,65.0,4.19,1,3,7.0,No,38.7,51.6,Average,Medium
STU101131,24,Female,AI&DS,7,58.0,46.4,54.9,38.6,13,6.7,66.4,26,13.0,8,66.8,6.21,2,5,12.0,No,45.7,38.6,Poor,High
STU101132,19,Male,ECE,6,58.7,67.0,66.0,68.6,12,13.6,53.5,21,21.0,46,49.7,,0,3,8.0,Yes,51.0,55.0,Average,Medium
STU101133,19,Female,IT,3,53.2,57.9,70.6,48.0,7,13.7,79.0,23,10.0,25,49.9,4.76,1,5,10.0,Yes,53.1,54.4,Average,Medium
STU101134,24,Female,EEE,3,74.6,76.0,79.0,83.6,14,17.4,82.1,37,21.0,54,87.0,7.41,0,5,10.0,No,65.8,71.1,Good,Low
STU101135,24,Male,CSE,4,63.6,61.8,57.2,64.8,8,12.5,53.6,14,10.0,30,37.3,5.86,2,3,7.0,No,54.4,52.0,Average,Medium
STU101136,20,Female,CIVIL,6,88.8,83.9,66.7,86.2,14,13.5,69.4,28,19.0,62,50.1,7.3,0,1,11.0,No,82.7,73.9,Good,Low
STU101137,21,Female,AI&DS,7,63.2,72.6,64.7,58.7,11,15.3,57.8,20,8.0,24,43.1,6.75,1,3,10.0,No,67.1,52.2,Average,Medium
STU101138,22,Male,AI&DS,3,83.3,66.3,73.1,46.8,15,10.2,69.7,30,14.0,44,69.1,5.51,2,3,11.0,No,54.7,45.2,Poor,High
STU101139,22,Female,CIVIL,7,89.8,64.1,90.3,38.9,11,14.3,49.3,23,,46,58.9,6.56,1,0,10.0,No,,68.5,Good,Low
STU101140,24,Female,IT,6,48.1,67.2,64.6,52.7,10,14.1,37.5,13,7.0,14,35.6,8.15,1,0,8.0,Yes,43.3,57.2,Average,Medium
STU101141,18,Female,CSE,3,92.6,72.0,91.0,94.0,15,22.5,74.4,32,19.0,48,82.6,7.66,1,3,14.0,No,89.8,88.3,Excellent,Low
STU101142,21,Female,AI&DS,3,71.0,50.0,71.5,38.1,15,11.2,54.9,23,14.0,27,64.0,5.35,2,2,10.0,Yes,47.5,41.7,Poor,High
STU101143,19,Male,AI&DS,3,54.0,28.4,38.9,46.4,3,9.3,32.7,11,9.0,18,56.9,4.44,3,3,2.0,Yes,38.2,36.3,Poor,High
STU101144,23,Male,IT,7,64.2,49.2,77.2,45.9,11,11.6,60.7,22,16.0,39,78.1,5.26,2,1,14.0,Yes,46.1,45.7,Poor,High
STU101145,22,Female,IT,3,71.8,76.3,67.9,75.3,14,20.7,71.1,26,16.0,51,74.1,5.04,1,2,10.0,No,78.1,60.2,Average,Medium
STU101146,23,Female,IT,3,83.5,58.0,81.5,74.2,18,20.4,64.6,29,22.0,44,86.6,7.91,1,0,12.0,No,71.1,61.5,Average,Medium
STU101147,24,Female,CSE,4,65.4,78.1,63.6,64.6,10,13.1,73.5,22,19.0,40,88.1,7.22,0,1,9.0,No,68.7,67.6,Good,Low
STU101148,23,Female,CSE,6,89.0,73.1,64.7,61.6,9,11.6,42.5,18,10.0,16,46.3,4.54,1,3,5.0,No,53.7,62.6,Average,Medium
STU101149,23,Female,EEE,5,75.7,76.3,93.3,65.2,13,18.4,73.3,31,16.0,34,56.6,7.53,1,1,8.0,No,61.7,78.5,Good,Low
STU101150,23,Female,CSE,6,96.3,82.3,80.4,75.1,13,16.1,67.3,36,18.0,43,88.0,6.51,0,2,13.0,Yes,63.1,76.8,Good,Low
STU101151,22,Male,CSE,4,77.7,52.0,74.3,54.0,11,9.2,67.7,23,15.0,34,62.3,8.2,2,4,14.0,Yes,74.2,52.9,Average,Medium
STU101152,20,Male,AI&DS,4,75.2,71.5,80.7,63.7,12,17.1,85.2,20,18.0,47,60.7,7.45,1,0,13.0,No,69.8,73.7,Good,Low
STU101153,20,Male,MECH,6,71.2,69.5,61.8,51.5,13,6.8,65.0,23,14.0,14,56.6,6.58,1,2,9.0,No,57.2,57.6,Average,Medium
STU101154,20,Male,MECH,6,74.6,61.7,77.1,46.6,12,13.2,55.8,17,15.0,38,55.3,5.82,1,4,9.0,No,53.0,54.0,Average,Medium
STU101155,22,Female,CIVIL,7,83.9,75.1,74.5,52.3,13,17.6,74.7,37,21.0,50,61.6,7.45,1,4,15.0,No,80.2,62.6,Average,Medium
STU101156,23,Female,CSE,7,74.3,66.3,65.0,81.6,16,12.2,60.8,25,15.0,17,70.8,6.44,1,0,7.0,No,90.1,69.2,Good,Low
STU101157,20,Female,CIVIL,4,73.3,58.9,65.7,49.0,14,,46.1,23,9.0,51,52.1,5.87,1,2,6.0,No,63.6,51.1,Average,Medium
STU101158,22,Male,ECE,2,98.3,71.2,88.6,88.1,20,21.2,97.2,43,26.0,72,73.3,8.26,0,1,15.0,No,87.1,72.7,Good,Low
STU101159,20,Male,AI&DS,2,58.7,40.2,50.2,17.1,6,2.3,60.8,11,5.0,24,40.3,4.0,2,4,6.0,Yes,39.5,27.0,Poor,High
STU101160,22,Male,EEE,6,82.8,43.6,72.7,42.5,15,10.8,78.5,29,16.0,30,63.0,5.91,2,2,8.0,No,58.7,66.4,Good,Low
STU101161,23,Female,CIVIL,5,75.2,48.7,60.3,42.1,13,8.1,38.8,20,14.0,20,53.9,6.35,2,3,6.0,No,72.4,53.9,Average,Medium
STU101162,20,Male,CSE,4,77.7,74.4,68.9,71.1,13,12.6,91.5,38,20.0,34,70.6,6.03,1,0,12.0,No,73.8,72.5,Good,Low
STU101163,20,Male,CIVIL,7,70.0,51.2,85.4,62.8,14,17.3,68.1,41,18.0,40,68.0,5.26,1,4,16.0,Yes,61.6,76.0,Good,Low
STU101164,19,Female,EEE,6,46.6,42.4,47.4,33.3,7,8.7,40.7,15,13.0,19,57.0,5.04,2,3,1.0,Yes,41.1,37.1,Poor,High
STU101165,21,Male,EEE,8,67.6,63.3,81.0,50.9,14,9.2,65.0,37,22.0,41,60.4,5.68,1,2,13.0,No,63.0,61.8,Average,Medium
STU101166,21,Female,IT,8,61.7,59.8,65.8,62.3,15,11.3,61.8,13,11.0,32,71.5,4.9,2,3,11.0,No,56.8,51.3,Average,Medium
STU101167,19,Male,MECH,7,90.1,90.9,95.5,,15,17.9,55.9,29,11.0,53,74.9,7.4,0,2,17.0,Yes,92.5,81.1,Excellent,Low
STU101168,24,Male,EEE,6,82.8,77.2,85.5,71.5,13,17.1,65.3,34,20.0,42,84.0,6.9,0,2,9.0,No,71.0,73.0,Good,Low
STU101169,24,Female,AI&DS,8,83.3,72.1,87.0,44.7,13,17.9,81.8,22,18.0,29,71.5,6.98,1,2,9.0,Yes,53.4,75.8,Good,Low
STU101170,20,Male,ECE,3,75.9,50.5,63.4,52.1,15,20.4,91.1,38,20.0,48,71.0,6.79,0,2,9.0,No,54.5,64.0,Average,Medium
STU101171,24,Male,CIVIL,8,60.8,54.9,46.7,51.0,2,14.4,24.3,22,14.0,12,48.0,4.68,1,2,2.0,No,40.8,67.5,Good,Low
STU101172,19,Female,IT,4,50.6,44.6,68.9,23.4,9,8.2,57.3,15,15.0,19,62.1,5.56,2,6,9.0,Yes,40.4,36.1,Poor,High
STU101173,20,Male,MECH,3,58.6,52.9,67.5,57.2,11,12.0,48.9,34,21.0,34,,6.62,2,1,10.0,Yes,62.5,54.2,Average,Medium
STU101174,18,Male,CIVIL,5,49.5,48.8,73.2,36.8,8,12.9,46.5,22,8.0,26,38.1,5.93,2,2,7.0,No,43.7,38.5,Poor,High
STU101175,22,Male,MECH,8,78.6,76.5,77.4,59.9,12,13.0,67.4,34,25.0,47,81.1,4.03,1,4,14.0,No,70.1,57.2,Average,Medium
STU101176,21,Female,CIVIL,2,,35.6,50.7,47.9,10,2.9,59.6,21,7.0,22,61.6,4.66,2,3,10.0,Yes,46.5,38.6,Poor,High
STU101177,19,Female,AI&DS,3,70.9,42.0,80.6,50.8,10,16.9,62.9,18,6.0,31,69.5,6.61,1,4,2.0,Yes,56.6,56.4,Average,Medium
STU101178,20,Female,ECE,6,83.9,62.1,65.1,70.2,16,10.7,76.5,32,16.0,34,71.8,5.25,0,4,14.0,No,70.9,63.1,Average,Medium
STU101179,24,Female,EEE,6,71.0,70.2,77.6,73.5,9,17.9,69.7,21,16.0,34,56.9,7.99,0,4,11.0,Yes,72.9,49.3,Poor,High
STU101180,22,Male,EEE,6,76.2,79.2,54.8,99.9,10,16.8,79.0,30,21.0,45,61.9,7.41,1,1,14.0,No,83.8,78.8,Good,Low
STU101181,19,Male,EEE,8,63.7,47.2,61.1,49.8,4,13.9,27.7,12,6.0,1,46.7,5.24,2,4,0.0,Yes,58.1,52.0,Average,Medium
STU101182,18,Female,IT,7,76.5,58.2,64.4,72.8,12,17.9,67.6,27,16.0,50,72.5,6.69,2,1,10.0,No,58.8,61.8,Average,Medium
STU101183,18,Male,CIVIL,7,73.1,55.7,62.8,47.7,8,8.7,58.7,26,17.0,54,79.4,6.38,2,3,8.0,Yes,58.3,49.2,Poor,High
STU101184,19,Female,CIVIL,2,92.4,78.1,73.7,77.9,16,19.0,73.7,45,22.0,54,74.4,7.35,0,4,17.0,Yes,79.4,60.5,Average,Medium
STU101185,23,Female,CIVIL,4,70.9,62.5,63.5,71.6,13,10.4,57.7,12,9.0,27,55.3,6.36,1,4,8.0,No,77.2,56.4,Average,Medium
STU101186,18,Female,CIVIL,6,66.1,54.2,59.5,36.8,3,6.4,59.9,8,11.0,17,46.4,5.71,2,3,6.0,Yes,47.6,39.1,Poor,High
STU101187,19,Male,MECH,7,71.9,44.9,78.9,52.5,11,6.2,63.7,21,21.0,27,59.2,5.58,0,3,11.0,Yes,67.7,44.8,Poor,High
STU101188,18,Female,AI&DS,4,73.2,56.7,67.0,56.0,11,13.9,76.4,24,15.0,48,61.1,6.52,1,2,6.0,No,65.2,65.1,Good,Low
STU101189,22,Female,CIVIL,6,84.8,70.2,68.8,53.4,12,10.2,64.5,25,13.0,26,56.0,6.9,1,3,14.0,No,67.6,68.9,Good,Low
STU101190,23,Male,AI&DS,3,75.1,72.7,71.4,60.0,16,18.0,55.1,22,24.0,48,77.8,6.06,1,0,15.0,No,74.4,60.7,Average,Medium
STU101191,21,Female,MECH,8,88.0,73.8,95.9,62.1,13,13.0,59.1,39,19.0,39,81.2,8.01,1,1,8.0,Yes,74.1,67.6,Good,Low
STU101192,24,Male,CSE,5,69.5,69.7,65.8,64.4,8,12.3,34.7,20,10.0,43,55.9,7.38,1,5,10.0,No,64.6,55.3,Average,Medium
STU101193,22,Male,EEE,2,53.2,60.2,69.6,56.6,8,10.5,53.1,16,16.0,32,49.5,6.75,2,5,11.0,Yes,49.6,55.5,Average,Medium
STU101194,23,Female,AI&DS,6,71.3,65.0,77.2,69.9,15,16.8,88.6,24,16.0,49,80.0,7.5,0,4,10.0,No,64.0,65.8,Good,Low
STU101195,20,Other,MECH,3,81.3,76.5,67.6,70.8,15,15.6,72.9,23,17.0,40,58.6,9.03,1,0,7.0,No,86.0,72.1,Good,Low
STU101196,24,Male,CIVIL,5,94.5,84.8,99.0,65.4,15,23.1,84.9,29,15.0,62,62.9,7.29,1,0,11.0,Yes,89.1,83.8,Excellent,Low
STU101197,22,Male,CSE,4,72.1,50.3,54.2,54.2,11,11.1,62.0,18,8.0,4,44.3,6.18,2,2,8.0,Yes,49.9,50.6,Average,Medium
STU101198,18,Female,CSE,7,67.4,62.9,73.2,37.8,14,11.4,77.3,23,14.0,22,65.3,5.4,1,4,16.0,No,64.4,49.8,Poor,High
STU101199,18,Male,IT,7,94.0,76.2,81.0,80.0,15,15.8,96.6,33,23.0,41,100.0,7.41,1,0,14.0,No,89.5,67.3,Good,Low
STU101200,24,Female,AI&DS,3,72.0,57.2,54.0,59.2,10,10.7,45.8,20,11.0,18,52.8,5.11,0,4,7.0,No,61.7,47.9,Poor,High
STU101201,19,Female,MECH,4,58.2,46.7,46.4,47.1,10,13.6,47.1,18,13.0,21,55.4,4.79,1,4,9.0,Yes,49.6,43.7,Poor,High
STU101202,21,Male,CIVIL,4,60.3,57.2,67.5,63.6,12,19.7,39.7,22,13.0,22,62.6,5.7,2,2,6.0,Yes,49.2,59.4,Average,Medium
STU101203,23,Female,MECH,7,72.5,72.8,79.8,67.7,13,10.8,58.7,24,16.0,51,68.9,7.17,0,4,8.0,No,75.3,55.5,Average,Medium
STU101204,23,Male,CSE,3,74.4,61.6,81.2,50.2,16,12.4,59.7,30,17.0,39,76.4,7.44,2,0,13.0,No,62.2,63.3,Average,Medium
STU101205,18,Male,MECH,6,78.7,54.0,57.3,63.4,9,5.4,52.7,18,16.0,36,54.5,6.24,2,5,9.0,No,60.8,48.9,Poor,High
STU101206,22,Female,IT,2,79.5,59.3,77.3,46.4,9,14.8,57.3,24,17.0,30,52.2,5.43,3,3,7.0,Yes,47.1,48.2,Poor,High
STU101207,24,Male,AI&DS,8,68.9,64.5,65.1,45.9,9,7.2,60.7,18,14.0,35,56.6,5.05,1,2,7.0,Yes,55.6,52.4,Average,Medium
STU101208,20,Male,MECH,4,67.0,57.8,67.9,59.2,10,11.7,64.6,14,15.0,39,75.3,5.52,1,1,11.0,No,61.7,57.3,Average,Medium
STU101209,21,Female,AI&DS,3,70.5,68.5,90.3,67.1,8,23.2,65.8,26,8.0,36,41.4,8.53,0,1,8.0,No,74.1,67.9,Good,Low
STU101210,19,Male,IT,7,85.5,61.1,69.0,70.0,10,12.8,58.4,26,16.0,32,67.4,6.34,0,3,15.0,Yes,76.2,56.6,Average,Medium
STU101211,23,Male,CSE,6,83.4,66.7,81.5,72.5,11,12.7,59.9,21,21.0,33,73.3,7.25,1,1,9.0,No,73.9,66.6,Good,Low
STU101212,18,Female,AI&DS,5,67.4,62.6,49.7,67.7,10,15.7,70.3,19,12.0,14,46.3,5.95,2,0,12.0,No,63.5,69.9,Good,Low
STU101213,21,Male,CSE,8,75.7,46.8,72.6,69.9,13,15.1,79.2,26,16.0,44,68.8,7.33,3,1,12.0,Yes,65.2,61.9,Average,Medium
STU101214,20,Male,IT,4,76.6,61.0,82.0,53.0,12,8.6,71.1,24,19.0,54,55.4,4.9,1,6,11.0,No,53.7,47.7,Poor,High
STU101215,22,Male,EEE,5,41.1,41.3,46.0,25.0,3,5.7,28.4,13,1.0,4,35.9,4.27,1,5,10.0,No,30.8,30.6,Poor,High
STU101216,21,Female,AI&DS,5,59.5,55.3,71.4,43.5,11,6.7,90.0,35,12.0,37,74.2,5.22,1,3,12.0,No,49.3,46.5,Poor,High
STU101217,24,Male,CSE,3,52.1,41.9,41.2,34.8,6,10.2,37.3,9,9.0,5,44.1,5.22,1,8,1.0,No,44.2,32.4,Poor,High
STU101218,24,Female,IT,4,64.9,29.7,58.9,30.9,10,7.9,67.0,21,15.0,25,63.3,4.85,3,5,9.0,Yes,51.9,44.8,Poor,High
STU101219,19,Male,CSE,6,69.3,50.4,64.3,44.5,11,15.1,70.9,17,15.0,25,68.0,6.36,1,6,12.0,Yes,59.1,61.0,Average,Medium
STU101220,18,Female,EEE,2,90.5,87.7,71.2,60.8,11,13.5,71.6,16,18.0,36,60.9,7.74,1,3,12.0,No,68.2,66.8,Good,Low
STU101221,21,Female,EEE,7,64.3,55.9,69.5,49.3,11,12.7,46.5,24,9.0,23,64.1,6.26,1,5,10.0,No,51.3,49.9,Poor,High
STU101222,22,Female,CIVIL,6,82.9,96.5,94.6,85.2,16,17.9,73.4,40,18.0,53,71.5,7.98,1,1,12.0,No,79.7,81.9,Excellent,Low
STU101223,23,Female,MECH,6,83.0,76.4,85.0,52.2,11,16.1,65.8,28,17.0,48,62.3,5.66,1,0,11.0,No,67.4,75.0,Good,Low
STU101224,21,Male,CIVIL,7,55.4,65.7,40.8,52.6,9,11.6,56.1,20,15.0,48,51.0,7.31,0,3,6.0,Yes,68.6,49.0,Poor,High
STU101225,22,Male,CSE,5,75.6,58.7,68.0,43.0,7,4.4,61.3,22,13.0,35,47.0,5.97,3,2,7.0,No,65.6,45.1,Poor,High
STU101226,18,Male,ECE,7,68.2,70.8,76.3,75.4,13,16.4,56.5,21,16.0,27,63.4,7.11,1,2,10.0,Yes,67.6,63.8,Average,Medium
STU101227,23,Male,CSE,7,76.5,65.6,69.8,55.7,15,15.1,55.5,17,12.0,28,47.5,6.94,2,1,11.0,No,76.7,58.1,Average,Medium
STU101228,20,Male,ECE,3,72.0,55.9,67.3,48.7,12,9.5,56.6,33,18.0,30,63.9,6.26,3,2,7.0,No,,51.9,Average,Medium
STU101229,20,Female,EEE,3,80.7,87.4,85.6,65.1,11,14.1,48.0,26,16.0,26,65.4,7.23,0,1,8.0,No,59.8,82.9,Excellent,Low
STU101230,20,Male,EEE,5,85.5,82.8,85.8,69.1,13,11.7,63.2,29,18.0,50,70.9,7.48,1,1,14.0,Yes,73.4,64.2,Average,Medium
STU101231,18,Female,IT,2,78.6,55.9,74.8,53.8,13,6.0,66.2,36,18.0,34,61.4,6.41,2,5,7.0,No,64.0,45.5,Poor,High
STU101232,21,Female,IT,5,74.6,43.5,44.1,51.5,7,12.2,54.8,21,5.0,20,32.3,5.73,2,4,6.0,No,47.6,40.4,Poor,High
STU101233,20,Male,AI&DS,8,68.4,36.8,51.3,60.5,13,10.7,59.8,23,18.0,44,63.2,5.59,2,2,6.0,Yes,60.5,48.5,Poor,High
STU101234,19,Male,MECH,7,69.2,81.4,69.2,43.5,8,9.0,43.0,11,10.0,31,48.4,6.39,2,0,5.0,Yes,51.0,55.6,Average,Medium
STU101235,19,Female,MECH,7,80.2,78.1,65.4,57.9,14,23.5,59.1,39,18.0,44,68.2,7.21,0,1,12.0,Yes,61.5,82.4,Excellent,Low
STU101236,18,Male,IT,3,67.3,64.0,73.9,43.6,9,6.6,48.8,25,14.0,37,64.1,7.14,3,2,10.0,No,57.2,48.6,Poor,High
STU101237,24,Male,CSE,7,86.0,59.7,73.9,58.4,13,15.6,52.7,28,17.0,43,66.4,7.26,1,2,11.0,No,64.4,60.6,Average,Medium
STU101238,20,Female,EEE,2,83.2,64.1,68.9,78.4,12,14.6,69.6,27,23.0,58,77.7,6.82,1,5,14.0,No,84.6,69.2,Good,Low
STU101239,24,Female,ECE,4,69.2,61.2,66.6,74.3,11,10.4,68.9,24,22.0,48,57.5,6.47,1,1,7.0,Yes,75.0,74.5,Good,Low
STU101240,23,Male,AI&DS,8,92.9,56.2,97.3,75.4,16,19.7,71.4,35,21.0,41,87.4,8.21,0,0,11.0,No,65.5,65.3,Good,Low
STU101241,21,Male,EEE,7,81.8,69.3,67.0,78.3,13,16.1,46.0,36,19.0,34,78.8,8.35,2,2,7.0,No,71.7,71.2,Good,Low
STU101242,23,Male,AI&DS,3,76.2,56.2,49.8,69.5,11,8.3,68.6,23,14.0,30,54.3,5.51,1,2,11.0,No,58.9,64.2,Average,Medium
STU101243,19,Male,CSE,5,89.7,84.7,76.3,61.4,14,23.1,65.9,21,13.0,36,73.7,7.99,0,0,9.0,No,85.7,79.7,Good,Low
STU101244,19,Male,CIVIL,8,68.0,51.3,65.0,49.8,11,12.8,54.7,18,17.0,30,65.2,5.86,2,3,15.0,No,68.7,53.6,Average,Medium
STU101245,24,Female,CSE,5,74.9,80.4,93.3,67.9,13,18.9,63.3,32,16.0,34,62.0,8.91,0,0,17.0,No,74.7,80.4,Excellent,Low
STU101246,22,Female,AI&DS,6,72.7,56.5,72.9,62.4,12,11.6,65.2,27,12.0,31,58.8,6.77,1,2,10.0,Yes,67.3,64.7,Average,Medium
STU101247,22,Male,EEE,4,60.0,65.1,62.3,59.3,14,12.9,62.0,31,14.0,25,62.7,6.72,1,3,4.0,Yes,71.4,47.4,Poor,High
STU101248,24,Other,EEE,5,63.7,51.5,60.6,30.6,8,8.0,56.0,31,11.0,22,32.6,4.29,0,1,6.0,Yes,62.5,39.0,Poor,High
STU101249,18,Female,MECH,5,78.2,71.2,82.4,62.4,15,15.5,61.2,24,20.0,21,67.9,6.25,2,3,13.0,Yes,69.2,70.6,Good,Low
STU101250,19,Male,IT,3,70.7,50.9,74.6,58.5,15,6.7,83.6,33,24.0,52,81.4,6.58,2,2,14.0,No,67.5,50.5,Average,Medium
STU101251,24,Female,ECE,8,86.6,67.2,64.8,61.6,14,8.5,69.8,31,24.0,46,66.6,7.43,0,4,8.0,No,75.0,64.2,Average,Medium
STU101252,18,Female,CSE,8,79.7,68.3,74.3,75.4,13,21.4,55.6,27,21.0,46,52.5,8.43,2,2,9.0,No,84.2,70.0,Good,Low
STU101253,21,Female,CSE,2,49.1,36.7,68.4,47.1,12,10.2,60.1,19,15.0,12,70.7,5.1,1,3,6.0,Yes,41.5,40.7,Poor,High
STU101254,18,Male,ECE,3,80.2,74.5,93.9,51.3,12,16.7,76.8,31,15.0,42,92.5,6.88,0,2,12.0,No,75.4,74.6,Good,Low
STU101255,20,Female,AI&DS,6,64.8,42.5,66.2,58.5,11,8.8,51.5,12,11.0,24,57.8,4.64,1,4,8.0,Yes,55.8,27.6,Poor,High
STU101256,19,Male,IT,4,76.5,55.9,71.7,54.1,8,10.5,50.1,20,9.0,23,48.0,5.7,1,5,8.0,No,54.8,54.7,Average,Medium
STU101257,19,Male,ECE,6,69.4,73.0,82.2,59.4,12,20.2,57.4,33,18.0,42,62.9,7.28,1,0,9.0,Yes,73.8,65.3,Good,Low
STU101258,23,Female,ECE,2,89.1,55.0,69.7,69.3,15,14.4,51.5,26,21.0,34,78.4,7.22,1,2,12.0,No,70.3,65.3,Good,Low
STU101259,19,Female,IT,7,90.8,81.0,70.8,92.9,13,25.6,68.8,31,18.0,42,60.0,8.05,0,1,11.0,No,95.9,84.5,Excellent,Low
STU101260,23,Female,CIVIL,2,71.7,62.6,78.6,53.7,9,15.2,58.5,22,13.0,4,70.4,6.11,2,4,7.0,No,58.8,57.2,Average,Medium
STU101261,24,Male,MECH,3,86.6,74.7,100.0,58.9,13,15.3,73.9,38,23.0,48,82.4,6.89,1,1,15.0,No,75.8,74.8,Good,Low
STU101262,21,Male,ECE,7,72.2,69.0,70.0,57.9,16,15.2,61.1,28,16.0,38,72.7,6.58,0,1,13.0,No,54.9,71.6,Good,Low
STU101263,21,Female,AI&DS,4,93.3,72.0,99.0,53.8,17,22.5,84.6,31,22.0,63,90.1,7.8,1,1,12.0,No,76.6,72.7,Good,Low
STU101264,20,Female,EEE,3,58.3,54.8,60.2,50.3,12,11.7,43.6,17,13.0,27,40.7,4.5,1,1,4.0,No,48.2,58.6,Average,Medium
STU101265,22,Female,CSE,8,80.5,57.7,68.5,61.2,15,15.9,88.3,33,24.0,27,94.2,7.11,2,4,14.0,No,68.2,65.0,Average,Medium
STU101266,23,Male,ECE,6,66.1,62.3,69.7,61.6,10,17.8,59.2,23,10.0,22,58.2,6.25,0,1,10.0,No,69.3,56.4,Average,Medium
STU101267,24,Female,CIVIL,4,70.7,55.0,55.8,40.5,5,3.2,41.8,13,5.0,14,30.1,5.73,1,1,4.0,Yes,51.8,37.6,Poor,High
STU101268,19,Male,ECE,7,77.5,62.3,76.7,74.3,11,17.1,64.6,32,18.0,39,55.9,6.91,1,4,15.0,Yes,59.1,66.0,Good,Low
STU101269,22,Male,CSE,2,65.1,70.6,67.4,56.4,9,18.0,58.2,24,12.0,30,34.1,6.77,1,4,12.0,No,63.0,54.6,Average,Medium
STU101270,18,Female,CSE,5,74.7,49.5,68.1,64.5,16,12.2,40.6,28,16.0,40,65.8,6.34,2,5,6.0,No,57.7,55.0,Average,Medium
STU101271,21,Male,IT,3,74.8,86.4,66.5,62.8,14,20.3,,31,17.0,37,70.1,7.39,0,2,13.0,No,74.5,85.4,Excellent,Low
STU101272,18,Female,AI&DS,6,,69.5,83.6,64.6,17,18.4,60.6,36,20.0,59,84.7,7.18,0,2,13.0,Yes,79.6,71.1,Good,Low
STU101273,21,Female,ECE,3,63.7,68.9,80.7,60.6,14,7.0,59.2,24,13.0,27,72.8,6.65,3,3,6.0,Yes,66.1,45.1,Poor,High
STU101274,23,Female,CIVIL,3,80.2,71.3,61.4,74.1,15,16.3,75.7,32,16.0,60,73.3,7.89,0,2,11.0,Yes,71.0,66.4,Good,Low
STU101275,23,Male,AI&DS,3,64.8,63.1,65.0,46.3,11,10.4,30.8,15,10.0,17,35.9,5.77,1,3,9.0,No,53.6,51.1,Average,Medium
STU101276,23,Male,MECH,7,71.0,54.3,76.2,67.1,14,12.8,76.8,26,13.0,38,77.1,6.25,1,4,11.0,No,54.2,64.8,Average,Medium
STU101277,22,Female,CSE,8,70.8,54.7,58.2,59.8,13,13.0,55.3,21,14.0,37,51.4,5.97,1,2,11.0,No,57.8,59.0,Average,Medium
STU101278,22,Female,MECH,3,82.2,81.1,69.6,64.6,13,14.3,70.5,25,19.0,28,68.0,7.31,1,2,8.0,No,90.4,65.5,Good,Low
STU101279,18,Female,CSE,3,68.4,71.3,76.3,63.3,12,17.0,63.3,16,13.0,39,68.7,7.16,0,0,8.0,No,74.7,67.3,Good,Low
STU101280,23,Male,AI&DS,6,76.2,66.1,62.8,56.9,10,8.8,60.0,29,10.0,34,50.4,6.31,1,4,9.0,Yes,61.5,49.5,Poor,High
STU101281,22,Female,AI&DS,6,70.5,84.0,80.8,72.1,14,22.8,67.5,21,14.0,38,52.5,,1,2,8.0,No,76.8,68.1,Good,Low
STU101282,19,Male,IT,7,58.4,42.5,48.4,32.4,6,9.3,24.2,15,3.0,24,34.5,5.01,3,7,0.0,Yes,48.0,20.2,Poor,High
STU101283,22,Male,ECE,7,55.1,45.0,64.6,20.5,8,11.4,42.4,27,9.0,20,35.3,4.0,1,5,8.0,No,31.1,26.7,Poor,High
STU101284,20,Male,CIVIL,7,88.0,78.8,87.1,65.1,8,17.7,76.1,20,12.0,26,57.3,7.16,1,0,7.0,No,70.0,70.7,Good,Low
STU101285,21,Male,EEE,2,96.4,68.2,85.4,62.0,16,13.7,87.5,22,19.0,40,79.3,6.39,1,2,10.0,Yes,67.0,72.5,Good,Low
STU101286,23,Male,CIVIL,2,72.2,75.1,44.9,59.5,13,11.5,70.0,24,24.0,35,48.7,7.27,1,7,10.0,No,68.4,43.7,Poor,High
STU101287,20,Male,EEE,3,64.9,50.3,61.4,30.7,8,7.2,45.9,17,11.0,14,48.1,5.07,1,1,7.0,No,49.0,45.5,Poor,High
STU101288,24,Male,ECE,4,74.3,49.7,59.9,65.8,10,12.5,58.6,14,7.0,33,65.5,7.47,1,3,8.0,Yes,64.5,50.6,Average,Medium
STU101289,20,Female,EEE,7,81.9,94.7,86.6,82.7,17,17.1,79.9,38,26.0,50,98.3,9.12,0,0,17.0,No,82.5,74.6,Good,Low
STU101290,21,Male,AI&DS,7,70.0,73.2,66.3,49.9,15,15.5,85.9,29,17.0,39,78.6,7.29,1,5,10.0,Yes,57.5,54.5,Average,Medium
STU101291,18,Female,IT,7,56.8,58.8,52.7,71.9,10,8.7,65.2,22,15.0,31,64.3,8.08,0,4,11.0,Yes,66.0,57.1,Average,Medium
STU101292,18,Female,IT,7,59.3,58.6,72.5,59.2,12,9.3,52.3,19,15.0,40,62.5,5.93,3,4,10.0,No,49.3,51.3,Average,Medium
STU101293,19,Male,CSE,4,71.4,73.7,68.3,59.6,9,11.7,44.2,24,16.0,26,34.9,5.74,2,0,8.0,No,56.3,52.6,Average,Medium
STU101294,24,Female,IT,6,69.7,45.0,56.6,30.6,6,5.5,37.3,9,8.0,15,47.3,5.86,1,3,0.0,No,39.4,43.8,Poor,High
STU101295,19,Male,CSE,2,74.8,76.9,69.7,59.4,10,12.2,66.7,15,16.0,29,53.1,7.35,1,0,7.0,No,63.4,66.5,Good,Low
STU101296,20,Male,MECH,2,74.3,74.4,64.2,78.8,12,16.8,79.6,23,21.0,48,46.4,7.94,1,1,13.0,No,68.7,63.7,Average,Medium
STU101297,23,Female,CIVIL,7,66.1,45.3,58.6,46.9,9,6.1,33.3,16,11.0,42,56.5,5.67,2,4,7.0,Yes,53.4,48.4,Poor,High
STU101298,20,Female,AI&DS,4,73.9,48.2,62.1,53.8,14,8.2,72.2,28,18.0,47,67.2,6.51,3,0,8.0,No,57.3,39.5,Poor,High
STU101299,23,Male,CSE,7,54.2,53.0,66.8,39.4,10,9.5,59.4,12,15.0,13,49.9,5.71,3,5,5.0,Yes,54.2,31.9,Poor,High
STU101300,18,Female,MECH,8,50.0,60.0,54.7,27.7,11,4.9,53.3,17,15.0,42,47.2,5.21,1,3,11.0,No,46.1,49.6,Poor,High
STU101301,18,Female,ECE,6,95.3,65.0,100.0,68.0,14,20.0,74.5,36,21.0,39,61.2,5.67,2,0,12.0,No,70.5,83.4,Excellent,Low
STU101302,18,Male,ECE,2,71.9,46.8,45.2,43.9,10,5.6,60.7,11,17.0,15,45.5,4.41,1,2,7.0,Yes,61.3,52.1,Average,Medium
STU101303,18,Male,CIVIL,6,72.1,82.1,83.1,73.6,16,15.1,82.8,33,17.0,49,67.6,7.31,0,5,14.0,No,68.5,57.3,Average,Medium
STU101304,22,Female,AI&DS,7,82.5,55.6,57.4,77.5,13,16.2,70.6,27,,46,63.6,8.0,2,0,11.0,No,70.7,59.5,Average,Medium
STU101305,18,Other,CSE,3,66.8,65.6,63.4,47.0,14,9.0,61.7,27,10.0,32,48.9,6.09,1,3,10.0,No,52.2,59.3,Average,Medium
STU101306,22,Female,IT,4,57.8,44.0,39.3,30.5,11,3.8,47.2,18,7.0,15,35.4,4.0,3,3,5.0,Yes,44.9,14.8,Poor,High
STU101307,22,Female,MECH,6,67.0,56.5,64.2,44.5,10,8.4,60.5,21,11.0,21,,6.61,2,6,11.0,No,52.1,48.9,Poor,High
STU101308,19,Female,EEE,7,81.4,63.2,82.9,54.4,13,19.5,69.9,28,20.0,51,79.4,8.51,0,1,10.0,No,76.8,69.9,Good,Low
STU101309,18,Male,AI&DS,3,51.0,30.6,47.7,25.7,6,11.3,50.9,10,8.0,18,48.2,4.0,2,4,7.0,No,29.5,32.6,Poor,High
STU101310,19,Female,IT,2,70.0,43.0,47.0,54.2,9,18.0,41.7,20,10.0,23,33.5,6.5,2,2,9.0,Yes,55.4,48.5,Poor,High
STU101311,19,Female,AI&DS,6,76.2,42.6,62.5,56.7,10,14.5,51.9,19,13.0,27,57.4,5.27,1,3,10.0,Yes,52.7,52.1,Average,Medium
STU101312,21,Female,CSE,2,67.6,78.4,75.3,70.7,10,11.5,,15,14.0,33,56.9,6.58,1,3,11.0,No,72.4,67.8,Good,Low
STU101313,24,Female,AI&DS,5,68.4,53.8,55.6,44.3,7,8.3,61.8,20,11.0,16,70.9,5.9,1,3,4.0,Yes,62.3,51.0,Average,Medium
STU101314,21,Female,MECH,4,89.5,76.7,79.5,71.8,12,19.9,74.6,27,13.0,48,59.8,5.93,1,0,15.0,Yes,80.3,75.6,Good,Low
STU101315,22,Male,AI&DS,5,69.0,73.0,77.6,69.9,12,18.6,72.2,30,22.0,45,60.1,7.23,0,2,13.0,No,74.5,58.8,Average,Medium
STU101316,20,Female,AI&DS,8,78.0,71.8,74.9,64.5,11,20.4,78.8,31,19.0,32,67.1,8.48,1,3,10.0,No,64.6,67.3,Good,Low
STU101317,18,Male,ECE,8,64.9,62.5,58.2,58.0,12,15.0,39.5,26,12.0,38,70.3,5.86,1,4,8.0,Yes,44.6,46.0,Poor,High
STU101318,19,Male,EEE,6,84.4,52.8,65.9,69.4,13,12.0,65.2,25,14.0,37,41.5,7.51,1,6,9.0,No,63.3,58.4,Average,Medium
STU101319,21,Male,CSE,4,75.6,50.6,75.6,50.5,12,14.4,47.3,21,11.0,33,46.3,4.33,0,3,11.0,No,,51.5,Average,Medium
STU101320,24,Male,EEE,6,77.0,79.3,79.0,55.9,6,14.4,48.5,22,16.0,40,55.4,6.93,0,2,4.0,No,64.7,72.4,Good,Low
STU101321,19,Female,AI&DS,2,79.7,54.5,56.0,45.2,12,6.1,92.2,32,12.0,33,69.0,6.4,0,3,10.0,Yes,59.5,43.6,Poor,High
STU101322,24,Male,AI&DS,8,50.5,39.3,59.3,68.0,7,11.9,43.7,8,8.0,22,44.9,6.36,1,5,5.0,Yes,63.0,38.1,Poor,High
STU101323,22,Male,CSE,8,65.3,49.4,58.5,48.0,11,10.3,51.4,8,16.0,15,27.0,6.23,1,4,5.0,Yes,56.6,41.8,Poor,High
STU101324,20,Female,IT,4,55.3,67.8,56.0,42.7,13,4.4,46.0,22,9.0,17,40.7,5.26,1,1,8.0,Yes,47.6,52.1,Average,Medium
STU101325,22,Female,MECH,2,70.7,72.9,71.6,44.7,16,17.5,94.0,38,16.0,57,87.7,6.46,0,0,14.0,No,64.4,66.5,Good,Low
STU101326,22,Female,CSE,7,84.9,73.7,88.7,85.8,17,11.2,75.2,45,23.0,51,76.9,7.1,0,2,16.0,No,78.6,76.2,Good,Low
STU101327,22,Female,AI&DS,2,77.8,75.8,62.6,71.7,15,16.2,67.0,30,18.0,38,60.2,7.03,1,0,10.0,No,83.7,71.4,Good,Low
STU101328,24,Female,CSE,2,67.8,59.4,51.5,59.6,9,7.2,65.0,19,13.0,28,61.8,5.01,1,2,9.0,No,52.2,50.3,Average,Medium
STU101329,22,Female,EEE,2,64.8,68.1,59.8,44.6,6,16.2,43.8,17,8.0,16,55.7,6.2,1,3,7.0,No,66.9,51.2,Average,Medium
STU101330,18,Male,MECH,3,76.0,68.8,74.9,79.0,15,16.5,71.9,32,19.0,36,63.2,7.01,2,0,10.0,No,78.4,74.6,Good,Low
STU101331,20,Male,CSE,8,50.2,40.3,45.9,29.5,9,10.5,38.4,18,12.0,26,41.1,6.47,2,4,4.0,Yes,36.0,39.4,Poor,High
STU101332,24,Male,IT,5,58.3,57.8,56.5,60.5,8,6.1,53.3,16,9.0,8,39.0,6.08,2,3,4.0,No,57.7,52.1,Average,Medium
STU101333,19,Female,AI&DS,3,94.6,72.0,86.5,47.7,11,10.9,67.2,36,,38,79.8,7.03,0,1,10.0,No,76.0,70.8,Good,Low
STU101334,21,Female,AI&DS,8,80.4,76.3,75.5,70.9,7,13.0,47.4,19,13.0,35,80.3,6.18,2,0,8.0,No,66.1,64.5,Average,Medium
STU101335,21,Female,CSE,4,93.9,71.0,86.9,66.6,14,17.4,84.0,28,26.0,47,76.2,6.9,0,4,13.0,No,69.8,76.4,Good,Low
STU101336,21,Female,CSE,6,,86.3,63.0,80.8,11,17.6,50.8,31,18.0,30,57.7,7.15,0,4,10.0,No,85.0,65.7,Good,Low
STU101337,24,Female,CIVIL,5,80.3,79.6,76.5,70.0,13,19.5,59.1,32,24.0,43,69.7,7.87,1,4,13.0,No,65.1,68.9,Good,Low
STU101338,21,Male,ECE,2,84.0,60.4,90.2,68.7,13,17.0,52.9,22,18.0,35,63.3,6.75,1,0,12.0,Yes,72.8,62.9,Average,Medium
STU101339,18,Male,CIVIL,6,81.4,88.7,82.4,100.0,15,16.6,76.9,33,17.0,61,51.6,8.68,0,2,12.0,No,91.3,88.4,Excellent,Low
STU101340,19,Female,AI&DS,8,84.1,72.1,70.0,74.9,8,14.7,58.7,37,15.0,41,48.9,7.02,1,6,7.0,Yes,67.6,57.0,Average,Medium
STU101341,22,Male,AI&DS,8,67.2,46.8,57.5,54.0,12,10.5,63.2,15,12.0,21,60.5,6.88,2,4,3.0,No,65.6,43.2,Poor,High
STU101342,23,Female,ECE,7,51.5,59.6,64.5,66.7,7,16.8,72.2,21,15.0,49,80.6,6.56,0,4,12.0,Yes,64.5,58.2,Average,Medium
STU101343,22,Male,ECE,6,75.6,76.3,61.3,77.4,11,10.9,,25,18.0,37,59.0,7.43,2,2,5.0,No,87.8,52.4,Average,Medium
STU101344,23,Male,CSE,7,66.2,71.4,48.1,66.8,8,9.9,47.3,26,13.0,32,47.8,7.43,3,2,11.0,No,62.4,52.4,Average,Medium
STU101345,19,Female,CSE,8,63.9,24.7,59.3,49.0,10,11.4,60.8,21,15.0,20,63.9,4.64,0,6,4.0,No,37.5,32.9,Poor,High
STU101346,18,Male,IT,5,82.3,96.1,84.6,84.4,13,24.1,80.3,38,27.0,42,87.0,8.19,1,0,14.0,Yes,80.0,88.1,Excellent,Low
STU101347,24,Female,MECH,8,75.1,46.0,50.6,53.0,12,12.5,50.6,18,10.0,20,66.3,7.09,2,3,12.0,Yes,61.3,47.4,Poor,High
STU101348,21,Male,CSE,4,54.6,52.0,57.1,55.2,9,11.4,55.5,14,8.0,25,41.1,5.38,2,5,8.0,Yes,59.3,34.8,Poor,High
STU101349,23,Male,CIVIL,4,77.0,64.3,85.9,70.9,15,17.0,72.4,34,18.0,40,54.9,7.07,0,0,12.0,No,77.9,57.5,Average,Medium
STU101350,24,Female,AI&DS,2,64.3,57.2,73.7,66.3,6,12.3,49.9,16,14.0,26,42.0,,0,4,6.0,No,70.2,58.1,Average,Medium
STU101351,19,Male,CIVIL,5,74.6,62.5,64.7,77.5,14,,60.9,25,18.0,45,68.6,7.27,1,3,13.0,No,77.8,54.5,Average,Medium
STU101352,24,Female,IT,6,78.4,72.6,75.5,78.0,15,14.7,79.7,24,19.0,40,63.6,7.92,1,4,13.0,No,72.6,58.6,Average,Medium
STU101353,20,Male,CSE,4,79.5,64.1,71.2,55.1,8,9.0,60.5,16,12.0,24,57.7,4.93,1,2,13.0,No,81.4,60.6,Average,Medium
STU101354,22,Female,IT,2,84.8,58.2,90.1,62.0,14,13.4,67.6,25,16.0,49,80.4,6.8,2,1,11.0,Yes,69.5,61.2,Average,Medium
STU101355,20,Male,CSE,5,81.0,,80.5,74.0,13,16.4,70.3,18,18.0,56,53.4,7.61,0,2,17.0,Yes,78.4,64.3,Average,Medium
STU101356,19,Male,AI&DS,6,86.4,67.9,86.5,70.6,13,13.1,73.5,33,19.0,23,73.9,8.09,0,2,8.0,No,84.9,72.6,Good,Low
STU101357,24,Female,EEE,2,75.4,57.2,67.0,60.5,10,11.1,53.8,14,15.0,21,68.8,6.54,2,3,10.0,No,52.4,57.6,Average,Medium
STU101358,20,Female,MECH,5,70.3,69.8,54.6,58.0,10,10.9,44.8,28,16.0,26,74.6,6.07,0,4,5.0,No,79.8,63.8,Average,Medium
STU101359,18,Female,CSE,4,88.9,66.0,78.0,47.8,12,12.8,78.5,29,15.0,31,64.6,6.23,1,3,9.0,Yes,63.2,63.3,Average,Medium
STU101360,19,Female,CSE,6,72.1,45.6,52.2,47.2,11,8.5,49.4,35,11.0,17,55.3,6.27,2,3,5.0,Yes,59.6,39.3,Poor,High
STU101361,24,Female,AI&DS,2,65.5,56.3,71.4,50.5,9,9.5,,17,14.0,34,52.1,5.91,1,2,10.0,No,60.1,59.3,Average,Medium
STU101362,23,Male,AI&DS,7,78.3,67.9,84.7,74.6,11,15.0,96.8,25,12.0,29,68.3,7.25,0,2,14.0,No,82.5,67.2,Good,Low
STU101363,22,Female,AI&DS,4,75.2,44.9,68.0,48.9,15,6.8,77.6,38,26.0,45,97.3,4.68,2,1,13.0,Yes,54.7,54.1,Average,Medium
STU101364,23,Female,CSE,4,88.1,71.9,64.0,81.2,11,14.1,49.7,21,22.0,46,73.3,7.7,0,3,12.0,Yes,78.9,59.2,Average,Medium
STU101365,22,Female,IT,2,57.0,62.2,59.7,41.8,10,14.4,43.2,19,14.0,31,46.0,5.5,2,3,3.0,No,51.1,37.7,Poor,High
STU101366,24,Female,CIVIL,5,82.0,57.0,63.8,51.0,14,18.5,54.5,20,6.0,22,37.1,7.12,0,2,5.0,No,62.6,60.2,Average,Medium
STU101367,18,Male,IT,4,56.3,47.2,42.5,47.9,9,7.5,56.1,27,12.0,32,60.8,4.44,1,3,10.0,Yes,59.0,52.9,Average,Medium
STU101368,18,Female,CSE,2,81.0,73.4,76.2,72.0,14,14.5,93.2,42,22.0,62,71.0,8.22,1,2,15.0,No,82.0,78.3,Good,Low
STU101369,22,Female,CSE,6,85.7,79.7,86.2,63.8,14,16.7,63.2,25,18.0,21,81.1,7.03,2,1,14.0,No,81.5,66.6,Good,Low
STU101370,24,Male,ECE,4,74.3,71.6,75.7,73.5,16,15.6,81.5,29,23.0,39,74.7,7.1,1,2,14.0,Yes,76.1,65.6,Good,Low
STU101371,22,Female,EEE,4,72.5,57.2,63.6,46.6,11,11.7,63.4,17,18.0,33,41.4,,2,4,4.0,No,60.5,67.1,Good,Low
STU101372,24,Female,EEE,2,63.1,71.2,55.2,56.5,13,13.0,68.0,18,21.0,54,50.4,7.06,1,2,9.0,Yes,,50.3,Average,Medium
STU101373,20,Female,CSE,6,81.7,72.3,70.7,57.9,13,12.5,55.5,23,18.0,15,57.0,8.6,2,3,13.0,No,85.2,61.8,Average,Medium
STU101374,22,Female,CIVIL,2,74.4,52.5,81.7,49.7,9,17.9,65.8,22,14.0,14,56.6,4.61,0,4,7.0,Yes,52.7,65.1,Good,Low
STU101375,21,Male,ECE,6,81.0,56.4,78.7,59.0,12,,63.2,27,19.0,37,69.3,6.46,0,2,12.0,Yes,56.7,59.4,Average,Medium
STU101376,24,Male,AI&DS,4,70.0,61.1,61.9,57.0,8,15.7,68.2,27,19.0,41,60.2,6.11,0,3,8.0,Yes,64.2,59.6,Average,Medium
STU101377,22,Male,ECE,7,79.1,64.9,81.8,60.5,9,20.0,68.0,29,13.0,52,80.5,8.3,2,0,13.0,No,68.8,62.7,Average,Medium
STU101378,21,Female,CSE,4,86.9,74.8,90.9,50.0,11,14.3,58.4,24,17.0,44,62.0,6.65,1,2,11.0,Yes,74.8,77.1,Good,Low
STU101379,19,Male,CSE,6,90.0,78.3,100.0,83.4,16,17.6,75.9,35,28.0,52,78.8,6.04,2,0,15.0,No,83.0,76.9,Good,Low
STU101380,20,Female,IT,8,84.4,79.0,87.0,83.6,17,12.5,73.5,38,23.0,34,76.9,8.92,1,2,13.0,No,90.1,77.3,Good,Low
STU101381,18,Female,EEE,3,65.3,75.3,62.2,96.6,16,16.0,85.7,34,23.0,49,71.5,8.11,1,2,14.0,No,84.2,75.3,Good,Low
STU101382,19,Female,CSE,2,71.7,25.9,65.4,34.3,10,10.0,54.4,18,13.0,27,52.4,4.23,2,3,5.0,Yes,42.4,40.3,Poor,High
STU101383,21,Male,AI&DS,6,73.1,60.6,75.0,53.7,12,14.1,76.5,24,20.0,24,57.0,6.3,2,0,14.0,No,55.4,50.4,Average,Medium
STU101384,18,Male,CSE,3,83.7,41.7,64.6,50.3,16,12.7,72.7,29,17.0,31,63.9,6.48,0,1,11.0,No,53.8,48.6,Poor,High
STU101385,21,Other,IT,3,70.2,55.2,60.4,47.4,9,15.0,67.8,23,21.0,27,42.4,5.73,3,0,10.0,Yes,50.9,54.7,Average,Medium
STU101386,18,Female,CIVIL,7,81.4,81.4,74.1,58.2,12,15.7,67.5,18,16.0,34,58.5,7.51,1,4,12.0,No,68.8,68.3,Good,Low
STU101387,19,Male,EEE,6,91.8,72.9,89.8,64.6,15,19.4,45.7,21,18.0,52,70.4,6.08,2,1,13.0,No,73.9,71.0,Good,Low
STU101388,22,Male,IT,2,58.6,49.1,41.3,58.3,5,5.1,50.1,11,4.0,31,38.7,5.22,2,4,7.0,No,37.1,44.4,Poor,High
STU101389,18,Female,AI&DS,6,72.9,68.9,74.5,64.3,12,5.7,87.6,22,17.0,32,66.4,6.93,1,0,9.0,Yes,67.7,58.7,Average,Medium
STU101390,20,Female,IT,6,59.7,45.2,72.7,52.1,7,11.7,49.6,22,16.0,19,46.2,5.28,1,2,12.0,Yes,60.5,47.3,Poor,High
STU101391,19,Female,ECE,4,65.5,54.8,65.5,53.7,9,10.9,54.8,12,17.0,28,54.7,5.43,2,1,2.0,No,,47.0,Poor,High
STU101392,18,Male,CIVIL,7,80.1,81.2,80.7,82.6,19,19.4,99.8,36,23.0,58,87.3,8.25,0,0,16.0,No,100.0,69.5,Good,Low
STU101393,19,Female,IT,7,61.7,57.1,56.1,34.4,8,11.0,50.2,11,14.0,40,42.3,7.11,2,4,5.0,Yes,52.1,41.8,Poor,High
STU101394,18,Male,ECE,6,73.5,70.2,74.4,56.3,18,15.3,79.5,36,21.0,44,76.0,7.02,0,1,18.0,No,66.3,76.0,Good,Low
STU101395,18,Female,CSE,3,56.8,41.4,59.6,54.4,10,7.5,39.1,11,6.0,14,38.4,4.69,2,8,5.0,Yes,48.8,37.3,Poor,High
STU101396,22,Male,CSE,4,65.8,76.1,93.2,78.9,12,15.1,80.0,37,23.0,42,76.0,7.47,1,1,15.0,No,68.2,58.5,Average,Medium
STU101397,18,Male,AI&DS,5,87.3,78.4,89.2,74.7,15,10.5,88.9,37,22.0,53,83.2,8.11,1,0,11.0,No,71.0,87.7,Excellent,Low
STU101398,24,Male,AI&DS,2,68.4,74.3,59.6,62.4,12,9.2,56.8,17,11.0,26,79.9,6.68,1,6,5.0,No,73.6,65.3,Good,Low
STU101399,21,Male,AI&DS,4,76.4,55.3,82.5,60.4,12,12.2,54.1,19,20.0,42,64.3,7.28,0,1,10.0,No,65.6,71.9,Good,Low
STU101400,20,Male,ECE,8,58.2,30.2,48.3,35.0,6,8.2,72.6,15,16.0,27,40.1,5.48,2,4,9.0,Yes,47.8,32.8,Poor,High
STU101401,24,Female,CSE,6,89.2,68.8,95.3,57.6,15,12.6,69.2,35,19.0,38,66.0,8.31,2,3,11.0,No,73.9,66.4,Good,Low
STU101402,23,Male,IT,8,88.1,59.7,87.4,49.1,17,12.0,62.0,29,16.0,29,57.9,6.08,0,2,15.0,No,52.4,72.4,Good,Low
STU101403,20,Female,CSE,4,76.3,58.3,68.8,49.9,13,18.3,50.2,17,10.0,35,33.5,6.84,1,2,9.0,Yes,61.0,47.6,Poor,High
STU101404,24,Male,CSE,7,74.0,59.7,65.1,49.0,13,11.6,54.6,27,18.0,34,65.2,5.96,1,5,16.0,No,73.6,51.5,Average,Medium
STU101405,21,Male,CSE,7,66.4,57.5,60.2,38.6,11,11.3,46.3,15,12.0,30,58.7,5.64,1,5,6.0,Yes,48.6,48.3,Poor,High
STU101406,22,Female,IT,3,77.2,69.0,56.5,70.7,11,15.0,51.6,17,12.0,17,59.3,6.64,2,6,11.0,Yes,72.8,54.2,Average,Medium
STU101407,24,Female,ECE,3,92.9,78.3,71.0,74.9,11,15.4,74.6,24,18.0,38,66.7,6.17,1,3,12.0,No,80.4,72.1,Good,Low
STU101408,23,Male,CSE,5,68.8,58.8,66.6,54.1,11,11.6,40.0,24,12.0,38,60.2,6.1,1,3,8.0,No,50.6,50.0,Average,Medium
STU101409,22,Female,CSE,6,83.6,73.0,73.4,47.6,15,13.6,64.4,32,19.0,44,72.1,7.64,1,2,12.0,No,76.6,73.6,Good,Low
STU101410,22,Male,AI&DS,6,68.1,79.2,74.9,61.7,12,10.5,30.9,21,8.0,38,24.1,7.78,1,4,8.0,No,61.1,53.5,Average,Medium
STU101411,22,Male,IT,8,67.0,46.3,58.1,66.2,8,6.7,54.5,16,12.0,30,56.1,6.03,1,2,5.0,Yes,56.9,53.5,Average,Medium
STU101412,24,Male,EEE,2,85.0,71.5,81.9,71.9,16,23.7,89.1,32,22.0,48,79.4,8.6,0,1,14.0,Yes,82.2,73.1,Good,Low
STU101413,22,Female,AI&DS,6,58.1,46.0,52.3,29.9,5,4.5,13.4,22,8.0,10,48.9,5.25,1,6,2.0,No,43.4,24.4,Poor,High
STU101414,20,Male,AI&DS,8,69.1,77.1,66.8,47.8,12,20.0,59.3,16,13.0,44,60.2,8.14,0,5,10.0,Yes,65.1,58.2,Average,Medium
STU101415,18,Male,CSE,3,88.2,79.6,99.4,80.2,20,15.5,80.8,36,24.0,49,87.3,8.48,0,0,15.0,No,93.6,89.5,Excellent,Low
STU101416,23,Male,ECE,8,76.0,39.8,65.7,39.1,11,7.2,61.6,25,11.0,22,53.8,6.23,2,1,10.0,No,64.7,50.0,Average,Medium
STU101417,21,Male,ECE,7,75.9,73.1,79.4,90.3,15,25.9,95.2,30,23.0,45,83.2,7.91,0,3,15.0,No,76.4,82.2,Excellent,Low
STU101418,20,Male,MECH,3,65.7,65.7,61.4,76.0,11,9.6,48.4,35,15.0,51,60.3,7.28,1,2,13.0,No,65.7,56.3,Average,Medium
STU101419,24,Female,CSE,3,67.7,74.1,80.8,84.8,12,7.6,66.6,25,20.0,26,79.1,7.2,2,1,10.0,Yes,79.0,64.1,Average,Medium
STU101420,19,Female,CSE,3,70.9,61.7,86.4,70.8,15,8.9,76.8,30,15.0,46,90.2,4.36,1,1,15.0,No,67.2,68.3,Good,Low
STU101421,18,Male,EEE,2,62.4,60.1,54.2,41.0,8,10.8,61.3,28,11.0,24,54.0,6.49,1,3,9.0,Yes,50.2,47.3,Poor,High
STU101422,23,Male,MECH,4,65.8,62.9,67.2,54.0,7,8.3,58.1,24,16.0,51,63.0,4.76,2,5,6.0,No,,48.6,Poor,High
STU101423,24,Male,ECE,5,88.3,75.2,84.3,73.3,18,12.6,72.9,28,12.0,45,77.6,7.96,0,2,10.0,No,82.6,71.1,Good,Low
STU101424,23,Other,CIVIL,5,86.0,68.2,86.6,63.7,16,10.6,82.3,37,25.0,42,89.2,6.9,2,1,14.0,No,67.9,80.4,Excellent,Low
STU101425,24,Female,CIVIL,7,74.6,68.6,71.6,55.2,10,18.3,68.0,10,16.0,44,57.9,6.71,0,4,10.0,No,68.0,70.4,Good,Low
STU101426,24,Male,IT,5,66.7,68.9,67.0,55.4,13,13.2,84.6,38,20.0,34,57.7,6.62,2,1,18.0,No,60.8,61.5,Average,Medium
STU101427,22,Female,AI&DS,3,78.4,67.3,73.9,65.9,14,12.2,64.4,28,18.0,42,56.2,6.71,0,0,9.0,No,65.4,62.3,Average,Medium
STU101428,24,Male,IT,6,82.0,69.7,88.3,71.8,12,9.2,79.3,30,15.0,46,73.9,7.6,0,1,12.0,No,87.3,78.8,Good,Low
STU101429,20,Male,MECH,6,68.5,69.6,56.8,57.5,9,11.6,56.8,23,15.0,53,53.6,6.51,1,2,8.0,Yes,54.4,51.2,Average,Medium
STU101430,23,Female,EEE,5,90.6,61.1,70.2,55.8,11,16.7,65.0,11,9.0,25,49.1,7.1,1,3,8.0,No,67.0,68.4,Good,Low
STU101431,18,Female,EEE,6,56.0,50.2,60.0,58.6,8,15.3,46.7,24,15.0,7,56.8,5.88,1,6,12.0,Yes,64.6,40.3,Poor,High
STU101432,21,Female,CSE,3,68.5,51.9,57.5,45.8,7,10.0,54.4,20,9.0,13,43.6,6.16,2,1,7.0,No,60.7,44.8,Poor,High
STU101433,20,Female,EEE,7,62.8,51.3,55.1,68.4,8,8.4,56.0,14,15.0,27,65.3,6.01,0,3,9.0,Yes,64.1,50.2,Average,Medium
STU101434,24,Female,CIVIL,3,67.5,55.5,71.1,30.0,8,7.7,56.4,19,8.0,9,40.5,5.43,1,4,8.0,Yes,44.5,50.3,Average,Medium
STU101435,21,Male,IT,2,60.6,58.0,75.2,63.1,13,14.5,67.9,31,18.0,28,69.0,6.84,0,4,12.0,No,55.6,69.8,Good,Low
STU101436,19,Male,ECE,4,71.4,62.7,75.7,44.8,10,15.6,48.2,19,14.0,27,53.1,6.08,1,6,11.0,Yes,55.8,54.0,Average,Medium
STU101437,21,Male,IT,3,68.0,67.8,55.6,56.0,10,10.9,51.5,26,12.0,36,48.2,6.56,3,5,9.0,No,70.4,54.4,Average,Medium
STU101438,18,Other,CSE,5,59.1,45.4,34.9,29.3,5,4.0,27.7,13,10.0,1,43.6,4.44,3,4,5.0,Yes,44.0,36.6,Poor,High
STU101439,18,Male,IT,5,84.5,55.2,79.4,53.5,14,14.3,64.3,26,14.0,34,43.4,4.65,1,1,10.0,No,50.9,61.1,Average,Medium
STU101440,21,Male,EEE,8,87.9,75.8,76.4,65.3,13,20.9,57.6,33,13.0,46,71.7,8.14,1,1,12.0,No,70.4,70.1,Good,Low
STU101441,22,Male,MECH,4,53.6,49.0,59.8,35.7,10,10.1,57.8,17,12.0,37,65.0,6.46,1,3,10.0,Yes,44.8,53.8,Average,Medium
STU101442,22,Male,EEE,2,65.8,67.0,47.0,71.3,8,13.4,,17,15.0,20,60.8,7.55,2,4,6.0,No,66.6,58.4,Average,Medium
STU101443,18,Female,IT,5,78.9,60.9,62.9,50.3,4,6.4,52.6,9,8.0,35,48.8,5.63,2,4,6.0,Yes,48.5,47.1,Poor,High
STU101444,22,Male,CSE,7,85.0,87.2,50.2,80.0,12,17.0,47.1,24,14.0,40,67.6,7.3,0,2,9.0,No,76.7,69.6,Good,Low
STU101445,18,Female,ECE,3,62.0,61.0,74.8,69.1,16,9.4,72.7,27,24.0,45,75.5,6.49,1,4,11.0,No,63.1,55.5,Average,Medium
STU101446,23,Female,IT,4,76.1,69.0,77.6,64.7,14,18.4,91.2,28,15.0,35,82.1,5.98,1,4,12.0,No,72.0,69.7,Good,Low
STU101447,18,Male,CSE,3,80.9,81.6,90.4,87.3,12,22.8,68.7,35,22.0,57,76.2,9.1,0,2,16.0,Yes,75.3,76.1,Good,Low
STU101448,18,Female,EEE,7,,72.9,83.1,65.9,11,23.7,75.8,33,16.0,65,69.9,8.78,1,3,13.0,No,80.5,68.1,Good,Low
STU101449,21,Male,ECE,3,83.2,,46.5,50.5,12,10.2,65.2,21,10.0,26,46.8,7.66,2,3,10.0,No,66.1,54.5,Average,Medium
STU101450,23,Female,CIVIL,3,74.1,59.1,49.8,61.4,10,17.8,38.4,25,15.0,28,49.3,5.8,2,1,10.0,No,68.3,51.2,Average,Medium
STU101451,23,Female,IT,2,61.2,65.8,61.5,75.4,12,12.9,67.3,22,18.0,41,69.9,5.13,1,2,14.0,Yes,68.2,64.4,Average,Medium
STU101452,22,Male,AI&DS,4,68.1,66.9,84.5,67.1,14,13.7,71.8,27,13.0,50,71.0,6.54,1,2,9.0,No,67.5,60.6,Average,Medium
STU101453,19,Male,MECH,8,76.3,66.2,81.5,33.6,16,17.0,74.6,37,15.0,55,72.8,6.0,1,3,13.0,No,51.2,57.9,Average,Medium
STU101454,24,Female,EEE,5,66.3,37.3,63.3,61.5,13,8.0,54.0,37,17.0,44,62.3,5.84,1,5,12.0,Yes,46.2,56.3,Average,Medium
STU101455,18,Female,MECH,2,86.4,79.6,77.4,90.8,19,17.4,94.0,36,22.0,58,87.8,9.05,0,2,16.0,No,84.9,88.8,Excellent,Low
STU101456,20,Female,CSE,7,75.0,59.8,78.4,57.2,17,13.4,54.2,27,24.0,46,82.3,6.63,0,0,14.0,Yes,70.3,78.4,Good,Low
STU101457,23,Male,AI&DS,4,81.8,75.6,88.5,73.6,17,20.6,54.3,31,16.0,58,97.0,9.59,0,3,13.0,No,75.3,78.1,Good,Low
STU101458,22,Male,EEE,3,69.4,68.0,74.1,70.5,14,12.0,55.1,28,17.0,49,73.5,,2,3,16.0,No,80.0,58.9,Average,Medium
STU101459,23,Female,CSE,2,79.2,92.2,67.8,74.2,14,16.1,68.1,26,19.0,41,66.4,8.74,1,2,14.0,No,75.3,81.9,Excellent,Low
STU101460,23,Male,MECH,4,93.5,71.0,98.1,63.9,16,14.7,68.1,35,22.0,72,72.9,7.27,0,5,16.0,No,68.6,62.0,Average,Medium
STU101461,24,Other,CSE,3,78.7,78.9,77.4,55.5,15,14.4,60.2,38,17.0,47,87.5,7.16,0,6,9.0,No,71.9,67.0,Good,Low
STU101462,21,Female,IT,5,67.0,53.7,64.0,37.7,10,11.7,54.7,15,14.0,37,64.7,6.3,2,4,8.0,Yes,52.3,42.7,Poor,High
STU101463,23,Female,IT,5,76.8,71.4,67.5,58.4,11,14.9,70.1,10,14.0,39,55.2,7.22,1,3,5.0,No,67.3,60.1,Average,Medium
STU101464,19,Male,EEE,6,91.0,57.3,91.2,57.4,15,8.3,85.2,27,23.0,54,75.7,7.08,1,3,12.0,Yes,65.4,62.5,Average,Medium
STU101465,19,Female,IT,3,76.0,72.0,75.0,82.3,11,18.1,60.8,18,17.0,43,73.9,7.73,0,0,12.0,No,72.7,84.9,Excellent,Low
STU101466,18,Female,IT,2,79.5,71.8,82.5,82.3,14,12.6,93.9,27,22.0,40,76.2,6.06,0,0,11.0,Yes,74.8,67.6,Good,Low
STU101467,19,Female,CIVIL,2,81.8,51.7,77.3,,9,9.5,70.1,16,11.0,26,66.9,5.25,2,5,9.0,Yes,,56.0,Average,Medium
STU101468,18,Female,EEE,2,71.5,59.6,49.6,35.6,6,5.3,33.5,9,12.0,18,49.8,5.1,1,3,3.0,No,61.3,45.6,Poor,High
STU101469,23,Male,ECE,3,60.8,35.3,59.0,49.1,11,10.4,42.1,21,13.0,30,48.5,6.43,0,2,8.0,Yes,54.4,48.8,Poor,High
STU101470,21,Male,CIVIL,7,65.6,43.5,47.6,50.7,8,6.3,31.5,7,8.0,15,54.9,4.91,2,6,2.0,No,60.3,38.6,Poor,High
STU101471,21,Other,MECH,5,80.3,60.0,71.7,63.7,13,11.6,67.7,20,14.0,42,65.3,6.86,1,4,11.0,No,59.8,55.7,Average,Medium
STU101472,22,Male,ECE,4,84.9,74.4,84.7,62.9,9,18.4,76.7,15,20.0,40,59.5,8.67,2,2,8.0,No,87.8,67.5,Good,Low
STU101473,20,Male,ECE,3,73.3,51.7,74.6,56.3,14,15.6,55.7,31,17.0,49,79.8,7.07,1,3,9.0,No,68.8,60.4,Average,Medium
STU101474,21,Male,AI&DS,3,62.0,39.5,53.6,39.5,12,11.8,56.3,29,16.0,2,65.3,4.68,0,5,5.0,Yes,39.1,37.9,Poor,High
STU101475,18,Female,CIVIL,3,80.9,57.9,79.1,51.0,9,10.3,54.5,22,12.0,34,51.5,6.62,2,5,5.0,No,73.0,43.2,Poor,High
STU101476,22,Female,IT,3,66.9,59.6,47.5,68.1,11,13.0,68.0,21,11.0,29,63.4,6.55,2,2,8.0,Yes,72.7,61.7,Average,Medium
STU101477,24,Female,CSE,5,75.8,88.6,64.8,72.1,13,19.0,70.5,28,11.0,27,73.5,9.21,0,4,8.0,Yes,84.6,59.6,Average,Medium
STU101478,18,Male,CSE,6,88.4,52.6,62.1,47.4,7,10.5,44.3,24,13.0,13,60.6,5.03,4,5,5.0,No,47.7,30.4,Poor,High
STU101479,18,Male,IT,8,71.0,64.2,84.6,68.4,18,18.0,88.0,28,19.0,37,75.3,6.11,1,0,13.0,No,69.7,80.5,Excellent,Low
STU101480,18,Male,CSE,8,90.4,93.0,88.0,79.3,16,16.9,80.6,34,20.0,48,86.5,7.83,2,2,10.0,No,87.2,81.1,Excellent,Low
STU101481,22,Female,MECH,3,68.8,74.4,76.9,61.5,8,13.5,62.8,28,18.0,29,49.8,7.74,1,3,7.0,No,69.0,74.0,Good,Low
STU101482,23,Male,ECE,7,68.3,47.7,72.4,63.7,11,14.7,47.9,20,16.0,36,56.0,7.91,2,1,9.0,No,68.5,47.7,Poor,High
STU101483,23,Female,ECE,2,65.1,72.4,67.3,52.7,12,10.2,46.8,27,14.0,43,62.2,6.76,0,2,9.0,No,62.4,61.3,Average,Medium
STU101484,23,Male,CSE,7,83.0,73.2,70.2,70.2,14,18.1,63.6,33,9.0,40,74.7,7.08,1,5,9.0,No,68.9,64.5,Average,Medium
STU101485,22,Female,CSE,8,74.7,70.0,72.6,65.5,14,15.4,57.4,39,13.0,32,75.9,8.37,0,0,9.0,No,72.8,69.3,Good,Low
STU101486,22,Female,EEE,6,65.5,52.2,78.4,50.0,13,12.5,60.2,29,22.0,34,48.5,6.3,0,4,12.0,No,55.4,55.1,Average,Medium
STU101487,19,Female,AI&DS,5,72.3,62.2,77.9,56.5,10,20.2,54.8,17,16.0,42,65.4,6.9,0,1,6.0,No,63.8,66.8,Good,Low
STU101488,23,Female,CIVIL,4,56.9,32.1,40.6,60.3,7,9.0,44.5,11,7.0,31,43.6,4.94,0,7,3.0,No,41.4,44.7,Poor,High
STU101489,19,Female,IT,8,70.3,71.8,72.1,71.5,12,13.4,68.0,32,19.0,32,69.6,7.09,2,7,8.0,No,64.6,67.0,Good,Low
STU101490,24,Female,CIVIL,8,84.7,73.2,73.6,45.4,12,14.6,64.8,18,12.0,45,73.7,7.7,2,0,11.0,Yes,58.0,67.6,Good,Low
STU101491,18,Male,ECE,6,89.1,60.3,67.8,59.9,16,9.8,75.4,32,15.0,36,64.8,,2,2,15.0,Yes,61.4,49.6,Poor,High
STU101492,24,Female,ECE,2,66.6,67.1,58.1,53.7,12,11.0,72.5,32,16.0,36,57.9,6.25,1,4,12.0,No,72.3,52.3,Average,Medium
STU101493,21,Female,CSE,8,53.5,61.8,50.5,40.4,5,9.3,42.0,19,9.0,14,48.3,6.84,0,6,4.0,No,54.8,28.6,Poor,High
STU101494,22,Male,MECH,7,65.1,37.9,44.1,41.9,9,10.2,44.5,30,9.0,16,56.9,5.33,1,4,10.0,No,40.9,42.0,Poor,High
STU101495,19,Male,ECE,4,61.1,61.2,64.2,56.4,9,16.2,56.7,11,10.0,11,32.5,6.28,2,1,7.0,Yes,64.1,60.9,Average,Medium
STU101496,20,Female,CIVIL,3,68.6,50.8,65.8,48.3,14,13.1,63.4,14,12.0,47,78.4,7.21,1,2,9.0,No,65.9,46.4,Poor,High
STU101497,24,Female,EEE,7,71.0,71.1,72.3,61.8,12,12.5,71.8,22,17.0,49,67.4,6.6,0,2,13.0,No,63.8,65.8,Good,Low
STU101498,18,Female,CSE,6,88.4,55.1,70.9,54.4,15,10.5,78.1,29,18.0,43,80.4,5.67,3,2,7.0,No,61.6,57.4,Average,Medium
STU101499,19,Male,ECE,7,82.6,77.7,77.7,78.0,12,20.0,74.3,28,24.0,36,72.8,7.49,0,2,15.0,No,74.7,75.0,Good,Low
STU101500,22,Female,MECH,8,71.5,42.7,61.8,65.4,8,5.9,49.4,15,9.0,20,38.4,4.77,3,0,9.0,No,58.2,60.0,Average,Medium
STU101501,23,Male,CIVIL,4,65.3,65.6,49.7,46.3,8,9.6,59.6,13,9.0,7,40.6,6.77,1,2,3.0,Yes,52.6,48.5,Poor,High
STU101502,21,Male,AI&DS,7,67.2,55.6,65.5,47.3,6,8.3,44.6,19,12.0,21,59.2,6.09,1,0,7.0,No,59.8,57.8,Average,Medium
STU101503,18,Female,MECH,5,80.1,77.6,86.9,71.4,15,25.5,61.5,30,19.0,24,77.9,8.06,0,2,9.0,No,75.1,73.2,Good,Low
STU101504,19,Male,CSE,7,88.3,55.5,75.1,73.7,17,17.7,89.9,35,16.0,44,77.7,6.9,1,3,17.0,No,76.1,66.9,Good,Low
STU101505,24,Male,IT,3,63.6,56.9,54.2,67.1,11,9.4,55.3,19,17.0,30,67.3,5.69,2,4,9.0,Yes,65.0,50.0,Average,Medium
STU101506,19,Male,EEE,7,88.0,69.4,78.4,58.0,10,14.9,69.3,36,22.0,38,61.6,7.59,1,0,10.0,No,72.5,70.9,Good,Low
STU101507,22,Male,CIVIL,6,38.2,40.5,39.9,58.5,9,4.0,52.4,30,10.0,10,41.8,5.57,3,5,7.0,No,50.3,27.6,Poor,High
STU101508,24,Male,AI&DS,5,78.9,57.2,65.9,48.0,15,19.4,74.0,26,20.0,32,64.1,5.87,0,2,8.0,No,55.5,48.4,Poor,High
STU101509,20,Male,IT,8,76.8,71.9,78.4,88.4,14,10.6,75.9,28,18.0,54,63.6,8.49,0,4,10.0,No,81.0,69.3,Good,Low
STU101510,18,Male,MECH,4,74.6,72.5,81.6,,14,15.7,61.0,23,24.0,54,91.2,7.43,2,2,15.0,No,78.0,62.7,Average,Medium
STU101511,23,Female,CSE,7,68.6,52.6,80.4,48.3,13,14.1,69.8,26,20.0,31,66.7,6.51,0,0,12.0,No,53.0,59.3,Average,Medium
STU101512,23,Male,EEE,5,75.6,76.9,69.7,65.1,13,12.0,64.8,18,15.0,38,54.0,7.06,1,2,9.0,No,61.6,52.5,Average,Medium
STU101513,22,Female,AI&DS,2,94.6,86.9,72.9,57.1,18,15.3,72.7,37,27.0,56,72.1,7.66,0,1,18.0,No,79.9,77.3,Good,Low
STU101514,24,Female,CIVIL,3,61.9,58.9,46.1,30.4,9,1.3,58.3,24,11.0,23,32.6,4.64,3,3,5.0,Yes,61.0,28.3,Poor,High
STU101515,23,Male,CIVIL,7,75.2,38.2,60.4,40.2,8,13.5,53.6,13,10.0,29,56.1,5.35,1,3,4.0,Yes,50.6,52.9,Average,Medium
STU101516,22,Male,ECE,5,73.1,71.3,66.4,56.2,10,14.2,36.4,12,13.0,22,37.7,6.42,1,1,7.0,No,66.3,60.9,Average,Medium
STU101517,20,Male,AI&DS,7,73.0,52.6,59.8,64.7,10,14.4,68.9,29,15.0,33,67.5,6.15,1,2,13.0,No,74.0,54.9,Average,Medium
STU101518,18,Female,CIVIL,2,73.7,87.6,99.9,67.3,17,15.8,79.3,27,16.0,50,70.4,7.62,1,1,15.0,No,75.1,79.9,Good,Low
STU101519,23,Female,CIVIL,7,60.1,63.2,61.1,59.7,14,16.4,55.7,15,16.0,51,,6.45,1,4,11.0,No,49.2,54.4,Average,Medium
STU101520,23,Male,ECE,8,57.0,40.4,42.2,46.6,7,7.2,33.7,21,11.0,5,49.2,5.21,3,2,4.0,Yes,48.3,38.3,Poor,High
STU101521,22,Male,MECH,8,57.8,44.3,57.2,44.3,13,13.3,48.6,12,12.0,25,58.5,5.02,2,3,4.0,No,51.9,49.2,Poor,High
STU101522,22,Male,AI&DS,7,50.0,33.8,57.5,31.2,9,7.3,36.0,13,9.0,11,67.4,4.0,1,3,5.0,Yes,38.4,38.8,Poor,High
STU101523,23,Female,AI&DS,5,76.6,57.0,77.7,45.0,13,12.9,68.9,26,16.0,26,62.3,6.43,1,1,8.0,No,53.7,50.8,Average,Medium
STU101524,19,Male,IT,2,86.7,63.1,89.1,44.5,12,16.5,65.9,25,15.0,42,70.3,5.66,2,3,10.0,Yes,62.9,60.6,Average,Medium
STU101525,18,Female,MECH,3,72.4,60.0,60.4,46.9,13,25.6,63.8,26,18.0,28,61.3,5.89,2,4,8.0,No,53.9,60.6,Average,Medium
STU101526,22,Female,CSE,6,77.5,72.0,82.6,85.6,14,13.5,82.1,26,22.0,44,84.3,6.92,1,2,16.0,No,77.2,63.7,Average,Medium
STU101527,24,Female,ECE,8,63.9,68.8,81.8,84.4,16,15.5,75.8,30,18.0,46,65.0,7.64,1,4,14.0,Yes,74.1,68.5,Good,Low
STU101528,18,Male,AI&DS,7,67.2,64.7,53.8,67.7,9,7.6,61.1,17,9.0,38,62.7,6.88,1,6,4.0,No,60.5,49.6,Poor,High
STU101529,18,Male,AI&DS,6,56.9,47.8,65.9,40.9,14,8.5,59.2,18,14.0,11,71.6,5.31,1,5,9.0,Yes,54.2,62.4,Average,Medium
STU101530,22,Male,IT,8,73.5,62.1,68.8,67.4,11,15.1,48.2,17,12.0,34,55.7,8.06,0,3,8.0,No,66.3,67.7,Good,Low
STU101531,20,Female,CSE,4,74.1,68.0,66.1,62.2,10,20.6,77.5,28,16.0,53,68.1,7.23,1,4,9.0,No,64.1,77.6,Good,Low
STU101532,24,Male,AI&DS,4,70.9,58.9,53.3,55.7,12,12.8,71.0,24,14.0,30,43.8,6.14,1,1,8.0,No,64.5,54.6,Average,Medium
STU101533,21,Male,CIVIL,2,89.3,95.2,81.7,49.0,11,19.4,75.0,24,14.0,35,47.8,6.72,1,1,9.0,No,70.0,74.4,Good,Low
STU101534,21,Male,CSE,6,72.9,44.8,71.8,44.3,3,3.4,27.6,12,9.0,14,31.8,5.83,3,3,3.0,No,58.1,47.5,Poor,High
STU101535,18,Female,AI&DS,3,92.6,87.4,90.7,84.4,19,20.0,92.9,28,21.0,30,65.0,8.18,0,1,14.0,No,80.3,82.1,Excellent,Low
STU101536,24,Female,EEE,3,60.9,56.4,67.2,47.7,18,7.2,73.9,27,18.0,21,55.1,5.19,2,1,12.0,Yes,61.8,64.3,Average,Medium
STU101537,20,Female,AI&DS,2,68.3,63.5,70.9,75.3,13,16.2,74.1,31,17.0,48,58.4,7.89,1,0,12.0,No,65.7,63.1,Average,Medium
STU101538,21,Female,ECE,7,69.8,39.7,67.7,54.4,11,12.1,48.8,21,14.0,45,46.5,6.11,2,3,8.0,No,44.5,47.7,Poor,High
STU101539,22,Female,EEE,3,86.4,54.2,84.9,45.3,16,9.6,63.2,39,23.0,56,68.0,6.07,1,3,18.0,Yes,54.5,61.4,Average,Medium
STU101540,24,Female,IT,8,74.6,71.9,58.2,97.1,16,19.2,90.1,31,21.0,65,66.8,8.56,1,4,14.0,Yes,83.8,68.2,Good,Low
STU101541,23,Male,IT,3,77.4,60.7,59.8,59.8,9,10.5,49.3,29,17.0,26,43.9,6.07,2,3,7.0,No,54.1,52.6,Average,Medium
STU101542,23,Male,CSE,2,69.8,64.1,66.8,80.8,12,15.2,55.5,15,15.0,36,86.5,7.1,0,3,13.0,Yes,70.0,82.2,Excellent,Low
STU101543,18,Female,EEE,8,82.6,68.1,76.2,55.8,12,15.6,51.7,24,17.0,26,57.9,4.86,0,2,8.0,No,63.5,69.2,Good,Low
STU101544,18,Female,EEE,3,83.7,42.9,56.6,69.9,10,8.3,38.2,16,20.0,21,48.5,7.22,1,7,5.0,Yes,57.4,62.4,Average,Medium
STU101545,23,Female,AI&DS,7,77.9,73.7,90.0,78.4,12,15.1,72.1,29,17.0,49,76.1,8.31,1,1,13.0,No,77.8,77.7,Good,Low
STU101546,24,Male,AI&DS,2,79.8,58.8,76.1,56.7,15,15.7,78.2,31,16.0,33,57.0,6.41,1,1,6.0,No,66.7,57.1,Average,Medium
STU101547,22,Female,EEE,3,70.0,56.6,53.3,33.4,12,7.2,64.7,37,15.0,24,45.7,5.86,1,3,9.0,Yes,56.2,42.8,Poor,High
STU101548,24,Male,ECE,4,63.1,38.1,37.2,47.2,9,13.9,41.3,15,14.0,18,31.2,6.18,1,4,6.0,Yes,44.7,33.9,Poor,High
STU101549,20,Female,IT,7,73.0,77.7,79.8,70.3,13,9.2,73.9,28,17.0,43,60.1,7.16,0,2,13.0,No,85.9,69.5,Good,Low
STU101550,20,Male,CSE,2,57.8,72.7,65.0,63.2,7,17.2,75.9,20,18.0,36,63.4,7.72,0,1,9.0,Yes,65.8,64.3,Average,Medium
STU101551,19,Male,CSE,6,65.7,35.7,80.9,45.3,12,9.7,51.0,21,14.0,22,65.8,4.91,2,3,12.0,No,38.7,36.1,Poor,High
STU101552,23,Male,IT,7,75.1,61.2,76.4,50.3,14,11.1,69.0,31,15.0,37,71.5,5.66,2,2,7.0,No,67.6,54.9,Average,Medium
STU101553,22,Male,IT,2,97.8,55.7,72.6,48.0,15,14.4,86.5,29,21.0,54,100.0,5.81,0,1,15.0,No,69.2,68.3,Good,Low
STU101554,19,Male,ECE,5,65.1,61.2,51.5,56.1,10,6.1,50.4,14,12.0,25,53.8,5.54,1,4,10.0,No,53.7,45.7,Poor,High
STU101555,24,Female,MECH,8,79.2,56.2,66.4,35.7,9,13.5,56.7,20,15.0,14,52.8,6.56,3,4,11.0,Yes,53.6,50.6,Average,Medium
STU101556,18,Female,CIVIL,5,69.4,64.4,65.9,62.9,13,10.3,77.5,25,16.0,26,54.9,5.43,1,2,9.0,No,63.9,55.8,Average,Medium
STU101557,23,Female,AI&DS,7,57.7,49.1,55.6,57.8,8,,31.9,19,13.0,44,50.0,5.79,2,3,9.0,No,46.9,38.2,Poor,High
STU101558,19,Other,EEE,7,90.7,80.5,76.8,82.3,11,23.9,74.2,21,13.0,33,64.5,7.52,1,0,16.0,No,84.5,76.9,Good,Low
STU101559,23,Female,MECH,4,84.3,87.3,86.9,63.6,12,15.8,71.2,27,17.0,39,,7.69,0,2,10.0,No,79.9,77.0,Good,Low
STU101560,21,Female,AI&DS,6,60.6,53.5,46.8,51.3,7,7.2,33.2,9,5.0,3,53.6,6.88,1,5,5.0,Yes,60.7,43.3,Poor,High
STU101561,19,Male,IT,8,63.1,58.8,75.4,42.4,12,14.9,68.9,25,16.0,54,49.4,5.27,0,1,8.0,No,44.3,69.4,Good,Low
STU101562,18,Male,IT,4,83.8,71.9,74.1,55.5,17,15.0,62.0,30,21.0,30,82.7,5.89,1,0,10.0,No,66.7,65.6,Good,Low
STU101563,22,Female,ECE,2,84.4,34.6,68.0,53.9,13,15.0,62.6,28,21.0,41,80.9,6.13,3,4,15.0,No,55.1,54.1,Average,Medium
STU101564,19,Male,CSE,7,77.3,47.1,72.0,48.2,8,11.5,66.1,17,13.0,26,,6.59,3,1,6.0,Yes,54.0,54.3,Average,Medium
STU101565,21,Female,IT,4,76.7,63.6,68.5,43.2,12,14.2,38.0,19,7.0,15,35.7,6.74,0,1,8.0,Yes,64.5,63.4,Average,Medium
STU101566,24,Female,ECE,6,65.9,58.7,66.5,46.6,13,18.1,51.0,13,15.0,35,55.7,6.79,0,4,6.0,No,61.2,50.9,Average,Medium
STU101567,24,Male,CSE,3,65.0,52.6,75.4,44.5,6,8.5,35.6,15,10.0,10,33.3,5.44,2,0,11.0,No,52.2,52.7,Average,Medium
STU101568,21,Male,MECH,3,77.8,58.4,62.6,55.6,12,12.5,71.8,24,14.0,38,72.7,6.47,1,1,8.0,No,63.7,64.0,Average,Medium
STU101569,23,Female,MECH,7,73.9,71.1,83.7,80.5,15,10.1,74.1,30,18.0,67,79.1,6.5,1,3,12.0,No,68.2,56.8,Average,Medium
STU101570,23,Female,CSE,2,62.5,42.1,45.9,44.5,7,9.3,36.4,21,13.0,30,59.0,5.53,2,4,9.0,Yes,44.8,40.1,Poor,High
STU101571,22,Male,AI&DS,5,86.0,53.1,86.7,57.2,15,15.1,76.3,24,19.0,33,71.3,7.2,0,1,11.0,No,78.1,71.7,Good,Low
STU101572,19,Female,IT,7,60.8,68.5,39.6,62.2,6,15.2,33.3,26,5.0,21,42.7,6.58,2,3,4.0,Yes,65.5,47.6,Poor,High
STU101573,23,Male,IT,5,75.0,60.5,67.1,53.4,9,13.6,65.2,20,20.0,21,68.5,7.63,0,1,11.0,No,65.4,76.5,Good,Low
STU101574,18,Male,ECE,3,75.3,60.4,74.6,54.7,10,12.5,46.6,10,15.0,12,54.9,7.05,1,2,11.0,No,66.0,62.0,Average,Medium
STU101575,21,Female,CSE,6,69.7,36.2,63.5,37.1,13,10.3,48.2,18,19.0,18,77.1,5.59,1,2,8.0,Yes,46.1,50.6,Average,Medium
STU101576,23,Male,AI&DS,2,64.3,,63.0,45.6,11,8.9,66.0,38,17.0,31,53.9,5.47,1,3,9.0,Yes,52.7,53.1,Average,Medium
STU101577,21,Female,ECE,6,75.5,70.0,68.6,73.7,11,13.6,60.0,32,19.0,42,79.3,5.56,1,4,11.0,No,69.8,67.9,Good,Low
STU101578,20,Male,AI&DS,4,93.4,84.9,71.4,75.7,18,18.3,97.1,30,30.0,54,76.7,7.54,1,1,17.0,No,84.8,79.8,Good,Low
STU101579,20,Female,EEE,5,60.1,40.4,53.9,19.8,7,8.1,24.0,21,12.0,22,38.4,4.0,2,4,5.0,Yes,50.7,31.7,Poor,High
STU101580,21,Female,CSE,8,94.7,66.9,81.1,62.9,14,15.5,86.4,41,18.0,47,78.4,6.91,2,0,12.0,No,61.7,68.6,Good,Low
STU101581,23,Female,CIVIL,8,80.0,75.5,83.0,71.9,13,18.2,59.1,18,13.0,45,59.5,5.96,2,3,7.0,No,75.1,59.6,Average,Medium
STU101582,24,Female,CIVIL,7,73.2,67.6,70.5,57.9,10,15.4,62.8,27,13.0,30,48.6,6.31,1,4,6.0,No,60.1,56.7,Average,Medium
STU101583,23,Female,CIVIL,5,79.1,59.1,82.9,65.5,18,14.5,71.0,29,16.0,37,54.2,7.47,1,2,14.0,No,69.2,60.5,Average,Medium
STU101584,20,Female,AI&DS,7,70.3,59.7,56.4,55.4,11,11.4,54.5,21,8.0,29,50.3,4.95,1,3,7.0,No,60.1,47.9,Poor,High
STU101585,18,Female,EEE,2,81.7,70.1,81.4,64.9,15,13.0,66.0,33,22.0,28,61.2,6.84,0,0,11.0,No,62.7,81.5,Excellent,Low
STU101586,21,Male,AI&DS,3,69.3,47.3,60.7,41.4,6,4.9,54.3,25,15.0,16,49.0,4.59,2,2,7.0,Yes,46.2,40.4,Poor,High
STU101587,24,Male,AI&DS,5,70.1,42.8,52.8,39.6,12,6.3,70.3,21,17.0,43,64.8,4.7,2,1,9.0,No,53.4,44.1,Poor,High
STU101588,22,Male,MECH,7,91.8,70.9,82.4,68.0,16,19.9,74.4,26,18.0,32,66.4,7.33,2,1,14.0,No,77.0,62.8,Average,Medium
STU101589,20,Female,CIVIL,4,59.0,55.6,67.6,49.8,7,12.9,50.6,24,11.0,36,55.5,5.59,1,1,6.0,No,49.6,64.5,Average,Medium
STU101590,18,Male,CIVIL,4,73.9,73.9,74.6,57.7,11,13.8,57.6,31,16.0,40,58.7,6.99,1,7,5.0,No,68.1,55.8,Average,Medium
STU101591,19,Female,AI&DS,8,67.7,60.3,63.4,52.5,7,5.7,52.5,19,14.0,11,64.7,5.81,3,5,5.0,No,60.3,38.4,Poor,High
STU101592,23,Male,EEE,8,59.5,45.1,57.2,47.3,11,12.4,58.9,17,11.0,46,57.1,4.12,2,4,4.0,No,55.0,44.1,Poor,High
STU101593,22,Male,AI&DS,2,75.9,59.4,80.9,58.8,15,18.8,72.1,30,19.0,34,65.6,5.9,1,2,7.0,Yes,65.1,51.6,Average,Medium
STU101594,21,Female,EEE,5,58.6,63.0,64.6,48.1,8,11.2,68.4,11,17.0,26,53.2,5.61,2,3,7.0,Yes,53.5,56.9,Average,Medium
STU101595,20,Female,AI&DS,6,73.0,71.4,55.7,68.4,9,13.9,64.6,28,15.0,32,44.8,7.82,0,3,7.0,No,76.6,51.6,Average,Medium
STU101596,19,Male,CIVIL,6,86.4,74.6,82.9,66.9,9,12.5,63.0,26,14.0,42,61.5,6.73,2,5,16.0,No,53.6,66.8,Good,Low
STU101597,24,Female,IT,8,79.5,52.3,87.3,65.8,12,14.0,89.2,38,26.0,40,91.9,6.18,0,3,12.0,No,70.5,67.1,Good,Low
STU101598,21,Male,AI&DS,8,70.2,74.7,78.5,58.2,11,12.9,51.3,26,18.0,22,57.5,6.59,1,3,9.0,No,64.2,62.0,Average,Medium
STU101599,23,Male,IT,3,86.5,77.2,79.4,75.5,12,17.0,,32,16.0,50,69.2,7.67,0,1,17.0,No,66.7,68.0,Good,Low
STU101600,21,Male,MECH,8,56.6,52.8,43.6,38.2,7,13.4,41.9,16,6.0,7,24.2,5.27,2,0,7.0,No,41.2,48.4,Poor,High
STU101601,21,Male,EEE,4,68.6,59.1,71.9,45.8,13,16.6,55.5,24,20.0,21,69.4,6.58,1,1,10.0,No,52.0,55.3,Average,Medium
STU101602,22,Male,ECE,2,92.1,90.1,80.3,87.1,16,16.1,83.1,29,20.0,41,76.8,8.1,0,0,12.0,No,89.8,69.1,Good,Low
STU101603,20,Male,AI&DS,4,78.7,70.1,91.7,89.2,14,17.8,76.1,38,18.0,70,68.9,8.11,1,1,13.0,Yes,80.2,53.7,Average,Medium
STU101604,24,Female,CSE,3,68.4,66.9,74.3,46.2,10,10.0,66.2,23,10.0,22,43.0,6.33,2,3,12.0,No,58.3,54.2,Average,Medium
STU101605,21,Female,CSE,8,78.7,61.9,72.0,63.4,12,11.5,73.9,30,20.0,53,89.8,6.62,1,2,10.0,No,69.2,73.3,Good,Low
STU101606,23,Male,MECH,6,76.0,73.5,66.1,73.6,14,11.7,91.9,36,22.0,48,69.7,8.19,0,1,14.0,No,82.5,69.0,Good,Low
STU101607,24,Female,AI&DS,4,74.9,61.9,59.4,72.2,14,17.4,59.2,34,25.0,46,68.1,7.2,1,3,14.0,No,75.4,61.0,Average,Medium
STU101608,20,Female,ECE,2,62.5,58.8,70.7,65.0,14,16.4,72.7,35,10.0,44,75.7,6.38,0,6,13.0,Yes,64.5,51.8,Average,Medium
STU101609,19,Male,IT,4,76.5,62.5,83.1,62.9,17,,77.5,30,21.0,37,55.5,6.06,1,1,12.0,No,71.5,65.7,Good,Low
STU101610,24,Male,MECH,4,68.1,62.4,54.8,46.4,10,10.7,62.4,27,13.0,32,76.3,5.57,1,2,13.0,Yes,66.3,55.4,Average,Medium
STU101611,23,Male,CSE,5,74.8,71.5,75.4,75.6,10,17.2,,28,9.0,35,51.3,5.72,1,0,7.0,Yes,60.5,66.3,Good,Low
STU101612,23,Female,MECH,3,73.6,60.9,80.9,48.6,14,11.0,71.1,24,17.0,39,65.0,6.73,2,0,14.0,Yes,61.3,50.3,Average,Medium
STU101613,24,Male,CSE,5,71.9,70.0,56.5,68.7,14,9.7,54.0,25,20.0,34,62.9,6.73,2,4,13.0,Yes,74.8,45.0,Poor,High
STU101614,18,Male,CIVIL,5,70.1,72.2,61.0,57.1,13,11.3,55.0,30,22.0,53,72.9,5.9,0,4,12.0,Yes,74.9,48.7,Poor,High
STU101615,24,Male,CSE,7,69.5,66.2,90.5,37.9,15,16.0,61.4,28,23.0,20,61.4,6.19,1,3,12.0,Yes,54.3,54.8,Average,Medium
STU101616,18,Male,CSE,6,79.0,73.0,75.3,78.5,17,12.6,61.6,35,18.0,56,77.6,7.26,1,3,15.0,No,63.3,60.8,Average,Medium
STU101617,19,Male,IT,7,91.6,91.6,100.0,87.8,17,17.9,87.6,40,24.0,59,73.2,9.2,1,2,17.0,No,89.1,84.9,Excellent,Low
STU101618,19,Female,AI&DS,3,81.6,40.5,69.7,29.4,9,8.1,47.7,24,12.0,25,57.4,4.75,2,1,14.0,Yes,43.6,38.7,Poor,High
STU101619,18,Female,CSE,2,81.0,69.4,81.1,65.8,7,10.8,55.9,34,10.0,40,51.9,6.43,1,0,5.0,No,63.5,65.8,Good,Low
STU101620,18,Male,CSE,5,66.2,48.8,67.6,49.3,12,7.5,64.6,31,19.0,35,62.9,5.49,1,0,9.0,No,52.3,61.9,Average,Medium
STU101621,18,Male,AI&DS,8,59.3,76.7,65.5,80.9,13,13.6,60.6,21,19.0,11,58.2,7.64,1,3,10.0,Yes,64.7,70.4,Good,Low
STU101622,21,Male,CIVIL,4,59.3,64.7,53.4,48.1,10,8.1,68.7,29,17.0,44,78.5,7.21,0,5,13.0,Yes,54.8,58.7,Average,Medium
STU101623,20,Male,CSE,7,76.3,80.7,81.1,62.2,15,14.3,65.0,28,20.0,41,67.1,6.73,2,3,10.0,No,74.7,61.8,Average,Medium
STU101624,20,Female,CSE,8,77.4,87.4,79.6,80.6,15,18.5,77.2,36,20.0,47,84.2,7.67,1,0,13.0,Yes,69.1,78.4,Good,Low
STU101625,19,Female,IT,2,72.6,69.8,65.8,57.7,9,15.2,59.9,27,18.0,38,63.3,6.53,0,0,15.0,No,60.0,64.0,Average,Medium
STU101626,24,Female,AI&DS,2,76.4,67.4,61.2,66.6,15,15.0,83.3,22,20.0,49,82.7,7.25,0,4,12.0,No,76.3,68.9,Good,Low
STU101627,20,Male,CSE,6,49.1,20.5,46.9,32.7,4,2.0,19.1,5,5.0,1,25.0,4.75,2,4,-0.0,Yes,31.7,22.3,Poor,High
STU101628,21,Female,CSE,7,76.5,80.5,77.8,,13,14.9,74.4,30,21.0,42,67.2,8.12,0,2,17.0,No,84.7,72.6,Good,Low
STU101629,18,Female,IT,6,80.6,68.7,80.7,66.1,17,16.5,91.4,36,19.0,52,77.4,5.38,1,2,8.0,Yes,63.4,67.9,Good,Low
STU101630,19,Male,ECE,8,78.5,81.2,79.7,73.6,20,18.4,88.5,31,26.0,53,63.0,7.71,1,1,13.0,No,77.0,78.6,Good,Low
STU101631,19,Female,EEE,2,74.8,55.2,71.0,41.9,12,8.1,52.3,29,18.0,32,60.8,6.45,2,3,11.0,No,51.8,62.8,Average,Medium
STU101632,24,Female,EEE,5,79.1,63.1,63.8,51.1,13,9.9,76.2,35,21.0,45,65.3,5.87,1,1,13.0,No,65.3,59.8,Average,Medium
STU101633,19,Female,ECE,6,79.2,68.3,89.7,51.7,9,14.4,60.9,22,18.0,35,62.6,7.65,0,3,10.0,Yes,63.5,65.8,Good,Low
STU101634,21,Male,CIVIL,6,81.0,50.6,60.8,70.6,13,12.2,73.2,25,15.0,45,71.8,6.78,1,1,6.0,No,61.8,61.1,Average,Medium
STU101635,21,Male,IT,2,95.1,81.3,85.6,70.4,15,12.8,78.7,35,19.0,42,74.3,8.14,1,0,13.0,No,80.2,92.0,Excellent,Low
STU101636,18,Female,EEE,2,81.3,65.7,84.2,59.6,12,17.8,73.5,36,20.0,33,66.7,8.88,1,0,10.0,Yes,73.4,63.8,Average,Medium
STU101637,20,Male,CIVIL,8,64.2,38.7,59.4,34.3,6,7.4,55.4,8,6.0,15,44.8,6.31,1,3,5.0,No,54.2,35.0,Poor,High
STU101638,18,Female,CSE,4,77.6,71.3,64.8,75.5,16,12.7,67.4,24,14.0,36,60.4,7.92,1,1,9.0,No,81.4,68.7,Good,Low
STU101639,19,Male,ECE,3,75.6,62.3,65.4,63.1,12,10.5,40.0,25,10.0,30,52.7,6.76,2,3,7.0,No,74.5,59.1,Average,Medium
STU101640,22,Male,EEE,3,72.6,61.9,73.4,58.0,16,13.3,69.6,22,17.0,27,59.4,5.61,1,3,10.0,Yes,51.1,53.6,Average,Medium
STU101641,21,Female,CSE,3,64.3,44.9,70.0,42.1,12,4.4,51.0,23,10.0,41,62.9,4.39,1,5,11.0,Yes,56.0,46.2,Poor,High
STU101642,21,Female,CSE,6,79.3,75.5,69.3,64.1,13,12.5,64.1,26,13.0,44,52.3,7.96,1,6,16.0,No,73.3,59.6,Average,Medium
STU101643,19,Male,CSE,5,52.1,25.3,28.3,29.1,4,6.9,42.5,11,5.0,17,42.2,4.0,3,6,3.0,Yes,37.6,21.4,Poor,High
STU101644,22,Female,AI&DS,8,74.2,67.4,80.4,77.4,14,13.7,78.1,18,19.0,44,52.2,8.18,0,3,16.0,No,74.8,64.3,Average,Medium
STU101645,24,Female,CIVIL,5,55.8,32.4,63.3,52.3,12,6.6,49.2,28,14.0,38,58.2,4.78,2,3,6.0,No,45.9,42.5,Poor,High
STU101646,23,Female,CSE,2,68.1,52.9,74.5,60.2,9,15.5,51.7,15,13.0,16,55.3,5.31,0,5,10.0,No,67.6,41.5,Poor,High
STU101647,19,Male,EEE,5,65.9,48.3,70.5,45.6,10,13.3,49.1,16,15.0,30,41.1,5.94,2,6,8.0,Yes,60.2,41.5,Poor,High
STU101648,22,Female,CSE,5,84.2,83.0,78.0,68.8,17,19.5,82.0,36,23.0,38,84.5,6.74,0,2,10.0,No,89.9,90.2,Excellent,Low
STU101649,19,Female,EEE,4,79.4,62.1,70.9,48.9,11,9.6,54.0,18,8.0,34,50.2,7.38,0,3,5.0,No,67.8,57.7,Average,Medium
STU101650,24,Female,AI&DS,7,62.4,47.9,61.4,50.5,13,9.3,58.7,23,18.0,26,55.3,5.8,1,4,8.0,Yes,49.3,42.1,Poor,High
STU101651,21,Female,CSE,8,71.8,33.8,78.5,59.9,13,12.1,61.3,29,19.0,43,73.7,5.95,1,5,13.0,Yes,61.3,61.5,Average,Medium
STU101652,23,Male,ECE,5,72.8,64.8,77.8,91.2,14,17.8,83.3,33,24.0,71,97.2,7.4,0,0,15.0,No,75.8,83.5,Excellent,Low
STU101653,21,Male,AI&DS,7,73.4,61.3,75.4,68.7,17,22.5,83.8,27,21.0,53,75.9,7.07,2,4,11.0,No,73.1,68.0,Good,Low
STU101654,22,Male,AI&DS,5,80.8,57.6,76.7,45.0,13,12.7,56.4,30,18.0,27,54.9,6.44,1,4,8.0,Yes,66.4,59.3,Average,Medium
STU101655,24,Male,EEE,7,73.6,68.5,82.5,68.8,15,16.5,91.3,29,27.0,48,69.9,6.02,1,1,9.0,No,70.9,65.8,Good,Low
STU101656,18,Female,IT,5,57.8,33.3,30.2,25.6,1,14.7,16.4,5,5.0,12,22.9,4.13,2,4,1.0,No,29.8,30.6,Poor,High
STU101657,24,Female,EEE,3,65.9,56.4,76.1,66.8,13,19.7,63.8,25,19.0,35,57.5,5.93,1,3,9.0,No,68.7,59.9,Average,Medium
STU101658,21,Female,ECE,6,65.2,35.0,60.8,39.4,12,9.8,54.6,27,15.0,43,64.2,4.4,1,2,13.0,Yes,47.6,48.5,Poor,High
STU101659,18,Female,EEE,4,72.5,71.5,77.5,72.0,12,19.1,65.9,23,17.0,38,72.4,6.31,2,4,11.0,No,62.2,61.6,Average,Medium
STU101660,21,Female,ECE,2,90.0,51.4,71.3,68.8,16,15.6,84.1,28,20.0,64,82.3,7.56,1,2,12.0,No,85.0,61.4,Average,Medium
STU101661,18,Female,EEE,7,89.0,,95.7,86.2,19,20.2,88.6,32,17.0,46,48.4,8.45,0,0,17.0,No,86.9,88.2,Excellent,Low
STU101662,21,Male,EEE,5,67.6,59.3,77.1,39.1,9,14.0,71.5,19,17.0,29,63.7,4.48,0,3,10.0,No,55.7,58.3,Average,Medium
STU101663,21,Female,ECE,6,84.4,77.1,69.4,52.4,14,16.8,49.3,24,18.0,33,59.4,6.78,1,2,10.0,Yes,63.4,58.3,Average,Medium
STU101664,20,Male,CIVIL,5,92.9,84.2,90.2,81.9,13,20.8,66.1,19,11.0,48,80.2,7.73,0,1,8.0,No,83.6,80.0,Good,Low
STU101665,21,Male,AI&DS,8,,70.4,69.7,72.5,10,14.9,58.7,33,16.0,48,75.2,8.32,0,4,8.0,Yes,76.1,64.3,Average,Medium
STU101666,22,Female,CSE,3,76.1,75.5,75.3,69.4,11,10.3,55.1,24,16.0,44,46.7,5.52,1,3,10.0,No,72.1,59.1,Average,Medium
STU101667,23,Female,EEE,2,72.8,63.3,64.1,61.4,14,10.7,64.8,15,15.0,32,59.1,6.53,2,3,9.0,Yes,71.1,47.0,Poor,High
STU101668,20,Male,CIVIL,5,93.5,63.0,72.6,69.0,13,15.3,81.4,28,21.0,39,82.1,8.06,2,0,14.0,No,76.6,80.0,Good,Low
STU101669,18,Female,CIVIL,8,73.4,61.3,65.3,60.6,13,14.4,51.7,28,17.0,40,72.2,6.92,1,5,12.0,No,39.3,46.3,Poor,High
STU101670,21,Female,AI&DS,5,79.0,70.8,73.8,47.3,10,14.8,58.9,27,18.0,45,79.9,5.98,1,3,5.0,No,61.4,53.0,Average,Medium
STU101671,24,Male,EEE,4,72.3,66.2,78.3,66.3,11,7.9,51.6,13,18.0,17,64.7,6.6,2,1,7.0,No,64.3,62.7,Average,Medium
STU101672,20,Female,IT,6,60.8,53.7,63.5,32.3,5,9.8,42.0,20,4.0,10,39.5,4.75,2,4,6.0,Yes,38.8,40.9,Poor,High
STU101673,18,Other,CSE,4,80.9,64.9,71.5,48.2,10,11.8,74.7,28,17.0,52,52.8,8.08,1,0,13.0,Yes,61.6,62.3,Average,Medium
STU101674,24,Female,ECE,5,80.9,65.0,72.4,57.7,18,14.5,71.7,29,22.0,32,74.8,6.43,1,0,10.0,No,60.6,69.4,Good,Low
STU101675,20,Male,AI&DS,8,68.1,56.4,60.2,63.5,11,15.5,62.6,29,16.0,49,76.7,7.21,2,6,9.0,Yes,57.8,51.8,Average,Medium
STU101676,20,Male,CIVIL,4,59.8,39.4,52.4,35.2,9,12.6,59.1,12,15.0,31,54.2,4.91,1,6,7.0,No,46.8,43.0,Poor,High
STU101677,20,Male,AI&DS,5,98.0,73.9,86.3,57.3,16,20.8,72.5,25,21.0,53,80.2,7.19,1,1,11.0,No,68.8,93.4,Excellent,Low
STU101678,23,Male,MECH,7,87.0,70.1,81.3,82.4,14,14.8,77.9,25,18.0,37,71.3,,1,3,13.0,No,86.7,67.5,Good,Low
STU101679,19,Female,CSE,6,66.1,53.7,57.4,28.9,6,10.1,42.4,20,11.0,32,51.9,4.62,1,4,7.0,No,47.1,41.7,Poor,High
STU101680,22,Female,CSE,4,69.9,69.5,75.2,56.1,15,17.2,71.2,25,16.0,46,75.1,6.08,2,2,14.0,No,59.4,57.1,Average,Medium
STU101681,20,Male,CSE,5,62.4,50.2,63.6,58.0,9,14.2,55.8,20,16.0,29,47.0,5.78,1,2,13.0,Yes,67.1,49.0,Poor,High
STU101682,20,Male,AI&DS,5,68.8,55.4,61.1,49.1,10,15.6,53.3,14,15.0,18,68.3,5.65,1,1,7.0,Yes,54.3,47.1,Poor,High
STU101683,19,Female,CIVIL,4,69.6,52.0,62.9,76.1,13,13.6,53.5,27,13.0,29,48.7,5.37,1,4,8.0,No,67.8,64.9,Average,Medium
STU101684,23,Male,CSE,4,,65.6,76.7,82.2,13,16.6,85.1,32,20.0,51,87.6,8.1,0,1,16.0,No,75.5,74.8,Good,Low
STU101685,21,Female,CSE,2,55.9,47.3,76.9,40.4,8,13.2,43.7,21,12.0,49,40.8,5.95,0,0,12.0,Yes,52.2,44.3,Poor,High
STU101686,24,Female,CIVIL,5,85.7,78.7,78.3,68.9,10,17.4,61.6,14,16.0,19,58.2,7.0,1,2,10.0,No,72.1,75.2,Good,Low
STU101687,23,Male,AI&DS,4,81.8,46.4,88.5,49.5,15,,60.8,36,14.0,32,75.7,5.08,0,2,13.0,No,63.3,50.7,Average,Medium
STU101688,23,Male,EEE,7,74.9,68.3,59.7,54.9,6,13.6,42.4,28,9.0,29,58.8,6.41,1,6,7.0,No,61.8,58.0,Average,Medium
STU101689,21,Female,CSE,6,69.2,64.1,73.1,48.2,12,22.7,67.7,11,17.0,33,61.5,6.39,3,2,10.0,No,67.0,57.1,Average,Medium
STU101690,24,Male,IT,6,88.1,68.7,80.7,65.6,15,15.2,75.6,40,20.0,50,62.2,7.29,1,2,13.0,No,76.4,69.1,Good,Low
STU101691,22,Female,ECE,3,78.1,59.9,71.0,61.8,14,15.2,,27,16.0,20,55.7,6.67,1,3,7.0,No,62.9,65.8,Good,Low
STU101692,21,Female,CSE,2,62.3,48.9,48.9,37.3,9,7.0,41.3,25,16.0,32,63.6,4.0,3,4,9.0,No,35.2,39.0,Poor,High
STU101693,20,Male,EEE,4,67.2,39.8,70.8,29.1,10,8.6,46.3,24,9.0,19,54.2,4.78,1,3,9.0,No,34.5,36.7,Poor,High
STU101694,24,Female,AI&DS,5,82.5,53.8,63.9,,14,9.6,89.2,38,24.0,44,73.5,5.9,1,2,13.0,Yes,70.3,54.4,Average,Medium
STU101695,19,Female,AI&DS,5,62.3,47.0,59.6,42.8,7,5.4,47.8,13,8.0,22,19.1,5.76,2,3,9.0,No,51.4,44.3,Poor,High
STU101696,24,Male,ECE,2,73.8,68.1,74.1,73.0,15,16.8,80.2,21,24.0,52,66.8,7.0,1,3,13.0,No,80.4,61.2,Average,Medium
STU101697,19,Male,ECE,3,77.9,49.2,63.8,46.7,12,14.2,57.6,19,20.0,8,59.1,6.04,2,2,10.0,Yes,53.7,47.9,Poor,High
STU101698,23,Female,EEE,7,96.7,87.1,79.4,95.9,17,25.6,86.2,33,28.0,38,80.0,9.39,0,0,13.0,No,100.0,89.1,Excellent,Low
STU101699,19,Male,CSE,8,67.4,47.2,61.2,47.6,11,8.7,66.2,19,10.0,17,51.4,7.45,1,5,7.0,Yes,55.9,42.2,Poor,High
STU101700,23,Female,MECH,8,93.8,73.3,73.2,,20,14.4,80.8,32,18.0,54,73.0,6.65,1,3,12.0,No,82.1,69.6,Good,Low
STU101701,23,Male,CSE,5,58.6,49.0,55.0,34.2,7,8.8,62.9,15,10.0,27,54.9,6.53,1,3,6.0,No,43.6,41.1,Poor,High
STU101702,23,Male,MECH,6,74.7,59.9,68.6,57.2,16,10.9,71.9,28,23.0,39,74.5,7.32,1,3,12.0,No,76.8,52.0,Average,Medium
STU101703,24,Female,CSE,6,65.9,69.1,52.2,70.5,13,14.9,64.1,30,20.0,52,,6.33,2,3,11.0,No,66.1,54.0,Average,Medium
STU101704,21,Female,ECE,4,48.3,45.9,33.1,30.0,9,4.9,36.4,10,9.0,11,42.1,4.62,1,6,5.0,Yes,46.5,27.8,Poor,High
STU101705,23,Female,EEE,4,82.4,55.1,82.1,44.4,12,9.7,74.5,32,11.0,35,64.2,5.54,1,1,9.0,Yes,66.9,64.2,Average,Medium
STU101706,21,Male,EEE,2,93.8,78.7,97.6,74.0,18,22.5,,33,22.0,55,88.9,8.09,1,1,14.0,No,81.3,95.1,Excellent,Low
STU101707,18,Female,CIVIL,2,76.9,43.0,70.5,47.1,12,10.8,79.4,23,12.0,37,57.9,6.6,0,3,12.0,Yes,67.0,49.3,Poor,High
STU101708,20,Male,ECE,4,87.2,61.5,88.1,56.3,13,16.6,53.1,22,18.0,30,74.7,6.61,2,1,13.0,No,65.2,60.4,Average,Medium
STU101709,18,Female,IT,4,87.1,83.0,72.9,55.5,12,16.4,62.2,32,16.0,34,54.0,7.63,0,2,7.0,No,75.5,58.8,Average,Medium
STU101710,22,Male,IT,5,62.9,51.2,74.1,63.9,11,12.8,52.3,13,11.0,25,73.9,6.78,0,5,9.0,Yes,65.6,42.0,Poor,High
STU101711,19,Female,IT,8,72.0,62.3,77.4,54.8,7,9.0,51.0,20,17.0,10,72.9,6.26,3,4,3.0,No,55.0,54.5,Average,Medium
STU101712,20,Female,AI&DS,8,64.8,45.8,54.0,29.5,10,12.3,49.5,21,14.0,19,60.7,4.72,2,3,7.0,Yes,48.7,40.4,Poor,High
STU101713,24,Male,CSE,3,69.3,65.1,75.2,59.3,14,12.9,61.0,21,17.0,15,64.6,7.36,1,0,9.0,No,59.3,63.3,Average,Medium
STU101714,23,Female,MECH,5,55.2,56.8,72.4,49.9,9,4.4,62.5,16,18.0,32,58.3,6.74,0,5,11.0,Yes,54.1,46.8,Poor,High
STU101715,20,Male,AI&DS,5,85.0,66.5,79.5,54.8,13,14.2,68.9,22,14.0,30,64.9,5.8,1,0,12.0,No,50.6,59.9,Average,Medium
STU101716,21,Female,CIVIL,8,76.6,74.0,85.6,53.8,16,17.2,88.6,42,20.0,42,64.8,6.27,1,2,10.0,No,55.2,65.3,Good,Low
STU101717,22,Female,CSE,4,63.1,73.7,59.4,41.4,8,7.2,44.1,21,5.0,32,34.6,5.32,2,6,7.0,No,59.6,51.0,Average,Medium
STU101718,20,Female,CIVIL,4,70.4,35.9,68.8,54.6,10,11.1,54.6,27,14.0,30,61.8,6.14,2,2,8.0,Yes,42.1,46.6,Poor,High
STU101719,23,Male,CSE,7,71.6,73.9,65.9,59.3,14,18.6,69.5,33,17.0,34,62.8,6.72,1,3,12.0,Yes,72.6,67.4,Good,Low
STU101720,19,Male,IT,2,68.6,33.5,59.6,60.7,9,15.3,44.9,24,14.0,24,64.0,6.32,2,0,8.0,Yes,61.3,50.2,Average,Medium
STU101721,20,Male,EEE,2,79.6,72.2,89.8,67.2,15,17.7,87.4,41,21.0,41,87.3,6.45,1,1,11.0,No,63.9,78.9,Good,Low
STU101722,19,Male,CSE,6,,44.7,61.7,49.5,11,10.9,,16,7.0,25,57.0,5.02,2,5,8.0,No,50.9,47.9,Poor,High
STU101723,22,Female,ECE,4,50.2,43.9,66.2,55.6,6,12.3,49.3,25,11.0,26,31.1,6.47,1,4,6.0,Yes,53.7,50.7,Average,Medium
STU101724,22,Male,ECE,3,90.9,77.3,83.7,69.0,16,18.2,74.1,41,24.0,61,71.1,7.44,0,0,16.0,No,83.2,78.5,Good,Low
STU101725,23,Male,IT,7,75.6,71.3,67.9,67.7,11,12.7,51.3,29,17.0,52,72.8,7.13,0,1,13.0,No,79.9,80.9,Excellent,Low
STU101726,20,Male,ECE,3,74.0,67.6,67.0,48.5,10,12.7,29.6,22,20.0,12,58.3,6.45,2,0,6.0,No,67.6,53.7,Average,Medium
STU101727,19,Female,EEE,2,70.4,44.9,81.4,57.4,8,14.4,64.1,21,10.0,23,62.7,6.91,1,2,8.0,Yes,63.3,48.1,Poor,High
STU101728,18,Female,AI&DS,2,82.3,52.8,66.0,56.2,13,15.8,81.3,37,14.0,62,77.3,5.83,1,1,10.0,No,65.2,69.4,Good,Low
STU101729,24,Male,MECH,8,73.7,67.1,65.5,65.2,4,13.8,57.0,17,17.0,38,44.6,6.95,1,0,10.0,No,69.7,52.7,Average,Medium
STU101730,20,Female,CSE,5,80.0,72.2,94.2,80.2,17,13.7,74.9,40,26.0,53,83.9,6.51,1,0,19.0,Yes,76.0,71.0,Good,Low
STU101731,23,Male,IT,2,69.8,79.0,57.7,72.1,9,16.7,40.8,20,15.0,29,48.8,6.24,1,2,10.0,No,76.3,68.2,Good,Low
STU101732,20,Female,EEE,3,76.3,66.0,73.4,49.7,11,14.4,61.9,23,21.0,47,73.8,7.43,0,2,11.0,No,56.3,54.6,Average,Medium
STU101733,20,Male,CIVIL,4,58.2,63.0,65.2,43.7,8,13.4,57.6,20,16.0,24,54.7,5.69,1,2,4.0,Yes,69.9,52.3,Average,Medium
STU101734,19,Female,CIVIL,8,56.2,45.7,54.7,33.8,8,4.9,49.8,6,10.0,20,57.6,5.34,2,4,6.0,No,40.1,39.6,Poor,High
STU101735,23,Male,CSE,5,55.6,69.4,72.1,64.0,12,11.8,45.8,27,14.0,33,61.7,6.24,1,4,10.0,Yes,63.9,48.9,Poor,High
STU101736,20,Female,AI&DS,7,69.5,63.1,50.4,72.3,9,18.6,48.8,29,16.0,32,57.9,8.25,1,5,12.0,No,70.6,47.7,Poor,High
STU101737,20,Female,AI&DS,5,81.3,51.9,62.4,,18,6.4,79.9,30,17.0,35,74.9,5.23,2,3,14.0,No,72.9,54.9,Average,Medium
STU101738,22,Female,AI&DS,7,62.2,62.7,65.9,61.3,14,12.4,68.8,21,12.0,26,59.8,5.49,0,3,9.0,Yes,54.7,57.5,Average,Medium
STU101739,21,Female,CSE,2,77.6,57.4,71.9,46.0,10,11.7,58.2,19,18.0,36,58.0,5.04,2,3,5.0,Yes,58.2,52.1,Average,Medium
STU101740,23,Male,CIVIL,4,70.4,75.2,82.5,63.8,18,19.7,67.9,37,17.0,55,85.4,6.07,1,0,13.0,No,74.9,70.5,Good,Low
STU101741,18,Male,ECE,5,76.4,60.2,79.3,62.8,18,16.5,76.8,40,22.0,47,89.2,6.8,0,3,14.0,No,72.1,63.5,Average,Medium
STU101742,24,Female,EEE,2,78.4,86.5,89.2,78.7,17,23.5,92.5,42,23.0,47,89.2,7.67,0,1,16.0,No,81.4,82.8,Excellent,Low
STU101743,19,Female,ECE,3,82.7,56.9,69.1,56.1,9,17.4,57.8,28,16.0,31,70.7,7.43,2,2,9.0,Yes,65.1,56.9,Average,Medium
STU101744,18,Male,CSE,6,67.6,50.4,45.9,60.7,10,11.8,39.5,22,9.0,18,60.9,6.53,2,3,5.0,No,48.6,47.2,Poor,High
STU101745,18,Male,ECE,6,80.5,57.0,84.0,51.2,11,13.1,51.1,12,16.0,19,42.1,7.69,0,1,12.0,No,69.7,40.3,Poor,High
STU101746,20,Male,AI&DS,2,57.0,51.9,65.5,49.8,11,7.3,33.4,24,11.0,37,71.0,6.46,2,2,11.0,No,54.8,32.7,Poor,High
STU101747,20,Female,IT,3,56.6,75.7,62.7,62.7,12,16.4,48.5,21,9.0,21,35.6,6.27,1,3,5.0,Yes,57.1,50.6,Average,Medium
STU101748,18,Female,MECH,5,73.2,66.8,58.6,69.2,12,12.1,69.7,27,14.0,44,72.4,6.26,1,1,12.0,No,59.9,79.8,Good,Low
STU101749,22,Female,CSE,3,64.5,53.4,77.6,42.9,8,9.8,72.1,22,15.0,39,38.9,7.48,1,5,12.0,Yes,59.5,47.9,Poor,High
STU101750,22,Male,MECH,2,74.8,75.5,72.7,50.2,15,8.1,71.3,20,23.0,28,51.4,6.98,2,2,13.0,No,71.5,51.3,Average,Medium
STU101751,23,Female,EEE,2,63.7,52.9,71.4,41.5,10,13.6,45.7,25,10.0,42,70.8,6.5,1,0,7.0,Yes,46.6,53.6,Average,Medium
STU101752,18,Male,CSE,5,79.0,51.2,62.6,57.7,15,9.4,72.3,27,23.0,35,93.4,6.67,2,4,11.0,Yes,58.7,63.4,Average,Medium
STU101753,18,Male,CSE,4,54.1,39.8,59.3,54.9,11,8.0,63.0,20,20.0,30,73.5,5.15,0,6,9.0,No,46.0,44.7,Poor,High
STU101754,19,Female,CSE,5,68.6,59.5,87.0,54.8,10,16.2,,32,15.0,33,81.2,5.12,1,2,6.0,No,57.2,62.1,Average,Medium
STU101755,21,Female,CIVIL,6,70.4,72.5,74.9,73.2,14,9.3,65.3,25,11.0,35,49.5,7.94,1,1,11.0,No,77.2,73.9,Good,Low
STU101756,22,Female,CIVIL,5,77.0,67.9,60.6,70.4,19,19.7,65.6,39,21.0,36,91.3,6.52,1,4,14.0,No,75.3,59.3,Average,Medium
STU101757,19,Female,EEE,5,84.9,87.1,73.8,84.1,13,15.5,76.8,21,22.0,48,61.0,9.05,1,3,11.0,No,82.8,81.4,Excellent,Low
STU101758,20,Male,CSE,7,91.6,97.5,92.3,92.8,17,19.5,70.6,38,28.0,53,99.2,8.27,0,0,14.0,No,90.4,74.3,Good,Low
STU101759,21,Male,AI&DS,3,77.7,58.1,78.0,34.1,16,7.6,71.9,21,16.0,29,65.9,6.42,2,4,13.0,Yes,51.0,48.1,Poor,High
STU101760,21,Male,ECE,3,60.8,59.4,65.1,62.3,11,8.4,80.4,31,17.0,48,,7.37,0,5,8.0,Yes,66.3,53.0,Average,Medium
STU101761,21,Male,AI&DS,7,76.1,54.4,79.4,47.7,14,8.4,50.5,30,19.0,22,75.4,,1,2,12.0,No,58.2,66.7,Good,Low
STU101762,22,Female,EEE,3,56.2,62.6,58.9,46.9,5,7.7,34.2,5,10.0,17,35.0,5.85,0,2,3.0,Yes,48.7,50.2,Average,Medium
STU101763,23,Female,CSE,8,84.4,64.0,63.4,50.2,9,7.6,57.1,21,16.0,26,62.9,6.37,2,4,11.0,No,73.8,55.3,Average,Medium
STU101764,23,Male,CSE,4,68.8,57.2,72.4,36.5,11,15.2,64.1,29,20.0,45,57.3,5.54,2,6,8.0,Yes,60.9,44.7,Poor,High
STU101765,24,Female,EEE,2,66.0,49.0,74.1,54.8,12,7.3,70.5,20,18.0,39,55.9,5.47,1,5,13.0,No,53.2,49.2,Poor,High
STU101766,20,Male,AI&DS,6,68.8,68.7,60.1,61.3,9,6.0,45.1,10,,36,48.6,,0,4,7.0,Yes,66.5,53.9,Average,Medium
STU101767,20,Male,MECH,4,57.8,58.5,45.7,29.4,6,1.5,54.1,17,12.0,7,37.4,6.06,2,4,7.0,Yes,60.9,30.5,Poor,High
STU101768,19,Male,CIVIL,2,67.4,76.5,52.4,77.8,9,16.0,45.6,21,12.0,22,54.9,7.09,0,3,3.0,No,77.9,59.9,Average,Medium
STU101769,20,Female,EEE,3,76.7,79.3,72.3,59.3,7,5.6,62.6,19,17.0,29,64.8,6.16,4,3,12.0,No,,54.2,Average,Medium
STU101770,21,Male,IT,8,92.6,92.2,74.1,71.9,14,18.7,51.6,32,12.0,44,50.9,9.08,0,1,10.0,No,85.3,85.0,Excellent,Low
STU101771,22,Female,EEE,5,90.9,72.6,86.2,47.6,16,20.1,83.3,32,18.0,50,88.4,5.3,2,0,10.0,Yes,69.9,79.1,Good,Low
STU101772,18,Female,CIVIL,3,72.5,68.6,73.2,64.9,12,13.6,72.6,36,20.0,27,86.0,6.92,2,4,18.0,No,73.6,70.7,Good,Low
STU101773,24,Female,EEE,5,73.3,47.8,58.8,45.9,9,9.8,54.0,12,14.0,26,48.2,5.89,1,2,11.0,No,59.2,38.7,Poor,High
STU101774,18,Female,CIVIL,2,90.4,72.1,83.8,84.2,15,16.7,89.8,29,24.0,42,74.6,8.15,0,3,9.0,No,73.3,84.2,Excellent,Low
STU101775,20,Female,AI&DS,4,73.6,69.0,68.3,75.1,13,16.5,67.2,25,11.0,40,82.4,7.89,1,1,11.0,No,83.3,65.6,Good,Low
STU101776,21,Female,ECE,6,67.3,57.1,67.1,68.5,11,11.8,60.5,32,19.0,29,53.9,7.1,1,4,5.0,Yes,60.1,65.8,Good,Low
STU101777,20,Female,AI&DS,8,63.0,40.5,66.2,32.6,8,10.4,29.7,16,11.0,43,61.8,6.5,2,2,4.0,No,38.6,40.7,Poor,High
STU101778,19,Male,EEE,3,75.0,64.5,94.6,61.9,12,19.5,72.0,28,14.0,47,70.4,6.85,1,0,8.0,No,70.8,59.5,Average,Medium
STU101779,21,Male,AI&DS,7,52.3,46.8,39.4,46.9,6,6.2,49.0,18,5.0,16,50.2,6.25,3,7,4.0,Yes,44.8,24.1,Poor,High
STU101780,18,Female,IT,4,62.5,86.0,63.3,68.3,14,14.0,57.4,16,9.0,29,65.5,6.97,1,4,5.0,Yes,70.8,47.7,Poor,High
STU101781,23,Male,EEE,8,85.5,60.5,61.8,73.5,13,,58.4,28,18.0,47,,7.15,0,2,13.0,No,68.3,64.9,Average,Medium
STU101782,22,Female,AI&DS,2,75.7,70.6,67.4,69.7,11,16.1,69.0,23,14.0,33,68.9,7.07,2,6,8.0,Yes,80.1,54.8,Average,Medium
STU101783,23,Other,ECE,2,40.2,38.8,54.4,27.1,10,4.1,32.4,24,8.0,23,64.9,4.25,2,7,8.0,No,28.6,25.4,Poor,High
STU101784,23,Male,CIVIL,5,71.9,56.9,70.3,47.3,12,11.3,46.5,24,19.0,27,47.3,6.06,1,4,10.0,Yes,59.9,51.9,Average,Medium
STU101785,24,Male,CIVIL,7,94.7,73.9,100.0,66.5,19,18.6,80.7,35,26.0,46,77.3,7.58,1,0,20.0,Yes,75.9,83.6,Excellent,Low
STU101786,19,Male,EEE,4,93.6,93.2,84.0,68.8,15,23.8,81.6,39,23.0,50,71.6,8.02,0,0,13.0,Yes,79.2,73.0,Good,Low
STU101787,23,Male,CSE,2,82.6,64.6,57.8,56.9,14,17.6,69.7,28,17.0,38,69.0,7.03,0,3,11.0,No,81.0,59.6,Average,Medium
STU101788,21,Female,IT,3,79.6,43.8,64.0,47.0,11,6.2,49.2,23,,15,55.6,5.47,2,5,5.0,Yes,50.9,50.7,Average,Medium
STU101789,18,Male,IT,4,76.6,68.1,59.2,90.9,16,7.3,68.6,32,19.0,45,73.4,6.43,2,5,12.0,No,66.1,56.5,Average,Medium
STU101790,24,Male,IT,4,80.4,75.4,71.3,75.3,13,15.9,74.0,38,22.0,55,75.9,7.28,1,3,10.0,No,77.5,71.3,Good,Low
STU101791,23,Female,MECH,6,63.9,49.7,59.7,63.8,10,6.7,58.0,9,16.0,14,64.3,6.24,2,4,9.0,Yes,54.7,59.0,Average,Medium
STU101792,19,Male,CSE,7,88.0,65.5,82.2,72.8,16,12.6,72.8,32,19.0,60,58.7,7.18,1,4,12.0,No,78.4,78.4,Good,Low
STU101793,24,Male,IT,2,50.3,67.7,64.2,51.2,9,9.5,42.3,28,8.0,17,47.0,6.89,1,0,6.0,Yes,54.6,47.1,Poor,High
STU101794,23,Male,CSE,7,48.1,60.6,45.7,55.9,7,8.6,52.0,8,13.0,26,38.2,6.3,1,3,1.0,No,56.8,48.5,Poor,High
STU101795,21,Female,CSE,8,48.9,40.7,41.0,47.0,9,4.5,59.3,11,10.0,43,47.2,5.49,1,5,8.0,No,40.6,31.6,Poor,High
STU101796,19,Male,EEE,4,67.4,73.6,64.3,62.2,9,11.3,70.5,23,9.0,20,57.1,7.09,1,4,11.0,No,63.7,54.8,Average,Medium
STU101797,23,Male,ECE,3,74.4,64.1,73.8,51.0,14,10.2,76.4,32,24.0,26,79.1,6.59,1,1,11.0,No,63.3,55.2,Average,Medium
STU101798,24,Male,MECH,8,79.4,58.9,72.7,59.9,10,10.0,82.5,26,16.0,47,65.9,7.22,0,4,9.0,No,67.4,68.1,Good,Low
STU101799,19,Female,EEE,8,64.6,67.1,61.7,70.0,11,12.9,56.2,24,16.0,49,73.3,6.08,2,4,12.0,Yes,64.4,55.4,Average,Medium
STU101800,18,Female,CSE,2,60.5,42.9,64.6,37.9,6,11.9,45.4,19,6.0,10,48.8,6.57,3,3,7.0,Yes,36.1,40.5,Poor,High
STU101801,19,Male,EEE,7,73.4,55.1,64.4,68.4,11,13.5,51.5,24,19.0,28,73.0,6.19,2,3,14.0,Yes,64.8,51.1,Average,Medium
STU101802,20,Female,CIVIL,7,68.5,65.6,60.4,71.5,11,13.9,53.5,19,9.0,27,50.4,7.03,0,3,8.0,No,67.8,52.1,Average,Medium
STU101803,20,Female,CIVIL,4,81.6,53.0,59.1,41.8,13,10.3,55.1,20,22.0,30,56.7,5.23,2,3,13.0,Yes,56.7,58.2,Average,Medium
STU101804,24,Female,CSE,8,71.8,63.0,50.8,45.0,7,15.3,55.1,25,3.0,25,56.7,5.82,2,3,5.0,Yes,62.7,54.4,Average,Medium
STU101805,24,Female,AI&DS,3,80.2,68.9,77.0,58.8,13,19.2,66.2,26,19.0,39,63.6,6.34,0,2,9.0,No,69.5,64.1,Average,Medium
STU101806,22,Female,CSE,6,61.7,54.9,59.4,43.7,7,10.7,33.5,6,11.0,1,36.1,4.82,1,4,4.0,No,49.5,54.5,Average,Medium
STU101807,19,Male,MECH,6,68.4,62.3,73.4,63.6,9,8.3,52.2,30,16.0,49,54.1,6.77,0,3,10.0,No,71.8,59.7,Average,Medium
STU101808,19,Male,EEE,2,65.5,65.0,71.4,56.7,14,9.7,54.3,15,17.0,28,56.3,5.35,1,0,6.0,No,57.4,49.7,Poor,High
STU101809,18,Female,ECE,8,75.2,73.4,75.3,61.2,13,15.2,59.4,19,17.0,42,80.3,7.38,0,1,13.0,Yes,63.2,59.1,Average,Medium
STU101810,23,Male,AI&DS,8,74.1,,77.1,69.5,8,13.8,73.5,24,9.0,12,69.2,7.51,0,0,7.0,No,73.0,68.1,Good,Low
STU101811,19,Male,CIVIL,4,58.9,52.7,39.1,36.0,11,5.8,56.3,16,9.0,8,37.2,5.23,2,1,4.0,No,54.7,27.7,Poor,High
STU101812,24,Female,CIVIL,5,61.6,42.5,71.4,49.8,6,,45.2,15,8.0,3,30.9,5.21,1,4,3.0,Yes,58.7,42.1,Poor,High
STU101813,22,Female,ECE,4,60.5,75.6,63.9,58.6,7,12.3,31.8,14,15.0,47,53.5,6.29,2,0,8.0,Yes,58.0,60.9,Average,Medium
STU101814,21,Male,CSE,3,89.5,60.3,77.1,66.4,10,11.8,66.8,25,20.0,30,63.6,6.42,0,2,11.0,No,70.0,59.1,Average,Medium
STU101815,24,Female,ECE,8,68.8,51.4,80.1,53.1,9,5.4,64.3,26,14.0,43,58.8,6.92,2,2,11.0,No,62.9,40.6,Poor,High
STU101816,19,Male,IT,8,71.6,54.5,65.4,59.0,10,14.9,55.1,20,18.0,41,53.9,6.47,2,3,8.0,No,62.8,50.8,Average,Medium
STU101817,21,Female,EEE,6,87.5,72.3,100.0,63.3,13,17.6,76.1,26,22.0,49,73.6,7.92,1,3,17.0,No,71.1,82.4,Excellent,Low
STU101818,19,Female,MECH,4,88.6,76.6,70.3,64.7,11,11.6,61.6,36,12.0,37,55.6,8.27,0,3,11.0,No,74.0,68.5,Good,Low
STU101819,19,Female,AI&DS,6,57.6,70.6,77.2,77.8,11,16.7,57.9,19,11.0,34,54.7,8.01,1,1,11.0,Yes,64.5,60.6,Average,Medium
STU101820,24,Female,AI&DS,5,80.1,55.4,65.0,48.3,13,12.9,46.0,19,16.0,33,64.7,6.28,2,1,3.0,No,53.8,56.4,Average,Medium
STU101821,22,Female,CSE,7,65.8,33.1,52.7,31.7,6,10.3,38.2,10,9.0,20,33.0,4.0,1,3,2.0,No,40.3,46.2,Poor,High
STU101822,19,Female,AI&DS,5,71.5,81.6,58.3,48.8,9,16.5,25.9,18,17.0,48,54.7,7.88,1,7,6.0,No,67.5,59.3,Average,Medium
STU101823,18,Female,CSE,3,77.5,72.4,65.3,62.3,13,13.1,63.3,17,22.0,18,65.3,7.92,0,0,8.0,No,73.1,63.2,Average,Medium
STU101824,20,Male,ECE,8,84.1,67.0,87.3,51.2,17,17.5,74.9,22,22.0,50,79.5,6.49,1,1,11.0,No,61.6,57.6,Average,Medium
STU101825,23,Male,AI&DS,4,62.9,57.6,69.3,60.6,11,13.1,49.4,20,12.0,31,43.6,5.23,1,5,11.0,Yes,52.2,61.3,Average,Medium
STU101826,19,Male,CIVIL,5,92.3,66.8,94.1,74.9,19,20.3,98.3,36,23.0,68,79.7,6.95,1,1,11.0,No,73.7,91.1,Excellent,Low
STU101827,23,Female,AI&DS,6,79.0,64.8,55.8,72.5,12,18.1,49.5,23,14.0,55,56.7,7.27,0,2,10.0,Yes,56.2,55.8,Average,Medium
STU101828,18,Male,CSE,8,69.0,85.0,66.1,79.7,15,24.0,61.3,40,21.0,45,82.0,7.49,0,4,10.0,No,82.3,68.1,Good,Low
STU101829,20,Female,CSE,4,74.1,48.1,58.6,38.3,5,14.4,58.2,18,15.0,25,55.1,6.28,1,0,5.0,Yes,49.5,54.6,Average,Medium
STU101830,21,Male,AI&DS,3,76.8,52.2,69.4,63.5,10,10.7,56.1,21,10.0,28,76.9,6.8,0,3,15.0,No,72.8,60.9,Average,Medium
STU101831,18,Male,MECH,2,82.4,68.3,74.0,64.8,14,15.9,68.0,14,17.0,48,59.5,7.37,0,1,11.0,No,75.3,64.1,Average,Medium
STU101832,20,Male,EEE,6,60.5,64.0,68.7,67.3,12,9.0,53.8,20,20.0,50,59.4,5.96,2,3,9.0,Yes,70.4,56.3,Average,Medium
STU101833,19,Male,EEE,4,56.0,61.4,64.7,22.1,6,13.0,48.4,27,,22,43.0,5.82,1,5,4.0,No,56.8,34.5,Poor,High
STU101834,18,Male,CIVIL,5,60.6,68.3,78.5,52.6,11,10.7,59.1,28,19.0,44,55.1,6.78,0,2,11.0,No,52.8,60.0,Average,Medium
STU101835,18,Female,AI&DS,7,66.3,73.3,74.3,58.2,13,21.8,60.4,27,11.0,36,54.7,5.89,1,2,7.0,No,51.0,62.0,Average,Medium
STU101836,19,Male,ECE,4,72.5,54.1,55.4,59.8,10,11.5,47.7,21,7.0,20,55.1,7.03,1,5,3.0,No,63.5,56.0,Average,Medium
STU101837,23,Female,CSE,6,77.1,69.8,83.6,46.1,12,14.8,64.9,19,18.0,36,46.0,6.22,0,0,7.0,Yes,60.7,57.8,Average,Medium
STU101838,18,Male,CSE,3,58.2,48.7,60.0,76.3,6,9.5,55.5,22,18.0,36,66.6,6.05,1,5,6.0,Yes,59.4,46.3,Poor,High
STU101839,21,Female,AI&DS,6,85.0,83.7,78.3,86.5,14,14.2,76.0,28,20.0,52,69.8,7.77,0,1,15.0,No,84.1,85.9,Excellent,Low
STU101840,18,Female,MECH,2,69.3,56.4,77.8,63.1,9,9.3,44.4,30,16.0,24,66.2,4.7,2,4,11.0,No,52.5,57.6,Average,Medium
STU101841,19,Male,CIVIL,3,78.9,58.1,65.2,65.7,12,12.6,72.0,22,11.0,28,44.8,6.35,2,2,7.0,No,60.0,74.4,Good,Low
STU101842,19,Male,AI&DS,3,52.4,62.6,67.1,63.9,11,11.0,53.0,17,11.0,19,47.0,6.62,0,3,9.0,Yes,53.8,70.9,Good,Low
STU101843,20,Female,AI&DS,3,61.6,63.7,48.1,54.4,8,12.2,46.2,20,9.0,33,44.8,7.48,2,4,4.0,No,62.1,33.9,Poor,High
STU101844,23,Female,IT,6,59.0,44.6,67.1,49.2,8,9.9,59.8,19,13.0,29,51.5,4.82,1,5,4.0,No,54.4,51.4,Average,Medium
STU101845,20,Male,CIVIL,4,74.2,44.8,60.6,39.7,12,8.6,50.0,22,10.0,9,46.1,5.61,3,2,11.0,Yes,45.4,41.1,Poor,High
STU101846,18,Female,MECH,3,72.5,61.6,72.0,37.8,12,9.2,60.9,23,17.0,12,59.7,4.98,1,2,14.0,Yes,55.9,55.9,Average,Medium
STU101847,19,Male,ECE,3,82.0,62.5,77.0,70.7,12,19.1,70.0,35,23.0,48,67.7,6.62,1,4,10.0,Yes,70.5,72.3,Good,Low
STU101848,20,Male,AI&DS,7,66.6,49.3,58.3,42.2,13,7.9,58.6,15,12.0,38,60.1,5.95,0,3,5.0,Yes,50.5,35.9,Poor,High
STU101849,19,Male,MECH,5,49.9,62.8,53.7,47.5,9,10.0,35.6,26,10.0,19,58.0,6.2,1,3,8.0,Yes,54.5,45.9,Poor,High
STU101850,21,Female,CSE,8,79.4,71.6,71.6,75.0,12,11.9,71.4,30,16.0,39,86.8,6.13,4,1,12.0,No,68.6,71.5,Good,Low
STU101851,20,Male,EEE,5,68.4,41.8,78.2,46.2,15,11.7,60.8,26,22.0,19,67.6,5.7,1,3,9.0,Yes,59.6,56.8,Average,Medium
STU101852,23,Female,CSE,6,83.1,84.3,82.5,58.4,14,16.0,48.9,31,13.0,43,63.3,6.54,1,3,8.0,No,70.3,75.9,Good,Low
STU101853,19,Male,EEE,8,73.8,56.2,80.4,54.2,11,,66.3,25,14.0,43,57.5,6.54,1,1,11.0,No,73.1,51.1,Average,Medium
STU101854,22,Male,EEE,7,80.5,62.6,71.0,73.1,14,11.0,67.2,32,15.0,33,74.8,6.87,1,1,12.0,No,70.6,65.8,Good,Low
STU101855,18,Male,CSE,7,77.9,67.6,63.7,72.2,11,15.9,79.8,31,13.0,29,63.6,6.84,1,3,11.0,No,70.6,55.9,Average,Medium
STU101856,24,Male,ECE,6,64.1,54.8,75.5,45.4,9,13.7,65.4,26,13.0,27,67.3,6.29,2,3,6.0,Yes,55.3,45.5,Poor,High
STU101857,24,Female,CSE,8,66.2,55.7,45.9,38.7,7,13.7,40.7,15,11.0,27,54.5,6.9,1,0,7.0,Yes,50.4,51.0,Average,Medium
STU101858,19,Female,CIVIL,8,75.6,72.0,82.6,83.0,9,10.9,80.4,32,15.0,34,53.2,7.8,1,3,8.0,No,71.1,66.5,Good,Low
STU101859,19,Male,IT,2,70.4,51.3,73.9,41.5,11,18.1,56.6,20,11.0,23,77.7,7.12,0,2,11.0,Yes,42.6,55.3,Average,Medium
STU101860,18,Male,AI&DS,7,65.3,55.0,52.4,49.0,10,7.5,48.6,17,9.0,36,57.6,5.56,2,5,11.0,Yes,46.9,51.4,Average,Medium
STU101861,24,Male,CSE,2,55.9,74.5,53.1,66.3,12,10.4,55.7,23,16.0,26,55.7,8.65,1,6,14.0,Yes,72.0,52.9,Average,Medium
STU101862,18,Female,IT,4,62.0,37.9,49.1,45.9,10,12.8,33.3,4,8.0,3,30.9,5.88,2,3,3.0,Yes,,46.8,Poor,High
STU101863,18,Female,CIVIL,7,84.8,82.6,87.4,77.3,12,21.9,78.3,25,24.0,44,77.3,7.73,1,5,11.0,No,85.4,71.8,Good,Low
STU101864,18,Female,CIVIL,7,81.6,70.5,81.9,69.3,16,16.6,71.7,31,24.0,62,70.2,7.41,2,0,14.0,No,73.0,61.3,Average,Medium
STU101865,20,Male,AI&DS,6,74.9,61.0,74.1,63.3,10,10.5,71.2,19,17.0,36,58.3,7.77,2,3,14.0,No,60.9,59.5,Average,Medium
STU101866,24,Female,CSE,6,75.7,69.5,83.5,64.4,15,15.7,62.4,25,13.0,26,63.1,6.28,1,2,10.0,No,65.9,68.6,Good,Low
STU101867,19,Female,IT,3,72.0,68.5,61.0,55.0,6,8.4,56.2,21,7.0,27,52.7,6.39,1,4,6.0,No,72.3,58.3,Average,Medium
STU101868,21,Female,ECE,7,88.9,75.2,90.7,44.6,19,24.2,76.4,32,23.0,57,76.5,7.61,1,3,8.0,Yes,64.8,70.7,Good,Low
STU101869,22,Male,AI&DS,2,,47.2,74.0,56.0,9,8.1,60.0,22,22.0,47,53.3,6.83,1,5,11.0,Yes,54.6,54.8,Average,Medium
STU101870,23,Male,CIVIL,4,56.1,63.4,65.5,66.3,10,13.6,51.1,18,12.0,34,67.9,5.69,1,4,4.0,Yes,71.6,41.8,Poor,High
STU101871,22,Male,MECH,2,74.2,75.8,77.8,60.2,13,14.9,64.6,12,11.0,42,68.0,7.59,2,3,10.0,No,60.0,63.9,Average,Medium
STU101872,24,Female,CSE,5,86.7,52.1,63.7,58.3,13,8.8,61.8,25,17.0,38,52.9,5.3,2,2,8.0,No,63.5,63.1,Average,Medium
STU101873,22,Male,IT,8,79.6,50.2,82.6,63.8,10,8.2,54.7,29,19.0,37,65.5,7.91,2,1,13.0,No,75.6,68.8,Good,Low
STU101874,23,Female,EEE,8,77.3,53.0,59.3,46.6,7,14.3,71.1,25,14.0,41,55.4,5.34,1,2,7.0,No,51.4,53.4,Average,Medium
STU101875,20,Female,CSE,2,70.3,57.4,61.2,51.4,11,11.3,67.6,22,15.0,33,61.7,5.4,2,3,10.0,No,56.5,43.9,Poor,High
STU101876,20,Female,CSE,8,39.4,35.4,47.4,23.8,6,3.5,39.4,15,3.0,12,31.5,6.32,1,3,2.0,Yes,35.8,29.0,Poor,High
STU101877,23,Male,EEE,3,72.3,71.5,66.6,63.8,11,12.9,69.7,24,12.0,42,57.5,7.01,1,4,8.0,Yes,71.6,46.9,Poor,High
STU101878,24,Male,EEE,4,77.0,70.9,73.8,78.0,13,15.3,57.9,28,16.0,38,64.4,7.68,0,0,13.0,No,75.4,81.4,Excellent,Low
STU101879,18,Female,CSE,3,80.6,80.0,67.2,68.3,11,20.0,73.9,25,14.0,58,66.3,8.79,1,3,20.0,No,78.5,75.8,Good,Low
STU101880,21,Female,EEE,5,61.1,34.6,64.2,42.6,12,12.4,77.4,33,18.0,50,67.4,6.71,3,3,8.0,No,49.0,46.3,Poor,High
STU101881,23,Other,ECE,2,98.6,77.4,100.0,76.7,17,18.7,100.0,35,22.0,43,92.6,7.27,1,0,15.0,No,89.1,77.4,Good,Low
STU101882,18,Male,ECE,4,59.0,83.1,72.3,78.2,14,17.2,80.8,32,22.0,54,72.0,7.9,0,1,10.0,Yes,86.9,67.0,Good,Low
STU101883,20,Female,IT,4,72.6,56.3,72.5,57.4,11,13.3,,20,12.0,29,61.2,5.43,1,2,8.0,No,65.2,63.1,Average,Medium
STU101884,21,Male,AI&DS,7,87.9,71.9,74.6,45.9,15,9.4,77.9,20,17.0,38,79.2,7.67,2,1,11.0,No,61.2,62.5,Average,Medium
STU101885,18,Female,IT,8,69.5,42.0,39.8,43.4,7,6.9,37.0,25,12.0,34,46.0,4.57,2,7,9.0,No,50.9,51.3,Average,Medium
STU101886,24,Male,AI&DS,2,67.8,53.8,58.9,44.1,8,16.7,46.2,17,16.0,26,46.7,6.36,0,3,4.0,Yes,65.7,54.0,Average,Medium
STU101887,20,Male,CSE,4,68.0,45.3,73.2,44.5,10,11.7,33.3,14,15.0,17,40.6,6.39,2,1,10.0,Yes,46.4,41.6,Poor,High
STU101888,23,Female,CSE,8,87.6,66.3,67.3,82.5,16,15.5,77.3,29,22.0,39,86.6,5.82,2,2,9.0,No,75.9,70.1,Good,Low
STU101889,20,Male,IT,8,67.8,47.0,72.5,45.7,10,6.8,41.5,19,10.0,17,43.9,5.58,4,6,7.0,Yes,35.6,41.8,Poor,High
STU101890,20,Female,CSE,5,77.4,63.5,78.4,66.3,12,13.2,58.2,33,12.0,17,51.1,5.72,0,1,8.0,No,66.6,61.0,Average,Medium
STU101891,24,Male,CSE,7,66.7,62.2,68.9,62.7,12,13.6,66.0,23,17.0,39,62.8,7.99,1,2,8.0,No,66.3,66.8,Good,Low
STU101892,23,Female,AI&DS,3,81.2,35.7,67.5,65.8,15,12.9,53.6,27,20.0,31,68.0,5.88,1,1,11.0,Yes,56.3,65.4,Good,Low
STU101893,21,Male,EEE,7,58.5,62.7,49.3,48.9,9,7.1,52.9,14,11.0,32,55.3,6.15,3,5,5.0,Yes,53.5,43.3,Poor,High
STU101894,21,Male,AI&DS,2,48.0,53.4,59.2,16.2,9,1.0,44.2,4,8.0,15,51.8,4.0,1,5,9.0,Yes,37.5,32.2,Poor,High
STU101895,23,Male,CSE,5,65.2,55.5,60.9,52.0,10,15.5,64.4,31,20.0,40,67.0,6.28,1,3,12.0,Yes,61.9,58.5,Average,Medium
STU101896,22,Female,ECE,5,92.4,47.0,72.2,60.6,14,13.6,62.3,26,20.0,43,81.7,5.43,2,3,11.0,Yes,56.7,58.0,Average,Medium
STU101897,24,Female,IT,3,70.8,59.9,69.6,40.9,11,10.0,42.7,22,6.0,31,53.1,4.36,1,1,6.0,No,54.0,53.4,Average,Medium
STU101898,20,Male,IT,6,82.7,52.0,59.5,73.9,13,11.8,58.6,30,15.0,49,69.3,7.33,2,0,11.0,No,76.6,66.2,Good,Low
STU101899,18,Male,IT,8,85.2,72.1,78.8,48.3,15,12.4,81.3,30,17.0,37,69.3,6.8,3,1,18.0,Yes,62.5,56.5,Average,Medium
STU101900,19,Male,AI&DS,6,72.4,58.2,51.0,48.5,6,11.9,77.1,21,9.0,35,63.2,4.03,1,1,3.0,No,61.2,60.4,Average,Medium
STU101901,21,Female,CSE,3,55.1,52.8,47.2,44.8,8,10.7,49.0,21,,33,53.9,6.84,2,4,3.0,No,51.7,40.8,Poor,High
STU101902,20,Female,CSE,5,86.4,87.1,84.3,72.7,17,14.7,81.4,22,22.0,41,70.8,8.52,2,0,16.0,No,85.4,72.1,Good,Low
STU101903,23,Female,IT,6,79.1,63.8,80.1,63.4,14,18.8,82.1,32,17.0,55,85.6,8.51,0,1,9.0,No,63.1,86.0,Excellent,Low
STU101904,24,Male,MECH,5,72.0,71.1,72.9,59.5,14,11.0,52.9,30,13.0,39,55.1,5.18,2,1,12.0,Yes,61.4,62.2,Average,Medium
STU101905,19,Male,EEE,3,77.0,67.9,62.6,79.3,12,5.4,77.2,26,19.0,45,59.2,8.06,2,0,13.0,Yes,77.7,48.2,Poor,High
STU101906,24,Male,ECE,4,60.7,41.6,51.4,29.6,7,9.9,46.3,23,9.0,24,32.1,5.68,1,2,5.0,No,33.4,41.4,Poor,High
STU101907,22,Female,ECE,5,59.4,76.8,64.0,78.2,11,12.2,68.3,24,17.0,30,54.9,6.45,0,4,11.0,Yes,69.3,59.5,Average,Medium
STU101908,19,Female,ECE,3,64.0,56.2,64.5,95.3,14,12.4,59.9,39,18.0,38,62.0,7.93,1,6,6.0,Yes,85.1,56.3,Average,Medium
STU101909,19,Male,AI&DS,4,46.8,51.4,44.3,47.1,9,11.4,48.6,23,21.0,37,55.7,6.12,1,6,7.0,No,37.6,42.7,Poor,High
STU101910,19,Female,ECE,3,92.2,77.6,77.9,76.1,15,14.0,74.7,37,17.0,33,69.9,7.0,0,2,16.0,No,71.8,65.1,Good,Low
STU101911,21,Female,CSE,2,72.7,63.1,63.5,58.4,9,13.1,51.0,23,10.0,9,49.3,4.79,3,4,8.0,No,60.3,49.5,Poor,High
STU101912,18,Male,CSE,4,71.8,59.0,76.4,70.1,12,10.6,52.3,30,17.0,29,67.2,5.85,1,3,12.0,No,61.2,50.0,Poor,High
STU101913,18,Male,CSE,2,82.7,79.7,63.5,59.0,10,14.3,51.9,26,16.0,52,75.6,7.17,0,1,17.0,No,88.7,65.2,Good,Low
STU101914,23,Female,IT,7,58.1,37.1,55.5,24.7,9,3.7,54.6,28,12.0,32,61.4,5.54,3,2,6.0,No,49.7,25.8,Poor,High
STU101915,21,Female,IT,2,82.6,75.2,75.8,68.7,11,19.9,80.2,26,19.0,56,74.4,8.38,0,0,9.0,No,67.2,78.4,Good,Low
STU101916,21,Male,MECH,2,53.7,38.2,52.1,25.9,4,4.2,34.7,22,12.0,8,41.0,4.88,1,3,0.0,Yes,29.1,23.3,Poor,High
STU101917,20,Male,CIVIL,4,63.2,56.9,63.2,38.0,9,11.5,54.0,16,14.0,19,36.7,5.11,2,4,6.0,Yes,50.6,49.8,Poor,High
STU101918,21,Male,CSE,6,87.0,62.5,71.9,63.8,15,16.8,68.4,24,18.0,47,75.6,7.91,0,0,9.0,Yes,71.5,67.3,Good,Low
STU101919,20,Female,CSE,5,70.0,65.7,69.6,64.0,9,13.8,51.0,26,17.0,35,62.7,7.05,1,3,11.0,No,74.7,55.4,Average,Medium
STU101920,18,Male,CSE,2,63.3,50.9,73.7,62.4,14,6.9,70.6,27,20.0,17,61.4,5.54,1,3,13.0,No,50.8,53.9,Average,Medium
STU101921,21,Male,CSE,4,76.1,53.4,97.0,44.4,14,12.9,58.2,34,23.0,30,74.6,4.46,2,0,11.0,Yes,60.2,57.8,Average,Medium
STU101922,18,Male,MECH,2,68.0,79.0,77.0,96.8,20,17.7,90.1,45,20.0,54,86.1,8.73,1,3,12.0,No,86.1,76.8,Good,Low
STU101923,22,Other,CSE,4,65.6,,51.1,24.2,10,9.2,28.9,9,11.0,14,48.0,5.13,2,5,8.0,No,45.9,37.1,Poor,High
STU101924,24,Male,IT,3,86.7,74.6,88.9,62.0,10,21.5,64.9,39,17.0,39,73.5,6.72,0,2,12.0,No,63.2,77.8,Good,Low
STU101925,22,Male,EEE,8,77.1,66.3,61.6,44.0,17,13.4,,32,16.0,44,71.3,7.65,2,5,13.0,Yes,64.3,56.8,Average,Medium
STU101926,22,Male,CSE,4,71.5,48.8,60.0,32.5,13,6.2,65.4,27,15.0,26,54.0,5.4,1,3,9.0,Yes,44.5,47.3,Poor,High
STU101927,24,Female,CIVIL,6,61.8,49.6,75.0,62.8,11,17.0,35.8,11,11.0,12,62.2,6.54,1,3,9.0,No,76.1,50.8,Average,Medium
STU101928,19,Female,CIVIL,3,80.4,58.8,58.5,47.6,11,13.1,71.1,28,16.0,44,69.6,5.31,0,3,11.0,Yes,60.3,68.7,Good,Low
STU101929,23,Other,EEE,5,75.3,64.5,76.4,68.1,15,18.1,80.8,34,21.0,40,81.1,6.82,2,0,11.0,No,71.7,77.7,Good,Low
STU101930,19,Male,CSE,8,76.2,79.1,64.5,64.2,14,14.5,71.0,38,19.0,44,70.1,7.81,1,2,13.0,No,69.6,62.4,Average,Medium
STU101931,18,Male,ECE,2,57.7,43.0,59.8,25.7,8,10.4,37.9,5,7.0,5,39.0,4.2,1,3,8.0,No,38.5,38.3,Poor,High
STU101932,19,Male,EEE,4,77.7,68.1,58.9,40.7,13,6.1,66.7,25,18.0,27,53.0,7.4,2,1,7.0,Yes,61.9,41.9,Poor,High
STU101933,21,Female,MECH,4,60.6,64.1,52.2,29.3,10,14.7,39.6,33,13.0,12,61.2,5.77,1,2,4.0,Yes,52.3,49.7,Poor,High
STU101934,18,Female,AI&DS,5,77.3,74.5,65.1,70.8,16,19.0,73.0,20,21.0,50,74.3,7.78,1,3,12.0,No,79.8,67.3,Good,Low
STU101935,19,Male,IT,4,60.6,56.7,58.6,48.7,6,8.7,58.0,27,10.0,25,52.9,5.38,2,4,5.0,No,63.0,46.6,Poor,High
STU101936,18,Female,AI&DS,8,77.4,83.5,92.9,67.1,14,20.0,100.0,32,19.0,58,82.2,8.37,1,3,8.0,Yes,78.2,67.7,Good,Low
STU101937,19,Male,IT,2,53.4,63.0,68.4,37.4,11,14.3,72.0,20,15.0,29,68.2,6.0,1,2,12.0,Yes,50.7,52.1,Average,Medium
STU101938,23,Female,CSE,3,84.1,,77.2,56.3,12,8.4,64.2,25,22.0,23,62.0,5.52,2,3,12.0,No,65.3,70.9,Good,Low
STU101939,19,Male,CIVIL,5,54.0,51.4,59.1,60.2,12,10.5,44.1,33,10.0,20,56.6,7.33,2,4,6.0,Yes,60.4,47.3,Poor,High
STU101940,19,Male,CSE,6,70.7,71.2,69.3,33.5,12,13.2,53.4,23,13.0,28,50.9,6.39,1,1,11.0,No,53.6,50.5,Average,Medium
STU101941,18,Male,MECH,2,62.3,52.5,76.2,35.3,11,9.6,59.2,23,13.0,50,71.2,5.15,2,3,15.0,Yes,40.1,45.9,Poor,High
STU101942,20,Male,IT,7,80.6,59.9,79.1,64.1,11,13.3,62.8,19,12.0,28,49.5,6.08,2,0,11.0,No,62.5,58.3,Average,Medium
STU101943,23,Male,AI&DS,5,62.2,48.2,50.6,24.5,8,12.8,36.4,21,11.0,25,59.0,4.48,1,6,9.0,Yes,52.0,40.0,Poor,High
STU101944,21,Female,CSE,3,42.9,49.0,62.3,20.3,4,7.6,26.0,12,7.0,9,51.6,5.12,3,4,5.0,No,36.8,28.6,Poor,High
STU101945,19,Female,IT,4,83.2,55.9,80.0,67.9,11,19.6,70.4,23,20.0,30,63.1,5.64,3,0,11.0,No,66.6,73.4,Good,Low
STU101946,20,Female,IT,2,51.7,58.4,55.6,34.1,6,5.0,42.9,16,8.0,11,42.1,5.56,2,6,4.0,Yes,43.5,38.9,Poor,High
STU101947,22,Male,MECH,6,60.5,64.3,39.0,45.4,8,11.4,39.7,15,8.0,19,43.9,5.97,1,2,4.0,Yes,57.9,43.4,Poor,High
STU101948,21,Female,AI&DS,7,68.4,42.6,58.0,37.0,8,6.8,41.9,18,13.0,21,38.4,5.9,1,4,9.0,No,41.5,36.8,Poor,High
STU101949,21,Female,CSE,8,57.3,,59.5,62.1,11,11.9,72.6,34,16.0,27,65.2,5.64,1,4,10.0,No,53.1,44.2,Poor,High
STU101950,24,Female,ECE,4,80.8,74.4,73.0,77.2,14,14.6,60.2,34,15.0,57,73.6,7.99,0,3,13.0,No,74.6,72.2,Good,Low
STU101951,23,Female,MECH,3,78.0,61.0,88.9,67.4,12,15.8,74.3,25,13.0,43,71.9,6.18,1,1,14.0,No,67.1,66.2,Good,Low
STU101952,19,Female,CSE,4,85.3,62.9,62.8,58.3,18,17.9,72.6,34,21.0,54,66.7,7.14,2,2,14.0,No,67.5,71.3,Good,Low
STU101953,22,Female,CSE,2,76.8,44.3,96.9,31.0,12,10.3,60.1,23,19.0,29,86.5,4.39,3,4,12.0,Yes,56.9,41.5,Poor,High
STU101954,23,Male,IT,4,84.3,67.7,72.9,52.5,17,10.3,73.6,29,15.0,29,74.1,5.66,3,2,13.0,No,64.9,67.6,Good,Low
STU101955,24,Female,MECH,2,71.8,71.1,79.6,45.9,7,18.3,46.9,17,4.0,24,60.7,6.25,0,2,5.0,No,56.3,64.7,Average,Medium
STU101956,19,Male,MECH,2,89.1,61.9,83.2,46.7,12,13.7,72.3,29,21.0,40,79.4,6.69,1,0,9.0,No,62.0,61.6,Average,Medium
STU101957,23,Female,IT,4,96.3,76.5,97.5,61.3,17,17.1,78.3,39,23.0,37,87.3,6.12,0,1,12.0,No,87.3,82.2,Excellent,Low
STU101958,19,Female,ECE,7,72.0,50.1,88.4,39.8,15,7.9,71.6,37,23.0,57,64.6,5.92,2,2,12.0,Yes,58.0,58.8,Average,Medium
STU101959,21,Female,AI&DS,8,71.6,56.3,62.8,60.0,11,7.1,58.0,16,14.0,29,73.0,7.73,3,0,7.0,No,58.8,60.7,Average,Medium
STU101960,18,Male,IT,8,69.5,65.5,61.7,51.8,11,18.3,56.8,24,12.0,23,50.5,4.73,0,2,7.0,No,65.7,73.7,Good,Low
STU101961,22,Female,IT,8,90.5,62.5,68.2,50.6,13,11.8,87.2,28,22.0,38,69.1,7.09,3,2,16.0,Yes,69.3,66.2,Good,Low
STU101962,22,Female,CSE,8,72.5,68.4,58.0,66.6,11,8.2,65.8,11,12.0,34,62.8,5.45,2,4,11.0,Yes,72.5,58.1,Average,Medium
STU101963,21,Female,AI&DS,6,78.6,57.8,75.9,,12,14.3,74.6,29,21.0,35,73.3,6.9,2,0,11.0,Yes,70.8,63.9,Average,Medium
STU101964,20,Female,AI&DS,3,73.0,61.7,70.9,65.6,13,9.3,50.7,32,24.0,51,71.4,5.57,0,4,9.0,No,59.2,67.4,Good,Low
STU101965,19,Male,CSE,7,61.3,55.9,57.8,26.4,10,11.5,52.7,17,13.0,43,51.9,6.59,2,7,8.0,Yes,36.6,38.0,Poor,High
STU101966,23,Other,AI&DS,8,83.3,78.4,71.7,59.8,13,19.1,59.3,38,16.0,20,54.8,6.66,2,2,14.0,Yes,56.0,67.9,Good,Low
STU101967,24,Other,CSE,5,67.6,72.9,73.4,44.9,13,10.1,53.8,23,16.0,38,84.6,6.0,0,2,16.0,Yes,58.6,60.7,Average,Medium
STU101968,18,Female,MECH,6,76.0,63.8,71.8,48.5,8,11.4,68.3,26,11.0,43,49.2,6.47,1,2,6.0,Yes,62.0,56.3,Average,Medium
STU101969,19,Female,CSE,4,58.5,59.3,55.7,56.3,13,13.1,42.1,18,5.0,34,67.3,5.73,1,0,12.0,Yes,57.6,49.5,Poor,High
STU101970,22,Female,IT,6,85.4,64.6,83.5,71.4,15,11.7,69.1,29,24.0,37,81.3,5.77,1,1,12.0,No,76.9,65.6,Good,Low
STU101971,20,Male,EEE,2,89.5,62.9,93.0,51.6,18,11.0,59.0,32,18.0,37,68.3,5.53,2,0,12.0,No,78.1,66.4,Good,Low
STU101972,18,Male,AI&DS,7,80.9,79.3,62.1,57.7,12,12.2,68.5,24,18.0,53,77.0,7.23,1,2,11.0,Yes,75.1,65.3,Good,Low
STU101973,18,Male,CIVIL,5,81.9,59.1,78.0,61.3,11,20.7,75.6,24,14.0,21,61.4,6.54,2,7,12.0,Yes,57.4,56.9,Average,Medium
STU101974,19,Female,EEE,7,80.3,74.7,77.3,64.8,10,14.6,46.7,19,14.0,36,76.5,8.53,1,3,8.0,Yes,77.3,65.5,Good,Low
STU101975,24,Female,MECH,4,61.9,38.7,66.5,49.6,9,8.3,47.7,11,16.0,24,52.0,4.77,0,2,10.0,Yes,49.9,52.1,Average,Medium
STU101976,22,Female,IT,4,68.8,65.0,80.4,65.4,12,23.2,69.9,23,14.0,33,71.3,7.66,1,0,11.0,Yes,74.4,60.9,Average,Medium
STU101977,19,Male,CIVIL,3,56.9,32.4,59.7,32.9,10,9.2,57.2,26,16.0,18,41.3,4.99,1,4,7.0,Yes,51.3,43.7,Poor,High
STU101978,18,Female,CIVIL,6,75.1,56.0,71.9,75.0,14,8.4,60.1,20,14.0,39,51.2,7.67,1,4,10.0,No,65.4,58.2,Average,Medium
STU101979,23,Female,MECH,8,94.4,83.7,77.7,70.8,14,17.6,64.9,31,21.0,52,75.6,8.08,0,1,13.0,No,75.8,86.2,Excellent,Low
STU101980,20,Male,AI&DS,6,77.3,75.4,71.7,50.9,10,16.9,57.5,24,18.0,36,75.8,6.89,0,3,8.0,No,72.4,59.7,Average,Medium
STU101981,20,Female,EEE,8,64.4,64.4,70.2,65.5,10,16.7,46.7,27,14.0,35,35.4,6.58,0,6,11.0,Yes,66.9,57.9,Average,Medium
STU101982,21,Female,EEE,2,69.2,48.0,56.9,60.6,10,15.2,60.4,29,19.0,37,60.1,5.97,1,5,9.0,Yes,55.1,55.6,Average,Medium
STU101983,19,Female,IT,7,71.8,48.6,67.7,37.6,11,14.2,42.2,16,21.0,42,53.7,6.94,0,4,10.0,Yes,50.9,50.6,Average,Medium
STU101984,23,Female,ECE,2,86.2,47.4,83.0,37.5,12,15.9,71.3,17,19.0,40,56.1,6.68,1,1,14.0,No,52.4,63.4,Average,Medium
STU101985,20,Male,AI&DS,5,67.1,47.2,75.5,56.3,12,7.3,63.1,22,17.0,30,55.3,5.12,2,1,11.0,Yes,62.1,44.2,Poor,High
STU101986,22,Male,ECE,5,76.5,51.8,75.8,50.7,7,9.9,50.6,28,20.0,43,76.2,7.25,2,4,12.0,No,58.1,58.7,Average,Medium
STU101987,21,Female,ECE,5,69.4,,67.3,64.6,13,8.7,72.9,22,15.0,50,61.2,6.06,1,5,8.0,No,74.4,55.1,Average,Medium
STU101988,19,Female,ECE,5,71.3,56.9,62.1,47.0,13,13.8,73.8,29,15.0,33,51.4,5.77,2,0,5.0,No,65.5,60.9,Average,Medium
STU101989,22,Male,EEE,7,78.1,51.6,78.7,56.0,9,11.7,64.3,23,22.0,25,56.2,5.8,1,5,6.0,No,65.0,57.3,Average,Medium
STU101990,18,Female,IT,6,60.7,65.6,88.2,53.7,13,11.0,58.2,34,16.0,17,65.7,5.26,1,4,11.0,No,42.7,54.1,Average,Medium
STU101991,23,Female,AI&DS,2,91.7,88.3,92.1,46.1,15,20.3,90.9,28,21.0,46,76.6,7.01,1,0,10.0,Yes,74.3,73.3,Good,Low
STU101992,20,Male,IT,7,64.3,64.6,64.8,50.2,8,14.9,49.0,13,10.0,19,38.1,6.49,1,3,5.0,No,50.3,57.5,Average,Medium
STU101993,22,Male,CIVIL,4,71.3,51.6,69.2,73.4,13,17.9,69.2,20,13.0,26,60.2,6.88,1,3,10.0,No,72.7,64.0,Average,Medium
STU101994,19,Male,CSE,6,82.8,70.9,84.8,73.7,17,19.2,73.8,35,19.0,39,71.5,7.25,1,1,14.0,No,79.2,66.1,Good,Low
STU101995,20,Male,AI&DS,8,58.9,59.5,60.9,63.6,10,14.9,49.9,27,19.0,24,43.7,7.63,1,6,7.0,Yes,51.3,49.0,Poor,High
STU101996,20,Male,IT,3,85.5,74.3,88.7,86.8,17,11.5,85.8,36,23.0,44,74.5,6.79,2,4,15.0,No,83.4,71.3,Good,Low
STU101997,19,Female,CIVIL,6,70.1,56.6,77.3,71.6,12,17.4,56.9,20,16.0,38,74.0,7.88,1,1,8.0,No,66.7,70.7,Good,Low
STU101998,20,Female,CSE,6,83.0,50.1,75.8,58.2,14,14.6,59.8,26,15.0,28,66.6,6.72,2,1,6.0,No,63.9,55.3,Average,Medium
STU101999,18,Female,EEE,5,70.9,58.1,62.4,44.9,9,9.4,63.7,25,16.0,30,71.5,5.9,3,4,9.0,Yes,65.6,53.2,Average,Medium
STU102000,20,Male,AI&DS,3,89.2,81.7,65.5,93.1,17,21.7,88.8,22,21.0,47,55.3,9.57,0,2,17.0,No,84.6,79.0,Good,Low
STU102001,18,Male,EEE,7,60.9,55.9,82.2,66.2,14,16.6,50.4,25,13.0,31,56.5,7.34,1,1,8.0,No,65.3,68.6,Good,Low
STU102002,21,Female,CSE,7,72.1,53.7,78.0,55.9,12,12.7,79.4,33,20.0,38,74.3,5.73,0,1,14.0,No,60.8,49.7,Poor,High
STU102003,18,Female,AI&DS,8,67.2,62.2,71.1,77.2,8,10.9,59.3,27,16.0,32,48.6,7.13,0,1,7.0,No,66.2,59.9,Average,Medium
STU102004,18,Female,AI&DS,4,71.5,66.4,65.3,64.0,15,11.1,66.6,28,15.0,24,61.7,7.31,2,3,11.0,Yes,60.0,58.5,Average,Medium
STU102005,21,Male,ECE,2,73.9,30.5,76.5,47.3,12,4.9,66.1,15,11.0,38,60.4,5.42,2,2,13.0,Yes,48.3,49.1,Poor,High
STU102006,20,Female,AI&DS,8,62.2,75.7,75.7,82.2,11,16.1,62.1,25,20.0,31,57.7,7.39,1,0,8.0,No,76.4,63.7,Average,Medium
STU102007,24,Female,MECH,6,74.0,69.7,76.3,66.5,14,15.5,62.4,36,16.0,45,70.8,6.24,1,2,12.0,No,72.5,56.3,Average,Medium
STU102008,19,Male,CIVIL,2,70.3,55.7,59.3,50.9,4,15.5,27.5,9,5.0,17,35.0,6.58,1,5,6.0,No,53.2,45.6,Poor,High
STU102009,20,Male,EEE,7,66.9,88.8,52.9,48.5,9,,51.2,24,15.0,49,57.5,8.59,0,0,10.0,No,85.4,63.6,Average,Medium
STU102010,19,Male,IT,6,79.4,67.9,83.6,71.1,14,16.8,77.6,29,13.0,40,71.1,6.88,1,1,13.0,No,81.2,55.0,Average,Medium
STU102011,24,Female,CIVIL,7,54.3,49.5,68.4,43.8,12,9.4,50.9,23,15.0,32,48.0,5.31,1,2,11.0,Yes,41.3,42.1,Poor,High
STU102012,23,Female,CSE,5,90.9,91.3,84.3,72.6,14,18.0,78.7,25,22.0,47,72.6,7.82,0,1,13.0,Yes,84.8,73.7,Good,Low
STU102013,19,Male,CSE,5,84.9,74.3,100.0,65.2,18,11.8,73.7,33,27.0,47,89.3,8.2,2,2,15.0,No,64.3,79.7,Good,Low
STU102014,19,Male,EEE,2,77.1,73.5,59.1,54.9,13,9.0,65.9,24,12.0,50,49.6,6.39,2,2,11.0,No,69.9,58.0,Average,Medium
STU102015,19,Male,MECH,5,89.6,84.9,62.4,80.7,9,23.0,72.3,36,16.0,44,76.4,8.27,0,1,7.0,No,90.5,75.5,Good,Low
STU102016,19,Female,IT,5,75.0,63.3,52.0,48.6,11,15.5,55.4,19,11.0,53,48.7,7.49,2,3,10.0,Yes,58.6,57.3,Average,Medium
STU102017,19,Female,CSE,8,75.1,63.7,72.7,43.3,12,14.2,54.2,38,18.0,34,64.7,5.31,1,4,14.0,Yes,58.9,49.6,Poor,High
STU102018,23,Male,AI&DS,3,75.3,57.9,85.3,53.4,13,14.0,82.6,30,15.0,46,52.9,6.03,2,1,11.0,No,62.0,43.1,Poor,High
STU102019,21,Female,CIVIL,2,70.3,68.5,71.6,74.8,13,16.9,62.8,21,21.0,35,60.3,6.05,1,3,10.0,No,67.8,65.6,Good,Low
STU102020,20,Other,IT,4,89.3,61.3,68.3,59.2,14,12.9,54.5,22,14.0,39,67.7,8.07,0,3,16.0,No,63.1,69.1,Good,Low
STU102021,19,Male,ECE,3,78.5,71.5,88.7,56.6,10,12.9,62.5,25,17.0,23,81.6,5.49,1,2,10.0,No,65.2,57.7,Average,Medium
STU102022,19,Female,ECE,5,79.7,72.0,67.9,49.6,12,9.4,63.4,22,17.0,37,66.3,4.55,2,1,10.0,Yes,70.7,45.2,Poor,High
STU102023,21,Male,CIVIL,6,82.3,52.0,64.8,83.4,16,14.8,55.2,26,19.0,34,48.2,7.86,1,2,12.0,No,75.0,74.5,Good,Low
STU102024,23,Male,ECE,4,72.3,73.2,79.5,65.9,11,9.7,66.8,22,14.0,31,61.0,6.13,1,3,5.0,No,72.3,59.8,Average,Medium
STU102025,21,Female,CIVIL,4,53.8,47.7,56.6,43.1,8,5.3,47.3,30,9.0,33,59.9,4.56,1,3,7.0,No,43.9,50.6,Average,Medium
STU102026,22,Female,IT,4,70.8,56.5,59.6,40.9,9,10.3,63.5,21,10.0,27,34.7,4.32,1,5,8.0,No,61.9,44.9,Poor,High
STU102027,19,Male,AI&DS,8,71.0,62.3,80.2,57.6,11,12.6,70.5,29,11.0,48,41.1,7.36,0,3,6.0,No,68.2,61.2,Average,Medium
STU102028,24,Male,AI&DS,4,44.6,32.9,40.4,45.1,4,1.0,23.7,13,4.0,6,11.9,4.47,2,5,2.0,Yes,39.9,25.2,Poor,High
STU102029,23,Male,IT,7,74.6,78.0,78.9,46.1,10,13.5,52.6,22,17.0,30,64.5,7.16,0,2,13.0,No,71.0,53.3,Average,Medium
STU102030,24,Female,ECE,2,73.2,58.1,59.7,46.9,12,13.5,64.5,19,14.0,37,60.7,6.05,1,4,9.0,Yes,54.9,42.0,Poor,High
STU102031,22,Male,CSE,2,86.5,86.3,82.4,81.9,14,18.5,65.5,35,20.0,37,87.5,9.1,0,0,10.0,No,89.1,67.6,Good,Low
STU102032,22,Male,ECE,4,70.0,51.8,58.4,71.0,13,5.4,59.8,24,12.0,27,74.3,6.24,0,2,8.0,No,61.4,72.6,Good,Low
STU102033,18,Male,EEE,5,92.3,67.1,77.1,67.5,16,17.7,69.5,28,26.0,48,76.9,7.04,2,3,11.0,No,68.3,68.5,Good,Low
STU102034,19,Female,AI&DS,4,86.8,67.0,75.8,57.8,16,12.7,83.0,45,23.0,39,87.4,5.49,2,3,17.0,No,70.9,65.8,Good,Low
STU102035,18,Female,MECH,3,82.8,66.7,65.3,59.2,9,14.0,65.7,25,10.0,39,68.2,5.76,2,3,9.0,No,83.4,50.0,Poor,High
STU102036,21,Male,AI&DS,6,69.1,76.8,68.2,64.0,9,18.3,63.1,16,10.0,30,59.3,8.66,1,1,5.0,No,63.7,53.2,Average,Medium
STU102037,22,Female,CSE,3,71.5,55.1,61.7,71.0,9,11.0,59.6,20,13.0,23,55.3,5.23,2,3,5.0,No,65.3,46.8,Poor,High
STU102038,18,Female,AI&DS,5,85.6,72.8,67.3,72.2,13,9.5,67.3,28,10.0,49,44.2,6.75,3,3,9.0,No,79.8,60.0,Average,Medium
STU102039,23,Male,ECE,2,72.3,59.9,56.1,43.4,7,15.3,48.8,13,8.0,17,41.6,5.7,0,4,8.0,Yes,49.7,42.4,Poor,High
STU102040,21,Female,CIVIL,3,86.0,78.6,64.7,66.4,12,7.1,60.5,31,20.0,38,55.6,7.9,1,4,10.0,No,73.3,63.7,Average,Medium
STU102041,22,Female,ECE,8,87.7,68.6,85.5,80.6,17,15.8,63.8,29,25.0,43,93.7,6.75,2,3,12.0,No,76.9,71.1,Good,Low
STU102042,24,Female,CIVIL,6,97.4,83.9,89.4,61.6,19,21.0,85.3,32,24.0,48,74.2,7.08,0,2,15.0,No,77.8,74.3,Good,Low
STU102043,22,Female,CSE,4,,76.9,85.3,83.1,16,16.4,69.2,32,22.0,57,70.1,8.59,0,2,15.0,No,80.7,79.0,Good,Low
STU102044,18,Male,AI&DS,2,86.4,58.7,77.2,56.8,16,9.5,75.8,29,25.0,43,71.2,6.07,1,3,11.0,No,79.0,67.5,Good,Low
STU102045,23,Male,ECE,7,54.8,50.6,71.2,33.8,9,8.0,29.0,18,8.0,23,63.9,6.23,1,1,8.0,No,47.9,42.7,Poor,High
STU102046,24,Male,CIVIL,4,78.2,51.0,51.2,41.3,9,10.4,35.3,12,8.0,18,63.1,6.05,0,3,10.0,Yes,61.0,52.1,Average,Medium
STU102047,18,Female,EEE,5,92.8,71.1,80.4,64.6,14,13.3,71.3,35,26.0,48,76.7,8.75,1,2,12.0,No,66.0,73.2,Good,Low
STU102048,21,Female,CIVIL,6,67.7,49.2,48.2,55.8,9,10.3,75.2,18,10.0,32,50.7,7.43,2,3,8.0,No,59.8,37.8,Poor,High
STU102049,21,Male,AI&DS,2,76.2,66.0,59.8,75.6,12,15.0,46.2,4,14.0,36,52.3,6.96,1,3,7.0,No,71.7,64.2,Average,Medium
STU102050,19,Male,IT,6,72.1,48.9,66.4,49.1,11,7.8,53.8,29,14.0,32,63.3,4.77,1,4,8.0,Yes,59.6,53.9,Average,Medium
STU102051,19,Male,CIVIL,8,70.2,71.4,66.8,70.4,14,17.1,68.7,30,26.0,35,48.8,7.54,1,0,11.0,No,60.0,59.2,Average,Medium
STU102052,23,Female,IT,3,69.7,46.4,63.7,52.1,8,6.7,60.1,19,11.0,24,64.6,4.95,1,5,10.0,No,54.7,49.1,Poor,High
STU102053,20,Male,AI&DS,8,66.2,81.1,82.8,68.2,12,20.9,56.1,20,19.0,33,62.4,7.53,2,0,7.0,No,59.2,64.6,Average,Medium
STU102054,21,Female,CSE,4,87.1,88.9,89.1,80.5,11,22.8,61.6,37,16.0,55,73.8,8.96,0,0,12.0,No,77.9,70.2,Good,Low
STU102055,23,Male,EEE,2,84.2,61.7,82.3,79.2,16,15.5,63.4,29,22.0,41,71.5,7.31,2,2,14.0,No,78.7,65.2,Good,Low
STU102056,21,Male,ECE,5,86.1,70.1,84.1,79.1,16,17.6,66.2,26,22.0,37,73.0,7.24,4,4,12.0,No,78.7,61.1,Average,Medium
STU102057,24,Male,CIVIL,3,62.5,49.8,61.8,60.5,8,16.4,66.7,18,15.0,40,,5.48,1,4,12.0,Yes,68.0,53.6,Average,Medium
STU102058,21,Male,CSE,4,58.6,46.6,66.1,36.5,7,5.3,33.9,12,11.0,15,56.4,4.28,0,5,8.0,No,48.8,34.4,Poor,High
STU102059,24,Male,EEE,3,62.3,59.1,56.7,54.4,10,6.4,55.2,16,13.0,10,41.2,5.29,3,4,8.0,Yes,48.6,48.0,Poor,High
STU102060,19,Female,CSE,6,76.5,54.3,62.9,41.7,9,11.3,54.1,14,12.0,45,65.6,5.99,1,3,16.0,Yes,51.2,53.2,Average,Medium
STU102061,24,Female,ECE,4,67.1,53.0,52.9,46.0,11,5.2,54.5,24,16.0,27,48.3,5.18,3,2,3.0,Yes,56.0,45.5,Poor,High
STU102062,18,Male,CSE,7,100.0,89.9,82.0,65.0,12,13.3,59.5,24,24.0,40,63.0,8.35,1,2,12.0,No,78.0,86.8,Excellent,Low
STU102063,23,Female,IT,3,56.2,54.5,44.7,64.2,8,6.5,46.0,13,7.0,22,41.3,6.11,1,6,4.0,Yes,62.6,42.1,Poor,High
STU102064,22,Male,CSE,2,81.3,63.8,64.8,79.3,13,14.7,73.8,25,23.0,37,73.0,6.52,0,0,7.0,Yes,73.2,65.7,Good,Low
STU102065,21,Female,EEE,4,73.2,46.1,63.8,43.9,4,5.8,39.3,20,13.0,39,59.6,7.15,2,3,10.0,No,66.8,38.2,Poor,High
STU102066,24,Female,CSE,7,75.5,,74.4,75.1,11,12.1,61.3,27,19.0,33,71.0,6.23,1,2,9.0,No,50.9,68.7,Good,Low
STU102067,22,Other,CSE,8,92.4,70.0,70.6,73.4,13,5.7,65.3,24,10.0,33,52.0,8.52,0,5,7.0,No,88.2,59.3,Average,Medium
STU102068,22,Female,ECE,8,67.8,69.1,68.7,49.8,14,14.7,61.2,22,10.0,28,62.4,7.0,2,3,10.0,No,52.8,51.4,Average,Medium
STU102069,23,Male,CSE,2,63.0,72.7,72.6,67.7,12,16.3,89.4,32,17.0,26,89.2,6.77,1,2,9.0,Yes,65.6,61.8,Average,Medium
STU102070,23,Male,EEE,8,84.1,77.0,78.5,76.9,15,13.4,77.1,37,26.0,43,89.1,,0,3,17.0,No,76.0,69.3,Good,Low
STU102071,19,Male,CSE,4,71.8,56.4,68.4,68.9,13,16.1,42.4,32,15.0,46,78.3,6.47,2,2,10.0,No,51.3,58.6,Average,Medium
STU102072,23,Male,MECH,2,74.0,53.0,67.5,55.9,4,11.9,49.6,27,11.0,29,61.5,4.62,2,5,9.0,No,62.7,52.0,Average,Medium
STU102073,22,Male,IT,3,58.5,51.4,59.8,36.3,12,5.8,57.5,18,12.0,28,62.9,4.85,2,0,12.0,Yes,50.1,42.3,Poor,High
STU102074,18,Male,MECH,8,69.3,77.6,65.4,44.1,9,8.9,51.0,24,17.0,18,32.8,6.41,3,2,10.0,No,59.0,63.9,Average,Medium
STU102075,24,Other,CSE,6,74.9,67.4,67.2,57.4,9,16.0,53.2,19,16.0,15,47.0,6.17,0,2,8.0,No,73.5,64.4,Average,Medium
STU102076,23,Female,ECE,3,64.0,49.8,64.0,41.1,7,11.5,26.0,4,6.0,18,47.7,5.11,2,6,2.0,Yes,39.5,38.5,Poor,High
STU102077,24,Male,CSE,7,91.1,67.2,88.3,61.3,16,13.5,82.4,34,21.0,36,87.8,5.35,1,0,14.0,No,68.9,70.4,Good,Low
STU102078,23,Female,ECE,4,86.1,71.6,82.6,58.2,15,9.3,80.1,36,15.0,30,76.3,6.73,2,2,14.0,Yes,79.6,61.7,Average,Medium
STU102079,20,Female,CIVIL,2,74.5,57.7,64.7,28.7,12,12.1,59.2,32,11.0,15,59.2,4.36,1,3,7.0,No,50.3,43.5,Poor,High
STU102080,20,Male,CSE,4,75.6,52.4,72.6,56.6,11,11.4,53.0,27,12.0,24,69.3,5.43,2,1,13.0,No,57.1,62.8,Average,Medium
STU102081,19,Female,AI&DS,7,67.7,59.8,59.7,53.7,10,13.2,59.6,25,11.0,19,55.3,7.45,2,2,5.0,No,64.8,58.8,Average,Medium
STU102082,20,Female,CIVIL,4,68.7,89.3,62.4,70.3,13,5.5,67.0,32,20.0,37,75.3,8.85,2,3,10.0,No,73.5,67.5,Good,Low
STU102083,18,Female,ECE,3,73.0,45.5,79.0,49.0,13,12.7,70.3,26,18.0,56,68.0,5.29,2,2,11.0,No,70.9,51.4,Average,Medium
STU102084,23,Female,AI&DS,4,76.8,73.3,70.6,60.6,12,14.0,76.2,30,14.0,37,78.0,6.99,0,2,9.0,No,68.5,63.7,Average,Medium
STU102085,23,Male,IT,7,82.0,79.6,66.5,58.2,11,15.4,66.0,25,17.0,34,72.5,8.21,2,1,10.0,No,66.8,54.5,Average,Medium
STU102086,24,Female,CSE,3,61.4,69.2,58.3,67.0,6,10.6,57.9,19,11.0,31,40.5,7.57,0,4,5.0,Yes,69.5,47.1,Poor,High
STU102087,21,Female,CIVIL,5,87.5,57.0,91.7,59.3,12,15.1,72.5,33,20.0,51,97.2,6.55,0,3,15.0,No,71.9,82.1,Excellent,Low
STU102088,24,Female,CSE,6,78.5,84.0,72.3,44.7,13,14.9,53.5,27,16.0,12,,6.45,1,0,11.0,Yes,64.3,65.7,Good,Low
STU102089,19,Male,IT,2,72.5,58.2,58.7,46.6,7,10.0,45.4,24,12.0,17,40.4,6.24,1,0,3.0,Yes,62.2,54.2,Average,Medium
STU102090,21,Female,CIVIL,6,82.6,64.5,76.8,54.4,9,16.4,41.7,30,12.0,36,56.5,6.68,1,0,4.0,Yes,62.2,60.4,Average,Medium
STU102091,23,Female,AI&DS,7,52.6,53.3,61.2,44.3,9,9.4,56.5,20,17.0,33,60.6,7.26,2,3,8.0,Yes,50.4,47.3,Poor,High
STU102092,23,Female,IT,6,67.4,53.8,73.4,72.6,11,12.8,75.8,25,15.0,35,65.2,7.25,1,1,12.0,No,79.4,55.2,Average,Medium
STU102093,23,Male,CSE,3,62.3,72.1,83.3,51.0,13,16.4,89.3,33,19.0,25,67.3,6.7,0,2,12.0,No,61.7,68.0,Good,Low
STU102094,21,Male,CIVIL,5,78.5,65.9,82.7,,15,14.6,75.4,28,14.0,40,80.1,7.17,0,1,7.0,No,68.9,68.8,Good,Low
STU102095,18,Male,MECH,8,78.8,64.5,80.3,82.9,17,19.9,88.3,36,16.0,33,60.0,7.08,1,0,16.0,No,88.2,79.3,Good,Low
STU102096,24,Female,CSE,3,83.4,68.0,66.2,59.4,13,16.9,73.5,17,22.0,17,65.1,7.22,1,3,11.0,No,78.0,61.8,Average,Medium
STU102097,20,Male,EEE,3,93.8,79.4,90.7,75.4,15,13.1,92.8,34,24.0,48,80.3,8.3,1,1,14.0,No,80.8,78.2,Good,Low
STU102098,22,Female,CSE,6,71.5,59.8,64.5,46.5,7,6.4,58.3,28,17.0,30,57.9,5.36,2,1,8.0,Yes,65.7,59.4,Average,Medium
STU102099,18,Female,EEE,4,64.6,52.1,70.1,50.1,11,10.9,86.3,25,23.0,38,88.0,5.12,2,3,12.0,No,59.3,49.2,Poor,High
STU102100,24,Male,EEE,6,85.6,86.6,70.9,58.4,16,16.1,51.8,22,13.0,58,81.2,9.41,0,1,10.0,No,75.4,70.5,Good,Low
STU102101,19,Female,ECE,6,78.3,63.2,85.8,63.7,12,18.1,51.9,17,17.0,36,55.4,6.76,0,6,7.0,Yes,65.7,64.6,Average,Medium
STU102102,24,Male,CIVIL,2,49.2,34.6,47.4,40.0,9,6.1,39.4,15,10.0,19,46.8,4.23,1,4,10.0,Yes,40.3,33.5,Poor,High
STU102103,23,Male,IT,7,83.2,57.9,76.3,73.2,7,13.1,68.1,20,12.0,42,54.2,6.43,2,0,7.0,No,80.5,71.2,Good,Low
STU102104,20,Male,ECE,8,70.6,72.2,70.6,45.1,9,12.9,58.6,21,10.0,48,66.3,6.58,3,5,11.0,Yes,63.9,44.7,Poor,High
STU102105,20,Female,MECH,2,83.3,61.9,72.9,52.9,8,13.3,55.2,30,13.0,43,60.0,7.41,0,4,9.0,No,57.0,53.8,Average,Medium
STU102106,24,Female,CSE,6,51.8,40.5,58.2,53.7,3,12.8,29.5,11,10.0,17,32.5,6.0,0,5,11.0,Yes,39.9,53.3,Average,Medium
STU102107,22,Male,IT,4,78.7,80.9,88.6,82.5,13,18.4,76.3,35,24.0,50,88.5,7.74,2,0,16.0,No,71.5,76.0,Good,Low
STU102108,22,Female,CIVIL,6,64.5,47.0,56.5,44.2,12,13.2,44.4,18,11.0,27,30.5,5.54,2,2,7.0,Yes,55.8,46.7,Poor,High
STU102109,22,Male,IT,6,69.9,55.2,73.5,61.6,8,5.2,50.6,10,7.0,6,48.8,5.6,2,1,6.0,No,63.0,43.7,Poor,High
STU102110,19,Male,CIVIL,5,89.6,76.2,89.7,63.7,17,16.3,70.0,25,19.0,29,,6.67,0,3,11.0,No,77.8,73.2,Good,Low
STU102111,18,Female,AI&DS,2,93.9,52.3,87.7,70.3,17,16.4,86.2,41,20.0,56,93.6,6.76,1,0,18.0,Yes,66.4,72.6,Good,Low
STU102112,18,Female,AI&DS,6,73.9,79.6,41.5,46.5,13,,66.3,25,21.0,32,48.3,6.99,2,0,7.0,No,61.2,61.1,Average,Medium
STU102113,20,Female,ECE,6,85.7,64.6,84.8,73.9,14,8.2,76.7,21,21.0,45,81.6,7.69,1,4,16.0,No,76.9,61.3,Average,Medium
STU102114,22,Female,CSE,6,73.1,74.3,58.0,73.5,14,8.7,56.4,23,18.0,39,71.6,6.62,1,3,8.0,No,85.1,69.5,Good,Low
STU102115,20,Male,EEE,3,76.8,72.9,69.7,53.6,10,14.3,53.9,11,9.0,26,51.9,9.01,1,1,13.0,Yes,61.1,67.9,Good,Low
STU102116,19,Male,AI&DS,7,84.2,58.2,60.3,51.1,11,,62.9,21,16.0,28,77.7,6.47,2,3,8.0,No,66.0,56.5,Average,Medium
STU102117,20,Male,MECH,3,81.0,72.7,90.0,49.4,15,16.8,78.1,34,21.0,41,66.5,7.24,1,2,13.0,No,60.1,68.1,Good,Low
STU102118,19,Female,EEE,3,68.5,57.7,58.3,63.6,16,12.9,67.1,15,14.0,41,47.8,6.21,1,2,11.0,Yes,52.8,43.4,Poor,High
STU102119,21,Female,AI&DS,4,78.3,55.6,86.6,65.7,19,11.6,90.0,32,25.0,57,80.2,6.7,0,4,16.0,No,73.3,73.1,Good,Low
STU102120,21,Male,MECH,3,76.2,81.9,66.8,75.9,14,12.7,73.0,23,13.0,28,74.8,7.03,1,3,11.0,No,81.4,66.9,Good,Low
STU102121,19,Male,AI&DS,4,75.6,62.5,69.0,62.2,15,7.5,60.1,23,15.0,14,65.5,8.34,1,1,7.0,No,56.1,63.6,Average,Medium
STU102122,18,Male,AI&DS,3,62.2,78.6,70.3,58.2,16,13.8,44.0,28,14.0,28,76.8,6.9,2,1,8.0,Yes,68.7,63.9,Average,Medium
STU102123,18,Female,ECE,2,69.6,65.2,76.7,48.5,9,18.1,49.5,29,11.0,35,56.6,5.53,2,2,5.0,Yes,58.1,58.6,Average,Medium
STU102124,20,Male,CSE,8,87.6,59.3,73.7,63.6,14,13.9,84.9,22,16.0,35,68.4,5.63,2,1,10.0,No,71.1,69.2,Good,Low
STU102125,19,Female,AI&DS,6,73.0,67.9,69.1,55.5,8,10.6,60.5,18,10.0,45,50.6,7.0,1,3,8.0,No,71.7,59.5,Average,Medium
STU102126,23,Male,AI&DS,4,83.8,71.7,71.3,62.1,7,14.6,55.0,27,,17,64.6,7.1,0,0,5.0,No,69.1,61.5,Average,Medium
STU102127,19,Female,CSE,4,74.8,98.6,84.9,94.1,14,18.6,63.0,31,21.0,38,63.2,9.37,1,2,10.0,Yes,88.5,77.8,Good,Low
STU102128,18,Male,AI&DS,4,68.3,53.0,67.5,64.4,6,5.5,68.7,18,15.0,29,56.1,5.95,2,3,9.0,No,70.4,49.6,Poor,High
STU102129,22,Male,ECE,7,100.0,70.5,95.4,82.7,16,17.2,63.3,33,13.0,36,99.5,7.21,1,0,11.0,No,66.4,83.7,Excellent,Low
STU102130,22,Male,CIVIL,3,81.7,79.4,75.3,63.5,16,16.5,86.8,40,21.0,43,74.4,8.08,0,3,9.0,No,64.6,75.3,Good,Low
STU102131,22,Male,CSE,2,77.7,66.9,77.6,55.0,13,13.9,70.9,29,,41,58.3,6.08,1,1,9.0,No,60.5,62.6,Average,Medium
STU102132,19,Female,AI&DS,5,88.2,74.5,84.2,93.8,15,25.5,74.5,36,20.0,52,93.7,9.49,0,3,10.0,Yes,83.4,91.0,Excellent,Low
STU102133,22,Female,CSE,3,70.3,69.4,88.1,48.3,12,12.4,77.7,32,23.0,28,72.3,5.21,1,1,16.0,No,69.4,70.7,Good,Low
STU102134,24,Male,CSE,8,71.1,76.5,77.6,74.7,6,18.6,61.5,13,10.0,32,65.8,7.25,1,5,9.0,No,63.7,65.5,Good,Low
STU102135,22,Female,AI&DS,4,50.0,55.2,46.4,42.1,4,7.6,49.4,10,5.0,13,27.0,5.59,1,3,5.0,Yes,43.9,39.5,Poor,High
STU102136,20,Female,ECE,6,53.1,49.0,61.6,55.6,12,7.0,76.9,21,18.0,42,77.7,6.12,1,3,9.0,No,53.5,42.9,Poor,High
STU102137,21,Female,MECH,4,69.5,62.6,43.0,56.3,10,10.2,49.5,20,13.0,34,19.2,7.34,1,5,5.0,No,55.9,46.3,Poor,High
STU102138,23,Male,CIVIL,3,70.5,64.2,91.9,68.3,15,19.1,63.0,27,20.0,46,67.5,8.24,1,0,10.0,No,75.5,61.5,Average,Medium
STU102139,19,Male,IT,4,60.6,60.5,63.4,78.0,10,9.8,61.5,28,8.0,39,78.2,7.09,0,6,10.0,Yes,55.5,47.4,Poor,High
STU102140,23,Male,IT,7,82.8,75.8,78.5,85.2,12,11.3,87.5,25,17.0,44,84.7,7.59,1,6,14.0,Yes,72.0,65.1,Good,Low
STU102141,19,Female,CSE,2,85.2,70.2,75.7,78.4,13,15.0,57.5,37,21.0,41,81.0,6.09,1,0,10.0,No,70.9,61.5,Average,Medium
STU102142,24,Male,CSE,8,68.2,72.9,73.8,78.5,9,11.6,63.9,35,16.0,61,85.1,5.4,2,3,11.0,No,65.8,62.0,Average,Medium
STU102143,18,Female,ECE,2,87.5,90.9,90.8,80.9,16,21.0,73.3,38,25.0,49,77.8,8.37,0,0,16.0,No,81.7,77.8,Good,Low
STU102144,21,Female,EEE,6,75.5,59.8,65.8,53.5,13,12.4,68.1,34,13.0,41,51.8,7.35,1,2,9.0,No,65.2,51.9,Average,Medium
STU102145,20,Male,EEE,6,68.3,60.2,52.3,53.7,13,7.5,46.7,21,19.0,36,52.4,6.25,1,4,6.0,No,61.9,58.8,Average,Medium
STU102146,21,Male,ECE,6,71.1,55.2,65.1,53.7,11,16.9,55.8,13,12.0,48,42.2,5.87,1,4,9.0,No,61.8,61.2,Average,Medium
STU102147,20,Male,IT,2,56.3,52.3,62.7,35.9,8,7.7,70.2,14,14.0,38,52.5,5.6,3,2,9.0,Yes,45.3,37.2,Poor,High
STU102148,18,Female,ECE,6,80.2,74.1,88.2,81.1,15,13.7,74.0,37,21.0,37,70.7,8.19,1,0,13.0,No,82.5,74.3,Good,Low
STU102149,24,Male,IT,2,55.0,61.0,68.5,46.7,11,13.6,54.2,22,14.0,31,71.0,6.73,1,5,7.0,Yes,54.0,44.7,Poor,High
STU102150,21,Male,IT,7,90.6,78.2,80.1,58.2,13,6.9,75.0,27,25.0,19,55.4,6.97,1,0,9.0,No,84.0,82.0,Excellent,Low
STU102151,22,Male,ECE,7,69.8,64.9,59.8,63.8,8,14.4,63.3,25,11.0,34,51.1,5.74,2,3,7.0,No,69.3,57.7,Average,Medium
STU102152,21,Female,CSE,8,78.5,62.9,82.6,73.9,14,21.6,79.1,32,21.0,48,70.6,7.1,0,2,12.0,No,76.5,76.6,Good,Low
STU102153,21,Female,AI&DS,4,74.8,45.2,77.6,53.1,14,14.5,74.2,20,21.0,31,62.0,6.8,2,3,13.0,Yes,64.9,58.0,Average,Medium
STU102154,22,Male,AI&DS,6,58.4,56.8,69.4,52.2,12,6.3,68.3,17,12.0,35,57.4,5.92,1,6,8.0,Yes,52.8,48.0,Poor,High
STU102155,20,Female,IT,3,76.7,67.3,62.2,68.3,13,10.3,52.5,30,18.0,45,78.4,5.57,0,1,15.0,No,61.8,72.7,Good,Low
STU102156,18,Male,IT,5,69.4,79.5,70.3,62.8,13,15.0,73.3,24,19.0,40,70.2,7.24,1,2,14.0,No,69.5,54.3,Average,Medium
STU102157,18,Male,CSE,7,82.4,68.8,75.3,69.0,18,16.4,59.9,26,16.0,35,66.5,7.44,1,1,12.0,Yes,80.8,61.4,Average,Medium
STU102158,21,Male,CSE,3,59.2,57.3,73.7,51.6,12,15.9,63.9,29,17.0,26,63.5,5.64,2,3,9.0,Yes,49.7,46.0,Poor,High
STU102159,19,Female,CIVIL,7,78.2,73.7,69.9,67.6,13,19.9,85.6,30,24.0,44,65.4,7.45,1,3,14.0,No,80.2,78.4,Good,Low
STU102160,21,Female,EEE,4,84.7,46.2,68.2,64.3,13,11.5,62.4,35,21.0,35,66.2,7.46,2,7,14.0,No,62.5,64.1,Average,Medium
STU102161,22,Male,MECH,8,48.7,43.1,59.9,54.4,4,9.0,47.3,22,13.0,34,46.7,5.15,2,5,6.0,No,48.6,47.3,Poor,High
STU102162,22,Male,AI&DS,2,69.6,59.2,73.3,60.7,12,7.6,44.2,21,10.0,13,46.8,4.93,1,5,4.0,Yes,59.9,46.4,Poor,High
STU102163,19,Male,CSE,3,85.4,76.7,63.5,68.6,14,17.7,81.6,29,18.0,52,69.4,7.32,0,4,11.0,No,66.5,76.0,Good,Low
STU102164,22,Male,AI&DS,7,74.0,79.8,73.5,,8,18.0,59.7,21,15.0,41,46.0,6.28,1,5,15.0,Yes,62.2,55.7,Average,Medium
STU102165,24,Male,CSE,3,77.2,85.6,75.9,54.1,19,15.6,72.2,36,16.0,61,82.3,7.42,1,0,13.0,No,76.6,71.6,Good,Low
STU102166,20,Male,AI&DS,8,81.9,74.5,79.9,61.6,13,17.0,53.4,22,10.0,41,89.5,7.94,0,2,13.0,No,74.1,69.8,Good,Low
STU102167,18,Male,CSE,8,77.2,82.3,85.0,80.0,13,25.6,70.6,29,15.0,51,66.8,8.72,1,0,11.0,No,77.0,74.5,Good,Low
STU102168,21,Male,ECE,2,75.4,34.9,66.6,45.3,7,10.2,39.6,12,9.0,29,47.9,4.97,1,7,7.0,No,48.4,46.1,Poor,High
STU102169,22,Male,CIVIL,7,68.8,57.9,54.5,47.3,9,3.5,54.4,22,12.0,30,60.4,5.99,1,4,9.0,Yes,62.3,51.1,Average,Medium
STU102170,20,Male,CSE,5,73.9,40.1,69.5,42.4,7,11.0,56.8,24,12.0,21,63.8,6.08,1,3,6.0,No,63.6,50.6,Average,Medium
STU102171,22,Female,IT,7,91.2,50.0,74.3,53.5,10,12.6,52.6,26,15.0,16,65.8,5.32,1,3,11.0,No,67.6,60.4,Average,Medium
STU102172,23,Male,CSE,6,74.9,54.5,64.4,33.1,10,9.0,51.0,15,10.0,21,44.9,5.72,2,0,6.0,No,52.8,48.9,Poor,High
STU102173,22,Female,EEE,4,62.6,52.3,69.0,40.6,11,15.0,63.0,26,13.0,44,37.4,7.12,0,0,10.0,No,63.5,51.4,Average,Medium
STU102174,23,Male,AI&DS,2,60.3,49.0,49.4,37.5,4,7.8,41.0,13,,25,31.9,5.8,2,3,9.0,Yes,53.8,44.1,Poor,High
STU102175,19,Male,CIVIL,4,88.2,63.2,75.1,69.2,12,10.1,84.9,28,17.0,31,78.2,6.33,1,2,15.0,No,70.4,69.5,Good,Low
STU102176,20,Male,CSE,5,54.7,50.9,55.8,47.1,5,9.1,47.7,19,9.0,24,38.8,6.67,2,3,4.0,Yes,45.1,38.4,Poor,High
STU102177,21,Male,ECE,5,78.4,53.0,86.0,64.9,14,17.2,69.6,27,15.0,42,59.4,5.77,2,1,14.0,No,50.0,55.0,Average,Medium
STU102178,19,Female,IT,7,60.8,71.1,67.3,70.4,12,8.9,63.7,22,19.0,45,55.5,5.6,1,4,8.0,No,66.6,62.0,Average,Medium
STU102179,24,Male,CSE,7,68.1,69.2,76.9,71.1,10,13.8,51.6,42,17.0,35,77.3,7.04,1,2,15.0,No,61.6,70.5,Good,Low
STU102180,22,Male,CIVIL,4,60.3,61.3,68.6,67.6,8,14.3,57.1,19,11.0,23,64.7,6.7,0,4,8.0,No,60.3,57.4,Average,Medium
STU102181,20,Male,MECH,3,76.4,83.1,75.3,82.0,17,14.2,83.1,30,24.0,33,65.5,9.0,1,1,12.0,No,74.1,74.2,Good,Low
STU102182,23,Male,AI&DS,6,71.8,65.7,69.7,74.5,14,10.7,69.5,24,14.0,41,54.0,4.89,2,3,13.0,No,63.1,70.3,Good,Low
STU102183,24,Female,CSE,7,65.9,45.3,51.5,48.2,10,2.1,44.5,20,17.0,8,60.4,6.6,3,2,6.0,Yes,60.7,31.2,Poor,High
STU102184,18,Other,CIVIL,6,73.3,53.9,64.7,46.2,12,8.3,65.2,24,14.0,27,64.2,5.5,2,5,10.0,Yes,61.5,49.6,Poor,High
STU102185,21,Male,IT,6,62.4,40.9,27.8,29.8,8,5.5,30.3,9,14.0,11,34.4,5.09,3,4,6.0,Yes,58.3,24.5,Poor,High
STU102186,20,Male,CSE,6,71.3,54.6,62.3,60.0,14,12.0,64.8,18,13.0,48,65.3,6.46,3,2,5.0,No,49.1,46.3,Poor,High
STU102187,23,Male,CIVIL,4,75.1,82.1,70.3,48.7,12,9.8,74.1,26,14.0,51,72.0,6.94,1,3,10.0,Yes,67.8,58.4,Average,Medium
STU102188,20,Male,CIVIL,3,68.2,67.2,71.8,49.7,12,10.7,48.4,22,15.0,17,41.7,5.55,2,1,6.0,Yes,62.3,51.1,Average,Medium
STU102189,20,Male,EEE,7,100.0,96.8,79.4,79.1,14,22.5,80.1,38,28.0,46,75.5,7.39,1,0,10.0,No,95.2,64.0,Average,Medium
STU102190,23,Male,CIVIL,3,60.8,74.3,56.0,75.8,10,13.6,63.4,15,17.0,21,71.6,8.57,0,4,8.0,No,71.0,62.3,Average,Medium
STU102191,24,Male,CSE,2,84.7,,73.7,59.8,12,22.2,77.2,28,16.0,29,75.2,7.38,1,1,15.0,Yes,70.4,65.9,Good,Low
STU102192,19,Male,ECE,2,60.9,51.8,72.8,60.2,15,8.0,79.4,31,16.0,34,77.0,5.27,2,6,14.0,Yes,62.8,58.9,Average,Medium
STU102193,22,Male,IT,4,62.8,52.5,61.5,39.3,11,8.5,43.3,32,13.0,29,77.3,5.8,1,2,6.0,No,47.5,52.8,Average,Medium
STU102194,23,Female,CIVIL,5,89.3,61.3,75.2,68.8,12,13.9,51.2,26,22.0,43,70.4,7.87,0,3,13.0,No,67.4,56.3,Average,Medium
STU102195,19,Female,AI&DS,5,75.2,71.0,73.4,73.1,9,11.4,69.7,16,16.0,22,60.5,7.58,2,1,11.0,No,76.0,63.2,Average,Medium
STU102196,22,Male,EEE,3,57.3,39.8,67.0,33.8,8,8.4,44.1,25,13.0,37,53.0,5.54,2,4,6.0,Yes,39.3,54.7,Average,Medium
STU102197,24,Female,CSE,4,72.6,55.4,72.2,61.0,15,7.5,60.6,33,17.0,56,69.1,5.76,1,3,12.0,No,66.4,51.1,Average,Medium
STU102198,23,Male,AI&DS,6,79.1,51.4,77.5,81.5,10,11.2,52.5,20,15.0,26,61.6,6.15,0,0,9.0,No,59.6,57.7,Average,Medium
STU102199,19,Male,CSE,4,68.9,57.2,49.2,50.5,12,14.7,55.4,25,12.0,27,53.3,6.55,1,4,9.0,No,55.7,47.9,Poor,High
STU102200,24,Female,CSE,5,63.5,50.8,68.0,35.7,10,16.6,35.9,24,12.0,33,57.2,6.26,1,4,7.0,Yes,47.3,39.4,Poor,High
STU102201,20,Male,ECE,3,53.0,49.2,56.9,53.1,11,14.5,46.9,23,13.0,23,53.6,7.33,0,5,8.0,Yes,59.7,54.4,Average,Medium
STU102202,21,Female,AI&DS,7,72.0,62.5,81.3,50.5,15,13.1,58.3,31,19.0,40,55.4,6.08,2,3,10.0,No,63.3,55.1,Average,Medium
STU102203,20,Female,CIVIL,5,89.3,57.3,74.1,62.5,13,15.9,66.1,21,16.0,34,,6.91,1,1,10.0,No,78.2,65.3,Good,Low
STU102204,22,Male,IT,7,56.1,70.6,51.8,67.9,7,13.8,48.2,8,6.0,30,40.9,7.66,0,0,0.0,Yes,75.3,53.0,Average,Medium
STU102205,18,Male,ECE,4,81.2,66.7,75.0,65.8,14,14.9,94.6,33,25.0,75,100.0,7.71,0,1,14.0,No,83.9,88.8,Excellent,Low
STU102206,22,Male,CSE,4,70.3,49.4,53.2,41.2,9,8.5,57.2,25,10.0,25,71.7,7.05,0,3,3.0,Yes,54.8,41.6,Poor,High
STU102207,18,Female,IT,7,73.3,57.5,75.8,63.3,12,14.3,68.7,27,18.0,35,23.9,7.98,2,1,9.0,No,65.9,55.3,Average,Medium
STU102208,23,Male,CSE,4,73.4,67.4,71.1,83.6,14,14.3,65.3,24,23.0,36,81.1,7.53,2,0,10.0,No,66.5,73.5,Good,Low
STU102209,20,Female,EEE,7,74.8,75.6,65.7,62.8,13,17.2,57.7,16,12.0,21,65.5,5.93,0,4,10.0,Yes,64.2,58.2,Average,Medium
STU102210,21,Male,CSE,2,65.6,56.5,52.8,67.0,10,3.4,55.0,9,11.0,41,46.9,6.76,1,4,6.0,Yes,57.1,51.3,Average,Medium
STU102211,19,Female,IT,7,68.7,57.7,78.7,80.7,9,14.4,66.3,25,14.0,29,56.9,8.02,1,1,7.0,No,61.2,55.4,Average,Medium
STU102212,18,Male,AI&DS,7,78.7,76.5,65.6,72.3,13,19.4,56.6,20,12.0,39,50.3,7.01,3,0,9.0,Yes,74.6,64.3,Average,Medium
STU102213,18,Female,IT,5,78.3,78.5,77.0,73.9,14,17.9,66.2,26,16.0,48,66.5,7.9,1,1,10.0,No,89.2,73.0,Good,Low
STU102214,24,Female,IT,5,76.7,78.8,87.7,85.1,16,16.0,85.9,34,24.0,57,78.9,7.59,0,0,14.0,No,88.1,80.8,Excellent,Low
STU102215,18,Male,IT,4,76.6,57.0,70.2,59.0,13,6.9,43.2,21,17.0,26,49.3,6.82,2,5,6.0,No,69.2,47.1,Poor,High
STU102216,18,Male,CIVIL,4,72.7,76.4,71.0,38.3,10,13.6,52.2,21,18.0,38,59.0,7.44,0,2,8.0,No,53.4,52.7,Average,Medium
STU102217,21,Male,MECH,4,78.1,56.2,75.1,58.6,10,15.5,64.3,32,18.0,51,60.0,6.43,0,2,11.0,No,75.3,61.3,Average,Medium
STU102218,24,Female,IT,6,82.4,69.1,67.9,42.3,8,14.0,48.2,21,16.0,26,54.7,6.9,2,4,7.0,Yes,51.6,48.8,Poor,High
STU102219,18,Female,AI&DS,3,70.1,67.2,76.7,45.7,13,11.7,66.3,29,15.0,43,63.7,5.47,2,4,9.0,Yes,,36.1,Poor,High
STU102220,19,Male,CIVIL,3,68.4,53.0,63.7,47.2,11,12.3,60.1,30,16.0,22,65.6,4.15,1,3,6.0,Yes,45.3,48.3,Poor,High
STU102221,21,Female,CSE,4,92.1,56.7,73.8,64.3,20,15.1,84.2,40,15.0,45,85.3,7.17,1,3,11.0,No,81.2,63.7,Average,Medium
STU102222,21,Male,AI&DS,5,63.4,66.3,62.3,51.8,9,12.9,52.7,17,10.0,42,71.9,5.03,1,4,7.0,Yes,64.4,51.3,Average,Medium
STU102223,19,Female,ECE,3,81.9,70.1,65.3,57.0,10,15.7,66.9,24,15.0,26,51.9,5.94,0,4,6.0,No,63.2,66.7,Good,Low
STU102224,24,Female,IT,5,63.0,58.9,66.3,49.4,10,9.0,46.5,12,14.0,25,65.3,5.77,2,3,6.0,Yes,63.3,60.3,Average,Medium
STU102225,20,Female,AI&DS,7,62.8,52.3,57.8,47.1,10,7.3,51.3,16,13.0,21,54.2,5.3,1,2,6.0,No,50.8,46.8,Poor,High
STU102226,22,Female,EEE,3,97.8,77.2,80.1,77.1,15,17.0,70.7,34,18.0,31,85.7,5.39,1,1,10.0,No,74.6,77.3,Good,Low
STU102227,21,Male,EEE,3,74.0,57.0,66.5,67.0,12,11.4,68.6,22,10.0,42,66.5,6.52,2,4,10.0,Yes,69.6,52.9,Average,Medium
STU102228,22,Female,MECH,7,84.9,75.4,67.4,54.1,11,8.2,,24,11.0,31,47.5,6.83,2,5,6.0,Yes,54.1,58.8,Average,Medium
STU102229,24,Male,CSE,3,82.1,82.0,79.0,74.5,12,23.5,64.5,34,17.0,45,64.7,9.07,0,3,9.0,No,81.9,75.6,Good,Low
STU102230,20,Male,EEE,6,77.8,53.9,87.5,69.2,16,15.2,77.6,27,22.0,30,66.2,7.8,2,2,8.0,No,65.8,64.2,Average,Medium
STU102231,23,Female,EEE,8,52.8,58.4,77.0,65.5,13,14.3,74.0,29,20.0,41,65.8,7.57,1,4,12.0,No,61.8,60.4,Average,Medium
STU102232,20,Female,IT,5,69.9,54.3,66.9,53.0,3,8.8,55.7,19,12.0,34,49.5,5.05,1,3,10.0,No,61.5,45.1,Poor,High
STU102233,20,Female,IT,5,64.7,50.5,60.9,47.7,9,11.4,54.3,20,14.0,26,36.9,5.86,2,6,9.0,Yes,55.8,38.2,Poor,High
STU102234,18,Female,AI&DS,6,86.8,84.1,100.0,80.4,20,14.0,82.8,33,20.0,58,76.8,8.53,0,4,11.0,No,79.8,79.9,Good,Low
STU102235,20,Female,CSE,2,68.8,49.9,67.7,61.9,8,9.9,56.6,21,18.0,29,63.7,5.62,1,5,4.0,No,58.6,45.0,Poor,High
STU102236,22,Female,MECH,2,62.2,53.1,45.7,50.2,9,10.4,51.7,19,10.0,26,53.6,5.27,1,2,12.0,Yes,52.5,44.8,Poor,High
STU102237,22,Female,ECE,3,61.7,66.1,70.5,77.0,10,13.9,50.6,23,20.0,56,56.6,5.63,3,2,11.0,Yes,62.1,59.1,Average,Medium
STU102238,21,Male,MECH,5,78.3,81.9,75.8,55.5,15,7.6,70.4,28,18.0,49,75.3,5.7,2,4,12.0,No,59.1,56.5,Average,Medium
STU102239,20,Male,CIVIL,7,63.2,49.7,65.6,43.1,13,11.8,59.9,23,14.0,44,71.4,5.85,0,4,11.0,Yes,54.9,51.3,Average,Medium
STU102240,19,Male,CSE,6,83.9,70.9,63.8,61.7,12,11.9,76.4,22,18.0,28,61.8,6.74,2,1,11.0,No,80.3,62.7,Average,Medium
STU102241,24,Female,IT,8,80.3,81.7,67.7,69.3,16,14.8,75.1,27,19.0,45,54.5,7.85,1,1,11.0,No,86.7,69.2,Good,Low
STU102242,20,Female,AI&DS,4,65.8,56.6,64.2,51.8,12,5.9,68.9,25,9.0,42,56.5,6.48,1,4,6.0,No,60.0,56.8,Average,Medium
STU102243,20,Female,IT,7,59.6,38.4,44.8,47.8,10,16.1,52.0,13,12.0,30,65.2,4.98,1,2,7.0,Yes,45.9,44.8,Poor,High
STU102244,24,Female,ECE,6,62.9,80.3,71.3,57.6,12,13.7,52.7,28,14.0,40,77.2,6.89,0,4,10.0,No,53.7,59.6,Average,Medium
STU102245,22,Female,CIVIL,2,75.3,70.7,77.7,47.8,14,15.5,74.6,35,20.0,44,73.3,7.14,1,4,12.0,Yes,48.2,53.2,Average,Medium
STU102246,23,Female,CSE,5,60.6,49.1,67.3,53.8,4,6.5,23.0,21,6.0,10,45.0,6.54,0,4,4.0,No,62.0,53.8,Average,Medium
STU102247,20,Female,ECE,6,60.4,41.1,64.2,30.1,7,4.0,38.4,21,7.0,21,52.9,4.87,2,6,3.0,No,48.6,44.9,Poor,High
STU102248,21,Female,CSE,4,64.1,59.3,74.0,46.9,12,14.2,53.2,19,13.0,24,78.7,5.08,3,4,11.0,Yes,39.7,59.1,Average,Medium
STU102249,23,Male,MECH,7,75.8,54.9,70.4,54.1,10,8.4,54.3,19,15.0,21,57.7,7.34,2,3,9.0,No,58.0,60.3,Average,Medium
STU102250,24,Female,IT,4,89.2,73.9,88.9,72.6,17,22.0,70.3,31,21.0,52,64.5,7.3,1,2,10.0,No,64.6,65.8,Good,Low
STU102251,23,Female,CIVIL,6,67.4,46.7,58.1,53.9,10,15.2,60.6,16,9.0,20,44.7,6.42,2,5,5.0,Yes,60.3,39.2,Poor,High
STU102252,21,Female,MECH,7,67.4,61.6,64.6,63.7,11,9.8,60.2,16,8.0,38,59.0,6.96,2,2,5.0,No,67.2,52.4,Average,Medium
STU102253,22,Male,CSE,3,86.3,78.9,69.8,73.2,20,15.2,97.0,36,22.0,51,76.1,6.94,2,1,18.0,No,84.1,68.1,Good,Low
STU102254,20,Male,IT,2,51.7,38.3,68.7,42.1,7,1.0,71.1,27,14.0,43,57.9,4.04,1,2,12.0,No,49.2,45.3,Poor,High
STU102255,21,Female,AI&DS,8,73.3,72.4,87.8,62.5,18,10.6,83.5,38,24.0,44,,7.53,1,0,13.0,No,,69.6,Good,Low
STU102256,20,Female,EEE,7,71.5,56.4,81.0,41.3,12,13.5,58.3,28,6.0,35,69.2,4.0,1,2,10.0,Yes,50.0,49.9,Poor,High
STU102257,18,Other,AI&DS,8,80.3,61.9,75.9,94.9,11,18.6,56.1,22,21.0,31,55.4,8.02,2,3,12.0,No,82.3,64.1,Average,Medium
STU102258,24,Female,CIVIL,2,81.1,62.8,79.0,68.2,16,12.0,72.6,37,24.0,45,78.5,6.94,1,1,16.0,No,67.9,73.9,Good,Low
STU102259,18,Female,AI&DS,6,72.9,70.2,68.7,80.7,18,14.0,77.0,31,20.0,47,87.9,8.08,0,2,16.0,No,72.9,61.4,Average,Medium
STU102260,19,Male,AI&DS,2,62.0,73.4,68.1,53.1,11,10.5,60.0,24,14.0,37,65.0,6.2,2,1,13.0,No,64.0,60.0,Average,Medium
STU102261,19,Female,CSE,5,58.5,51.6,44.5,37.8,6,2.4,26.2,16,9.0,10,37.9,5.54,2,3,5.0,Yes,50.5,35.6,Poor,High
STU102262,19,Male,EEE,7,77.5,46.3,69.4,50.3,10,15.4,67.9,23,16.0,26,53.1,5.55,4,3,10.0,Yes,54.9,49.8,Poor,High
STU102263,21,Female,AI&DS,3,84.9,68.2,77.8,56.0,13,15.1,69.9,24,,43,62.2,6.58,0,0,9.0,Yes,74.6,68.0,Good,Low
STU102264,24,Male,IT,4,65.3,60.2,63.5,69.8,12,7.1,43.8,21,15.0,30,,6.41,1,2,9.0,No,66.6,53.0,Average,Medium
STU102265,20,Female,CIVIL,5,88.5,68.5,68.2,79.4,14,17.0,66.4,23,20.0,50,70.1,6.43,0,0,10.0,No,77.6,72.7,Good,Low
STU102266,23,Male,IT,5,86.4,69.1,74.1,66.9,12,23.7,55.3,27,22.0,40,92.1,6.89,0,1,12.0,No,75.5,58.9,Average,Medium
STU102267,23,Male,AI&DS,2,85.9,80.2,78.5,69.4,13,,73.7,36,20.0,55,80.0,7.88,0,0,11.0,No,74.6,81.9,Excellent,Low
STU102268,23,Female,MECH,4,72.9,43.5,61.5,54.9,13,11.1,62.6,34,22.0,35,69.7,6.98,1,5,7.0,No,56.4,45.0,Poor,High
STU102269,22,Female,ECE,7,55.7,33.9,52.8,28.4,8,8.9,52.4,10,14.0,6,39.5,5.11,1,4,6.0,No,35.6,46.4,Poor,High
STU102270,23,Female,IT,2,95.7,71.8,92.9,57.1,15,16.9,69.5,23,17.0,37,64.3,5.5,1,0,14.0,No,71.2,76.1,Good,Low
STU102271,23,Female,AI&DS,4,80.1,74.3,58.0,64.9,9,15.8,52.1,20,19.0,15,60.3,6.66,0,2,6.0,No,60.9,66.7,Good,Low
STU102272,22,Female,AI&DS,6,66.9,66.9,79.8,56.5,8,9.2,52.9,3,10.0,27,58.6,5.77,1,4,6.0,No,63.4,49.5,Poor,High
STU102273,21,Male,AI&DS,4,70.3,69.4,59.6,70.2,14,12.3,57.2,32,10.0,39,61.1,7.36,1,3,10.0,No,68.0,53.8,Average,Medium
STU102274,18,Female,ECE,6,67.9,77.5,79.4,62.9,16,10.6,71.7,37,20.0,29,72.1,7.94,0,3,12.0,No,72.1,69.7,Good,Low
STU102275,21,Other,IT,3,79.2,48.6,70.9,41.8,11,9.0,58.9,18,20.0,17,61.9,5.94,2,4,10.0,Yes,50.5,49.2,Poor,High
STU102276,23,Female,CSE,3,68.9,38.8,59.2,32.6,12,7.5,44.7,15,15.0,15,64.1,4.35,2,5,9.0,Yes,49.0,44.5,Poor,High
STU102277,20,Male,EEE,8,76.9,57.4,58.0,38.9,9,8.8,71.1,29,19.0,36,82.3,6.43,1,0,15.0,Yes,56.8,59.6,Average,Medium
STU102278,19,Female,AI&DS,7,73.7,76.2,76.9,,14,18.3,69.7,29,20.0,33,78.9,8.42,0,2,14.0,No,78.0,74.8,Good,Low
STU102279,22,Male,CSE,4,60.1,54.7,54.3,50.9,11,9.7,44.4,20,3.0,26,31.0,6.7,2,1,6.0,Yes,64.8,49.7,Poor,High
STU102280,18,Female,IT,2,83.1,57.1,67.1,44.2,12,9.3,62.7,22,14.0,17,35.1,4.19,3,5,12.0,Yes,69.5,43.3,Poor,High
STU102281,23,Male,CIVIL,5,76.1,84.9,70.9,67.7,13,15.5,56.6,28,17.0,50,53.8,8.19,0,2,11.0,No,68.6,63.6,Average,Medium
STU102282,24,Male,IT,7,84.9,63.3,65.7,61.4,9,14.6,26.2,18,14.0,12,41.7,6.52,2,5,10.0,No,64.7,59.0,Average,Medium
STU102283,21,Male,ECE,6,88.7,75.5,73.0,82.4,11,19.5,57.9,27,18.0,52,69.9,6.33,2,3,13.0,No,78.8,71.2,Good,Low
STU102284,18,Female,MECH,6,68.1,72.0,75.3,65.2,11,13.8,64.6,34,11.0,42,51.6,8.54,1,1,5.0,No,71.8,56.5,Average,Medium
STU102285,19,Female,EEE,5,79.5,66.7,75.3,70.9,17,14.5,88.3,45,19.0,31,70.4,7.27,2,4,14.0,No,65.6,78.3,Good,Low
STU102286,18,Female,EEE,8,77.1,77.7,91.5,59.0,14,15.0,70.2,32,17.0,40,65.8,7.87,0,1,15.0,No,73.9,71.0,Good,Low
STU102287,21,Male,CSE,2,84.9,66.1,85.0,71.6,13,12.5,69.2,26,17.0,52,100.0,7.78,0,4,14.0,Yes,71.4,70.8,Good,Low
STU102288,20,Female,CSE,7,95.2,92.0,77.4,98.5,15,22.9,83.9,39,19.0,67,97.5,7.88,1,0,12.0,No,95.4,89.6,Excellent,Low
STU102289,23,Male,CSE,8,87.5,71.7,82.1,68.6,11,13.5,43.9,27,18.0,27,62.1,7.17,2,3,13.0,No,64.7,59.5,Average,Medium
STU102290,23,Male,MECH,7,58.7,41.7,59.4,39.3,9,7.7,48.4,19,6.0,37,66.6,5.21,1,4,3.0,Yes,56.6,33.9,Poor,High
STU102291,21,Female,CIVIL,3,89.0,74.1,87.5,76.7,14,16.4,79.5,30,16.0,39,75.5,8.97,2,2,13.0,No,85.7,73.4,Good,Low
STU102292,24,Female,EEE,8,84.2,69.5,71.3,72.3,14,16.3,66.7,28,17.0,68,66.5,7.85,2,1,14.0,No,73.9,59.6,Average,Medium
STU102293,21,Female,CSE,8,89.7,82.3,73.9,80.2,13,16.9,85.7,35,25.0,64,81.4,6.89,0,0,18.0,No,86.7,78.7,Good,Low
STU102294,18,Male,CIVIL,7,54.7,48.5,56.9,56.7,13,10.3,67.4,18,17.0,1,45.3,5.59,0,1,11.0,Yes,56.9,53.0,Average,Medium
STU102295,24,Female,CSE,4,93.4,80.0,79.1,77.2,15,23.0,81.2,30,15.0,50,56.5,8.58,1,3,13.0,No,81.8,81.8,Excellent,Low
STU102296,20,Male,IT,7,70.3,66.5,61.1,78.6,13,15.8,76.4,30,18.0,43,52.3,7.19,0,0,13.0,Yes,69.7,62.6,Average,Medium
STU102297,24,Male,AI&DS,7,81.3,96.4,78.2,95.5,13,18.8,44.5,33,23.0,58,87.1,8.31,0,1,9.0,No,84.9,79.7,Good,Low
STU102298,23,Male,MECH,3,47.7,57.6,46.5,58.9,7,15.0,47.4,8,14.0,29,43.2,5.97,2,4,5.0,No,60.6,56.0,Average,Medium
STU102299,24,Female,CSE,3,62.2,56.9,53.3,65.8,12,8.7,61.0,21,10.0,30,41.4,7.76,1,5,4.0,Yes,73.0,51.1,Average,Medium
STU102300,22,Male,AI&DS,7,65.5,61.8,76.7,53.9,14,18.7,60.1,22,16.0,38,64.8,6.44,1,5,15.0,No,54.3,55.4,Average,Medium
STU102301,22,Male,ECE,7,66.4,73.2,73.4,45.5,11,5.9,73.3,29,14.0,26,51.0,6.95,2,5,9.0,Yes,51.6,42.9,Poor,High
STU102302,19,Male,ECE,6,66.2,61.6,64.7,52.2,12,9.8,68.5,38,20.0,19,56.3,6.15,1,0,9.0,No,68.5,54.3,Average,Medium
STU102303,19,Male,CSE,5,46.9,27.0,35.8,55.2,1,1.0,30.4,3,3.0,15,34.5,4.0,3,3,2.0,No,40.2,27.6,Poor,High
STU102304,20,Male,EEE,8,67.6,65.5,64.9,53.1,7,7.1,58.8,20,12.0,31,73.2,6.04,2,1,11.0,No,60.0,63.9,Average,Medium
STU102305,20,Female,CSE,4,64.2,62.8,66.4,46.2,12,15.7,61.5,23,12.0,47,49.7,7.41,0,3,9.0,Yes,49.0,49.7,Poor,High
STU102306,22,Male,IT,7,87.9,58.7,44.9,80.7,11,12.2,57.1,23,19.0,41,52.9,4.35,2,4,9.0,No,72.2,63.4,Average,Medium
STU102307,24,Male,ECE,8,83.9,67.1,94.4,80.8,14,17.1,71.6,25,21.0,42,71.9,7.74,1,3,12.0,Yes,64.7,83.3,Excellent,Low
STU102308,18,Female,ECE,3,67.7,71.6,72.6,51.6,11,19.0,58.7,25,16.0,36,68.2,5.95,1,0,11.0,No,72.3,54.3,Average,Medium
STU102309,22,Male,EEE,2,78.1,69.0,72.3,59.7,12,19.5,62.6,18,13.0,49,62.3,8.12,2,1,6.0,Yes,64.0,58.2,Average,Medium
STU102310,23,Female,CIVIL,3,81.1,66.4,79.7,65.3,14,14.6,62.8,37,17.0,42,66.1,6.41,1,2,14.0,No,72.6,71.9,Good,Low
STU102311,21,Female,CSE,6,72.2,60.5,63.3,75.1,15,9.6,77.8,29,19.0,21,65.8,7.0,1,1,13.0,No,70.8,63.9,Average,Medium
STU102312,19,Female,MECH,3,81.9,69.5,70.2,67.6,17,17.8,65.4,18,14.0,46,64.6,6.99,1,3,12.0,No,78.0,63.5,Average,Medium
STU102313,21,Female,IT,6,84.7,80.7,86.9,81.9,12,16.7,85.1,33,22.0,34,91.7,6.58,0,0,11.0,No,76.8,83.3,Excellent,Low
STU102314,23,Male,ECE,5,70.8,52.9,68.4,50.0,11,13.8,68.1,29,22.0,37,79.2,5.49,2,6,11.0,Yes,51.7,40.6,Poor,High
STU102315,24,Male,CSE,8,87.5,69.5,64.5,52.3,14,17.4,48.2,18,14.0,24,51.8,7.58,1,2,11.0,No,81.0,63.8,Average,Medium
STU102316,22,Male,AI&DS,6,80.7,66.9,79.0,61.8,12,13.7,50.8,24,16.0,35,46.7,6.56,0,0,13.0,No,58.2,58.6,Average,Medium
STU102317,21,Female,IT,6,76.1,69.7,73.4,70.3,15,16.1,63.5,29,12.0,37,75.7,5.23,2,6,15.0,No,72.6,59.2,Average,Medium
STU102318,22,Male,CSE,3,70.1,61.0,67.4,60.6,10,12.7,55.8,37,16.0,44,52.6,7.21,1,1,9.0,No,58.6,56.8,Average,Medium
STU102319,22,Male,CSE,4,88.2,89.5,93.5,64.5,14,21.1,68.8,30,22.0,63,87.0,8.43,0,3,14.0,No,70.0,72.2,Good,Low
STU102320,23,Female,IT,3,67.7,49.2,74.0,65.9,14,14.9,66.1,27,17.0,21,71.8,7.19,1,2,9.0,No,62.5,53.0,Average,Medium
STU102321,19,Female,IT,2,68.9,67.8,74.4,39.5,10,17.0,68.0,20,19.0,18,75.3,7.2,1,0,13.0,No,63.3,67.4,Good,Low
STU102322,18,Female,ECE,4,76.5,78.5,72.4,67.9,16,22.1,66.6,26,19.0,37,57.6,6.93,0,1,11.0,No,65.3,76.9,Good,Low
STU102323,20,Male,CSE,8,83.5,80.7,85.1,81.1,17,14.8,92.7,29,25.0,56,88.1,7.26,1,3,16.0,No,82.3,64.4,Average,Medium
STU102324,19,Female,EEE,7,75.8,60.2,72.2,69.8,12,8.5,68.2,35,18.0,45,79.3,6.94,1,4,10.0,No,64.0,60.3,Average,Medium
STU102325,22,Female,CIVIL,3,62.3,52.5,42.3,22.8,13,5.0,50.4,26,9.0,31,50.9,4.88,2,2,3.0,Yes,45.8,31.6,Poor,High
STU102326,21,Female,AI&DS,4,60.2,66.2,61.3,70.8,12,24.5,55.9,28,18.0,21,49.5,7.68,1,3,8.0,Yes,77.9,63.8,Average,Medium
STU102327,24,Male,CSE,7,80.0,47.3,60.9,52.3,11,12.2,66.7,20,11.0,16,59.8,4.14,3,3,8.0,Yes,57.0,50.6,Average,Medium
STU102328,23,Male,IT,2,80.7,73.6,73.0,80.6,13,14.6,55.7,23,15.0,50,68.8,8.42,0,4,9.0,No,86.4,69.0,Good,Low
STU102329,19,Male,CIVIL,7,83.1,59.0,70.5,57.9,7,12.7,43.0,23,14.0,22,68.9,8.23,1,0,7.0,Yes,58.0,57.7,Average,Medium
STU102330,23,Female,ECE,5,85.1,66.6,87.9,74.4,11,17.0,73.9,39,15.0,44,72.6,8.16,0,0,8.0,No,75.2,67.0,Good,Low
STU102331,23,Male,IT,6,60.8,47.8,69.7,46.0,13,11.8,65.7,30,15.0,19,66.8,6.21,2,0,8.0,Yes,53.1,55.3,Average,Medium
STU102332,20,Male,EEE,2,51.9,51.3,57.1,54.8,10,10.2,59.8,33,8.0,25,61.3,4.96,2,5,6.0,Yes,62.1,31.9,Poor,High
STU102333,18,Male,IT,8,91.1,78.3,73.5,75.9,15,16.8,64.8,24,15.0,29,63.3,7.42,1,2,13.0,Yes,85.4,81.3,Excellent,Low
STU102334,23,Female,CSE,6,74.3,72.1,89.8,57.9,15,18.7,89.9,31,15.0,45,75.2,5.6,1,5,11.0,No,66.2,56.7,Average,Medium
STU102335,19,Male,ECE,3,56.8,54.4,72.6,62.3,8,17.5,66.3,26,16.0,18,50.0,6.27,1,2,9.0,Yes,64.7,48.0,Poor,High
STU102336,19,Male,MECH,7,69.5,59.0,66.4,68.8,9,12.8,38.4,23,15.0,41,59.2,6.05,1,1,10.0,Yes,66.4,59.5,Average,Medium
STU102337,21,Female,ECE,2,80.0,89.7,90.5,81.4,13,19.6,63.3,31,17.0,49,73.5,8.38,0,0,11.0,Yes,77.8,71.5,Good,Low
STU102338,18,Female,AI&DS,3,84.9,64.3,76.6,49.2,13,14.7,55.9,25,15.0,51,71.4,,0,4,18.0,No,61.9,63.1,Average,Medium
STU102339,20,Female,MECH,7,75.4,77.8,58.2,72.2,13,13.8,66.3,22,15.0,35,54.5,6.0,2,4,12.0,Yes,69.2,59.3,Average,Medium
STU102340,19,Female,EEE,7,79.3,74.7,59.2,37.7,13,16.6,60.4,34,14.0,41,58.4,6.47,2,3,10.0,Yes,69.4,53.9,Average,Medium
STU102341,18,Male,AI&DS,2,76.8,69.7,88.4,92.2,16,19.0,93.6,30,23.0,45,71.3,7.51,0,2,14.0,No,84.5,83.1,Excellent,Low
STU102342,24,Male,ECE,6,66.5,70.8,66.6,62.4,12,16.9,48.2,26,9.0,44,53.9,4.72,1,6,8.0,Yes,65.6,44.3,Poor,High
STU102343,19,Male,MECH,7,70.8,31.3,57.5,40.0,11,4.2,50.0,14,17.0,15,58.9,4.84,1,3,7.0,Yes,57.4,40.3,Poor,High
STU102344,21,Male,EEE,2,63.7,63.1,77.4,63.3,9,14.2,55.4,20,11.0,11,70.6,,3,4,7.0,Yes,60.5,60.4,Average,Medium
STU102345,23,Male,ECE,2,81.8,76.7,64.3,57.5,10,12.0,56.1,21,15.0,39,59.5,7.78,1,3,9.0,No,62.5,75.2,Good,Low
STU102346,21,Female,AI&DS,3,72.8,59.7,69.7,58.5,10,11.7,49.2,18,8.0,26,43.8,5.89,1,2,6.0,Yes,70.2,53.8,Average,Medium
STU102347,20,Male,CSE,3,71.5,57.1,70.9,57.9,10,21.3,63.6,25,12.0,30,53.3,6.26,1,2,9.0,No,66.8,47.4,Poor,High
STU102348,23,Female,CIVIL,3,69.9,53.2,61.1,53.8,12,10.7,61.8,19,9.0,33,45.3,5.44,0,2,3.0,No,47.0,59.9,Average,Medium
STU102349,22,Male,CIVIL,7,93.1,73.1,71.0,75.7,16,26.2,97.2,45,24.0,42,66.4,8.72,1,2,16.0,No,87.1,66.4,Good,Low
STU102350,18,Other,EEE,3,74.2,73.8,66.9,65.4,17,13.0,58.8,30,22.0,57,67.2,7.65,1,4,11.0,Yes,60.7,55.2,Average,Medium
STU102351,23,Female,EEE,5,64.3,76.3,85.9,69.8,15,13.4,66.5,25,22.0,34,60.3,7.94,0,4,10.0,Yes,63.2,70.9,Good,Low
STU102352,18,Male,CSE,4,73.5,51.5,76.0,53.7,7,12.5,50.6,16,11.0,36,51.9,7.02,1,5,13.0,No,63.8,50.9,Average,Medium
STU102353,23,Male,ECE,4,54.3,64.5,46.7,43.9,9,12.3,67.9,12,11.0,26,44.0,6.25,2,3,3.0,Yes,66.5,47.0,Poor,High
STU102354,18,Female,ECE,8,65.0,61.0,52.9,70.1,8,13.0,66.4,20,15.0,42,52.3,6.43,1,1,6.0,No,77.1,65.9,Good,Low
STU102355,18,Female,ECE,4,60.1,50.1,69.4,50.4,7,11.9,49.5,20,17.0,56,52.5,6.72,3,4,6.0,No,50.5,66.8,Good,Low
STU102356,18,Male,AI&DS,3,63.9,33.6,56.3,27.5,6,1.0,56.5,13,11.0,9,42.6,5.85,2,2,11.0,Yes,45.2,26.5,Poor,High
STU102357,23,Male,CSE,3,68.7,60.3,61.6,56.6,7,10.5,53.3,15,8.0,24,42.4,6.91,0,3,2.0,No,65.8,47.1,Poor,High
STU102358,21,Other,IT,8,72.3,83.4,64.3,63.1,12,20.4,72.4,24,16.0,35,71.5,5.93,1,3,10.0,No,70.6,57.5,Average,Medium
STU102359,22,Female,EEE,7,87.7,72.5,69.0,68.2,14,11.9,82.8,41,17.0,61,77.0,7.83,0,3,12.0,No,69.9,83.9,Excellent,Low
STU102360,19,Female,IT,5,75.8,76.6,86.7,81.7,16,15.3,78.5,36,27.0,61,94.9,8.24,0,0,14.0,No,67.8,76.9,Good,Low
STU102361,18,Male,MECH,5,67.1,69.0,70.6,71.2,7,18.2,53.1,23,15.0,45,46.0,8.65,1,3,5.0,No,66.5,71.6,Good,Low
STU102362,23,Female,CIVIL,5,60.7,70.9,38.6,55.2,10,8.8,52.7,12,13.0,20,64.0,4.96,1,2,5.0,Yes,61.5,50.2,Average,Medium
STU102363,23,Female,CSE,6,65.3,61.6,54.8,57.5,7,8.5,46.4,15,10.0,35,56.7,6.56,0,2,8.0,No,57.4,47.0,Poor,High
STU102364,23,Male,CSE,6,78.9,68.9,88.4,60.0,13,16.2,70.0,22,19.0,31,57.8,9.24,2,2,10.0,No,84.5,65.4,Good,Low
STU102365,18,Female,EEE,2,87.7,94.2,84.2,76.5,13,22.3,74.5,28,18.0,40,67.5,7.94,0,1,13.0,No,87.0,72.0,Good,Low
STU102366,24,Male,EEE,7,90.9,83.9,79.6,82.8,20,16.6,83.2,30,19.0,65,82.3,8.4,2,0,20.0,No,90.3,86.7,Excellent,Low
STU102367,21,Male,CSE,7,89.4,74.5,75.7,55.2,13,18.1,76.6,34,16.0,52,,8.09,1,1,14.0,No,71.6,76.1,Good,Low
STU102368,19,Female,EEE,8,71.0,62.2,76.8,45.0,15,16.4,64.4,28,17.0,41,58.2,5.52,1,1,13.0,No,64.9,45.3,Poor,High
STU102369,19,Female,CSE,4,86.8,45.2,83.0,52.4,15,15.3,68.7,24,26.0,30,63.5,6.28,0,2,14.0,Yes,65.9,62.4,Average,Medium
STU102370,21,Female,CSE,2,78.0,70.7,80.9,66.5,12,17.5,78.2,28,21.0,47,76.0,7.3,2,1,11.0,No,70.9,65.0,Good,Low
STU102371,22,Female,IT,4,55.4,48.1,73.9,57.8,10,15.4,46.8,28,16.0,21,56.1,6.04,0,6,4.0,No,43.7,51.9,Average,Medium
STU102372,18,Male,EEE,4,58.7,61.0,61.9,42.5,9,11.5,41.5,19,17.0,30,30.8,6.27,1,0,5.0,No,57.6,43.9,Poor,High
STU102373,21,Male,AI&DS,6,63.4,58.7,42.9,51.0,10,8.8,50.5,12,10.0,34,61.4,6.71,0,2,9.0,No,62.8,57.4,Average,Medium
STU102374,19,Female,CSE,3,76.3,84.6,82.8,74.7,14,16.8,59.2,34,20.0,46,67.5,8.26,0,0,8.0,No,59.6,64.9,Average,Medium
STU102375,24,Male,IT,2,69.9,61.6,73.0,58.1,15,16.4,89.2,38,17.0,56,75.8,6.12,1,2,13.0,Yes,72.1,51.5,Average,Medium
STU102376,22,Female,IT,3,63.2,30.9,47.3,28.7,7,2.8,46.2,24,11.0,8,59.0,4.25,1,6,7.0,Yes,33.3,33.8,Poor,High
STU102377,20,Male,AI&DS,6,74.1,81.7,80.6,59.7,14,7.9,57.6,24,16.0,36,75.5,7.0,0,7,9.0,No,69.7,62.8,Average,Medium
STU102378,20,Male,ECE,3,45.1,50.7,54.0,52.1,8,11.4,46.5,33,13.0,13,69.9,5.73,1,5,10.0,No,61.8,39.1,Poor,High
STU102379,23,Male,EEE,6,67.2,66.3,68.2,59.7,11,11.0,83.5,29,11.0,37,60.8,6.42,1,3,12.0,No,71.7,57.0,Average,Medium
STU102380,22,Male,CSE,6,77.0,48.9,53.6,51.9,6,18.7,40.8,17,8.0,27,56.5,5.61,2,5,10.0,Yes,63.7,55.6,Average,Medium
STU102381,20,Male,ECE,5,57.8,65.2,55.9,42.3,10,12.4,42.2,18,15.0,25,41.2,5.88,2,2,9.0,Yes,53.0,46.6,Poor,High
STU102382,23,Female,CSE,2,65.4,56.1,76.9,87.0,9,18.3,66.8,28,18.0,46,65.7,6.27,0,4,12.0,No,77.4,56.8,Average,Medium
STU102383,22,Male,AI&DS,2,67.7,64.9,68.4,49.4,14,7.8,81.0,36,18.0,44,79.1,5.9,1,4,6.0,Yes,56.1,46.0,Poor,High
STU102384,18,Female,EEE,7,91.7,66.7,81.9,72.8,15,14.9,68.0,28,22.0,38,71.9,6.44,2,4,10.0,No,71.3,68.3,Good,Low
STU102385,22,Female,AI&DS,6,77.0,69.5,71.6,63.1,11,16.6,58.9,24,18.0,42,89.9,7.54,0,2,11.0,No,62.7,58.5,Average,Medium
STU102386,24,Female,EEE,7,57.1,60.1,68.3,52.5,8,15.0,37.9,15,19.0,42,57.9,5.72,2,4,7.0,Yes,48.4,50.5,Average,Medium
STU102387,24,Female,AI&DS,8,53.8,33.3,46.9,43.3,5,7.5,35.2,2,7.0,29,31.9,4.56,1,4,2.0,Yes,52.9,37.6,Poor,High
STU102388,18,Female,ECE,4,77.4,67.7,69.6,65.6,12,13.0,69.4,28,19.0,41,39.1,6.9,1,2,11.0,No,72.3,68.8,Good,Low
STU102389,24,Female,IT,8,88.3,82.3,92.5,72.7,13,20.3,82.2,35,18.0,49,74.7,7.11,2,2,19.0,No,83.6,75.4,Good,Low
STU102390,24,Male,ECE,4,73.8,,75.8,63.0,16,11.8,75.5,25,19.0,39,86.7,5.44,1,3,12.0,No,75.6,60.3,Average,Medium
STU102391,19,Male,ECE,8,63.1,45.2,64.6,39.2,10,5.6,59.0,19,10.0,6,61.8,4.81,2,3,8.0,Yes,66.0,50.1,Average,Medium
STU102392,22,Female,ECE,6,91.7,75.4,71.3,65.5,13,16.0,71.8,25,19.0,28,76.2,,1,1,11.0,No,66.1,64.5,Average,Medium
STU102393,23,Female,CIVIL,3,77.6,59.3,66.0,,10,9.1,65.9,28,,22,59.1,5.13,2,1,10.0,No,52.4,53.9,Average,Medium
STU102394,18,Female,MECH,2,76.4,71.0,73.1,52.3,13,13.4,47.8,20,15.0,30,57.7,6.23,1,2,10.0,No,60.5,62.8,Average,Medium
STU102395,23,Female,CSE,8,77.8,43.0,74.5,67.2,15,10.0,67.4,15,20.0,28,64.8,4.9,2,1,11.0,Yes,66.3,58.0,Average,Medium
STU102396,20,Male,CSE,4,71.0,50.9,59.7,51.4,9,13.0,,19,16.0,18,46.3,5.54,1,3,5.0,No,50.8,54.1,Average,Medium
STU102397,20,Male,EEE,8,80.3,61.7,74.3,53.4,15,16.5,76.8,24,21.0,34,65.8,4.84,1,0,9.0,No,83.6,53.1,Average,Medium
STU102398,19,Female,CIVIL,3,74.2,53.5,74.4,66.7,12,16.1,83.1,21,14.0,34,65.9,7.14,1,5,10.0,Yes,70.0,77.7,Good,Low
STU102399,21,Female,CSE,5,65.3,44.9,51.4,60.5,12,12.1,49.4,21,16.0,25,59.9,6.09,2,3,7.0,No,57.1,47.0,Poor,High
STU102400,23,Female,ECE,3,69.4,80.4,69.1,70.6,13,8.5,74.5,30,21.0,38,70.7,6.83,3,5,9.0,No,70.5,54.2,Average,Medium
STU102401,23,Female,EEE,2,69.9,49.5,51.6,,6,10.6,51.5,13,12.0,17,54.3,6.09,2,2,2.0,No,57.1,49.7,Poor,High
STU102402,19,Male,ECE,5,73.9,65.7,60.5,52.6,13,16.8,71.0,21,13.0,46,78.4,8.36,1,6,10.0,No,68.4,59.5,Average,Medium
STU102403,23,Male,MECH,5,77.2,61.5,79.7,55.6,12,18.9,63.9,17,17.0,40,61.1,6.75,0,3,7.0,No,63.6,60.8,Average,Medium
STU102404,23,Male,AI&DS,3,73.7,62.6,74.0,49.5,7,11.7,45.1,14,10.0,18,68.5,6.0,0,0,8.0,No,61.0,53.4,Average,Medium
STU102405,18,Male,EEE,4,66.7,56.2,72.0,53.9,6,14.5,57.5,21,17.0,33,59.8,5.34,0,4,12.0,No,,59.6,Average,Medium
STU102406,20,Female,CIVIL,4,65.6,63.8,67.8,42.1,9,10.0,62.7,22,12.0,17,45.5,6.02,0,4,2.0,Yes,53.6,62.5,Average,Medium
STU102407,18,Female,IT,3,97.5,66.3,79.2,69.6,14,7.5,80.5,30,27.0,43,94.1,7.11,1,4,14.0,No,81.9,63.8,Average,Medium
STU102408,24,Female,EEE,7,69.6,64.7,64.5,54.1,16,12.1,,34,12.0,31,68.9,7.12,1,2,8.0,No,65.6,65.1,Good,Low
STU102409,21,Female,AI&DS,4,52.5,25.4,66.3,43.0,13,4.1,64.4,20,,35,62.8,4.0,2,5,7.0,Yes,32.9,26.6,Poor,High
STU102410,19,Male,MECH,6,68.7,46.7,72.2,74.3,5,9.6,68.1,20,16.0,36,38.4,5.39,2,3,6.0,No,60.6,49.4,Poor,High
STU102411,24,Female,CIVIL,7,74.5,65.7,73.2,50.4,13,14.2,53.6,21,8.0,22,60.4,5.81,1,1,6.0,No,55.7,59.5,Average,Medium
STU102412,22,Male,ECE,4,95.8,90.2,86.5,75.4,14,19.4,75.2,34,,59,76.9,8.52,0,2,16.0,No,88.0,90.5,Excellent,Low
STU102413,24,Male,AI&DS,2,69.4,51.5,62.6,43.5,13,7.3,74.1,23,18.0,26,62.8,5.74,3,3,11.0,Yes,59.2,41.5,Poor,High
STU102414,23,Male,CSE,2,67.3,60.0,71.1,54.8,14,7.7,56.4,25,14.0,22,70.4,5.3,2,3,10.0,No,62.4,53.9,Average,Medium
STU102415,24,Male,MECH,6,79.7,66.0,66.2,70.7,16,17.7,74.4,31,18.0,36,74.0,7.03,1,3,9.0,No,73.1,65.0,Average,Medium
STU102416,19,Male,ECE,2,63.4,86.0,62.2,77.1,14,14.5,59.2,27,11.0,21,60.0,7.27,1,5,7.0,Yes,73.2,52.4,Average,Medium
STU102417,19,Female,CSE,2,51.5,48.0,78.3,56.0,6,13.4,49.1,11,14.0,14,53.9,6.81,2,2,11.0,Yes,50.9,64.0,Average,Medium
STU102418,18,Female,EEE,5,56.3,57.1,55.2,68.4,7,7.5,43.3,16,7.0,25,50.5,6.39,1,3,6.0,Yes,63.8,62.0,Average,Medium
STU102419,20,Male,IT,3,75.9,91.1,67.5,64.7,10,13.3,50.3,18,5.0,16,67.1,7.81,2,2,13.0,No,84.7,52.9,Average,Medium
STU102420,21,Female,CSE,4,68.3,36.1,65.1,40.6,12,4.3,,30,18.0,22,70.1,5.74,3,3,11.0,No,54.1,39.5,Poor,High
STU102421,21,Male,ECE,6,56.7,54.0,66.4,44.8,11,5.4,60.9,10,14.0,16,45.2,4.0,3,4,7.0,Yes,52.5,50.1,Average,Medium
STU102422,22,Female,IT,7,74.5,66.8,53.0,55.3,9,18.6,56.8,21,15.0,38,58.1,5.68,2,3,8.0,No,68.5,52.6,Average,Medium
STU102423,23,Female,IT,4,81.7,77.4,91.0,75.0,15,16.3,82.4,36,19.0,25,58.7,7.18,1,0,10.0,No,72.6,91.1,Excellent,Low
STU102424,23,Male,AI&DS,2,68.6,76.7,68.5,70.0,10,10.8,81.5,29,21.0,27,76.6,4.82,2,1,10.0,Yes,74.3,57.1,Average,Medium
STU102425,21,Female,CSE,3,66.5,54.0,54.5,53.9,13,9.4,48.2,22,12.0,30,41.6,6.99,1,2,10.0,No,56.6,45.6,Poor,High
STU102426,19,Male,ECE,7,76.3,75.4,64.6,57.4,17,16.1,77.5,26,15.0,23,63.0,6.86,1,1,14.0,No,,63.6,Average,Medium
STU102427,21,Male,AI&DS,2,75.1,87.8,91.0,81.2,10,18.0,64.1,30,24.0,47,66.7,8.05,0,3,9.0,No,71.0,76.5,Good,Low
STU102428,24,Male,ECE,3,71.8,53.4,62.5,55.7,13,13.9,67.6,25,15.0,21,63.8,6.06,2,3,9.0,Yes,67.9,57.8,Average,Medium
STU102429,23,Male,EEE,8,71.3,89.9,65.3,70.0,10,12.5,59.0,24,17.0,42,61.9,6.58,1,5,6.0,No,73.4,60.9,Average,Medium
STU102430,24,Male,CIVIL,4,79.7,71.2,73.2,80.3,18,18.4,97.0,29,22.0,49,88.0,9.22,0,0,12.0,No,83.0,67.3,Good,Low
STU102431,21,Male,EEE,2,73.2,62.7,61.4,42.2,10,3.5,55.8,27,12.0,26,48.7,5.5,2,2,10.0,Yes,62.1,60.6,Average,Medium
STU102432,23,Male,IT,8,75.8,54.3,77.1,65.0,14,12.7,65.4,28,22.0,49,79.1,6.12,2,2,11.0,No,63.4,70.8,Good,Low
STU102433,20,Male,MECH,7,65.5,32.5,70.9,45.9,10,14.8,64.8,36,14.0,34,66.0,5.23,2,3,13.0,Yes,47.8,64.0,Average,Medium
STU102434,18,Female,ECE,7,85.6,64.8,61.9,51.6,12,10.6,53.5,16,15.0,17,54.9,6.14,1,3,9.0,Yes,66.1,50.9,Average,Medium
STU102435,23,Female,CSE,6,46.8,60.5,46.1,42.0,6,12.1,52.5,18,9.0,24,42.3,7.63,0,4,4.0,No,50.2,44.3,Poor,High
STU102436,18,Female,CIVIL,5,65.9,66.0,73.2,28.3,9,7.5,36.6,14,7.0,22,54.8,6.67,1,4,2.0,Yes,48.0,50.6,Average,Medium
STU102437,22,Female,MECH,6,66.5,65.3,63.4,54.8,9,9.3,53.6,19,10.0,21,44.1,5.65,3,1,7.0,No,68.6,42.6,Poor,High
STU102438,24,Female,AI&DS,2,95.8,70.2,62.8,,9,20.4,68.7,28,16.0,29,79.4,6.35,1,3,10.0,No,70.6,70.2,Good,Low
STU102439,18,Female,AI&DS,2,75.7,77.5,66.7,86.7,13,18.4,53.7,25,14.0,29,73.8,7.77,0,0,7.0,Yes,72.1,76.5,Good,Low
STU102440,23,Female,EEE,6,68.9,65.3,70.6,43.9,11,7.0,56.3,24,14.0,34,44.1,6.79,2,1,9.0,Yes,67.4,38.9,Poor,High
STU102441,24,Female,CSE,5,76.5,75.7,71.0,79.4,10,23.3,58.2,26,19.0,33,68.0,6.58,0,2,11.0,No,73.2,72.5,Good,Low
STU102442,22,Female,CIVIL,7,94.3,59.5,88.2,68.3,17,11.5,76.7,34,25.0,65,77.1,5.48,0,3,16.0,No,59.6,58.5,Average,Medium
STU102443,22,Female,AI&DS,8,62.4,46.9,56.0,31.0,6,15.7,50.2,8,10.0,34,14.9,5.4,2,4,10.0,No,43.8,41.8,Poor,High
STU102444,24,Female,EEE,3,69.9,76.1,72.2,46.2,10,13.1,53.4,17,9.0,33,58.4,6.89,1,5,5.0,No,63.5,46.8,Poor,High
STU102445,23,Male,AI&DS,4,85.7,82.2,62.3,61.4,13,12.4,68.1,26,15.0,44,57.8,6.87,0,1,7.0,No,81.6,64.2,Average,Medium
STU102446,18,Female,ECE,3,76.2,98.9,86.1,94.6,17,18.7,84.9,37,22.0,54,84.5,7.62,1,2,12.0,No,84.9,69.8,Good,Low
STU102447,23,Male,CIVIL,7,60.3,56.7,66.0,57.5,10,8.9,74.0,21,10.0,27,59.7,6.8,2,2,9.0,Yes,56.7,47.7,Poor,High
STU102448,23,Male,AI&DS,5,51.4,52.8,74.8,49.7,10,9.1,53.2,14,8.0,28,59.5,6.17,1,4,4.0,No,59.5,32.1,Poor,High
STU102449,19,Male,CSE,4,83.8,79.5,73.4,79.5,14,16.7,69.1,37,21.0,36,80.1,6.81,1,2,13.0,No,75.1,74.9,Good,Low
STU102450,22,Female,CSE,7,78.1,63.6,78.0,71.5,17,17.3,78.6,33,19.0,38,54.3,6.44,2,1,14.0,No,66.1,72.6,Good,Low
STU102451,23,Male,CSE,5,51.0,71.1,51.5,39.7,13,16.0,65.1,24,17.0,49,58.7,5.64,1,2,5.0,No,45.8,42.3,Poor,High
STU102452,23,Male,ECE,5,75.2,56.8,68.2,64.9,9,13.3,51.3,21,17.0,27,38.5,6.41,0,4,9.0,No,58.5,51.0,Average,Medium
STU102453,24,Male,CSE,7,77.9,65.3,78.8,56.5,12,14.3,78.7,22,11.0,45,56.4,7.82,1,3,12.0,No,75.0,53.3,Average,Medium
STU102454,23,Female,ECE,3,55.1,56.8,59.2,40.7,10,6.5,35.6,10,17.0,35,69.3,6.61,2,6,3.0,Yes,49.4,45.8,Poor,High
STU102455,18,Male,MECH,6,55.5,51.8,61.7,52.7,14,10.3,52.5,22,15.0,23,57.7,5.62,1,3,7.0,No,53.5,58.2,Average,Medium
STU102456,21,Female,IT,8,82.7,55.3,68.1,62.2,13,11.8,60.4,20,17.0,20,42.6,8.31,1,4,6.0,Yes,75.4,65.2,Good,Low
STU102457,19,Female,AI&DS,8,95.5,83.2,100.0,66.4,13,11.8,86.1,29,22.0,62,75.5,9.0,1,5,13.0,No,80.1,77.5,Good,Low
STU102458,18,Female,IT,8,65.9,46.4,57.3,37.9,10,18.4,70.1,25,13.0,34,79.2,5.19,1,5,6.0,Yes,44.4,52.8,Average,Medium
STU102459,19,Female,IT,3,69.2,50.0,63.7,37.2,10,10.0,74.0,23,11.0,28,56.2,4.21,0,5,17.0,No,60.9,48.2,Poor,High
STU102460,24,Male,EEE,6,65.6,45.9,59.8,51.5,14,9.2,62.9,27,15.0,33,41.4,4.76,3,5,11.0,Yes,48.1,45.9,Poor,High
STU102461,22,Other,MECH,6,73.0,36.9,54.3,47.4,12,14.0,69.4,20,6.0,33,58.4,6.2,2,4,8.0,Yes,62.5,56.3,Average,Medium
STU102462,23,Female,ECE,2,66.8,42.3,65.1,54.6,7,1.3,56.9,17,17.0,32,73.0,6.3,2,3,7.0,No,51.0,57.0,Average,Medium
STU102463,21,Male,CSE,5,73.2,63.3,72.2,65.0,12,19.2,68.9,27,15.0,48,63.1,6.75,1,5,10.0,No,66.6,63.8,Average,Medium
STU102464,20,Male,IT,3,73.1,62.5,71.0,43.2,9,7.5,55.1,14,15.0,29,75.2,6.01,3,3,8.0,Yes,59.3,55.9,Average,Medium
STU102465,21,Female,IT,5,78.8,54.5,88.4,51.9,15,10.1,84.3,31,18.0,45,82.0,6.04,1,2,13.0,No,53.6,61.5,Average,Medium
STU102466,24,Female,AI&DS,6,70.5,51.2,68.0,53.8,13,10.3,74.6,32,20.0,44,87.4,6.16,1,2,9.0,No,57.1,56.0,Average,Medium
STU102467,20,Female,CSE,6,75.6,66.2,73.2,58.3,12,16.0,68.5,24,18.0,22,66.1,6.5,0,3,12.0,No,66.6,75.9,Good,Low
STU102468,20,Female,CSE,7,89.1,84.6,92.8,75.1,15,24.4,72.7,32,24.0,47,73.9,7.39,0,2,10.0,No,75.2,75.7,Good,Low
STU102469,23,Female,ECE,6,57.8,74.3,61.4,68.0,12,18.8,73.3,21,19.0,29,69.0,8.64,0,1,6.0,Yes,70.5,73.5,Good,Low
STU102470,20,Female,IT,5,71.4,65.3,64.9,57.8,8,11.6,57.2,20,10.0,19,54.8,7.34,2,6,11.0,No,63.8,50.9,Average,Medium
STU102471,24,Male,CSE,8,67.0,53.1,71.5,54.3,8,5.4,65.2,25,14.0,27,56.3,6.74,1,3,13.0,No,54.8,50.9,Average,Medium
STU102472,24,Male,EEE,4,76.4,68.4,70.4,48.9,12,11.9,71.1,21,16.0,25,66.3,6.05,2,3,10.0,No,61.7,57.4,Average,Medium
STU102473,18,Male,CIVIL,4,95.9,69.5,74.8,56.2,13,13.5,86.0,37,18.0,49,95.0,6.5,0,4,13.0,No,79.5,64.5,Average,Medium
STU102474,22,Male,AI&DS,8,82.4,,62.3,73.1,14,8.9,74.8,31,20.0,24,48.9,6.06,1,1,11.0,No,71.7,68.8,Good,Low
STU102475,18,Male,EEE,8,69.3,49.8,83.6,39.9,9,12.2,59.0,23,12.0,37,41.1,5.6,1,5,7.0,No,48.3,53.6,Average,Medium
STU102476,24,Male,ECE,4,86.7,62.5,78.7,42.2,13,13.4,58.5,13,16.0,30,77.4,6.79,0,1,12.0,Yes,68.5,73.0,Good,Low
STU102477,18,Female,CSE,8,67.4,47.9,60.7,31.9,8,9.2,35.6,13,8.0,21,41.0,4.0,3,4,3.0,Yes,49.9,44.7,Poor,High
STU102478,24,Male,ECE,8,73.7,47.6,62.8,68.2,16,15.4,77.4,40,20.0,40,63.7,6.53,2,5,14.0,Yes,67.1,59.7,Average,Medium
STU102479,23,Female,CSE,7,61.9,77.3,65.3,64.7,10,15.5,60.9,13,13.0,31,64.0,7.04,1,5,7.0,Yes,61.6,63.8,Average,Medium
STU102480,21,Female,MECH,5,73.2,61.3,86.7,48.1,13,12.6,91.7,36,21.0,35,68.6,6.84,2,2,10.0,Yes,61.2,58.4,Average,Medium
STU102481,19,Male,AI&DS,7,75.8,54.8,73.3,89.1,18,21.6,75.3,17,20.0,46,66.2,8.69,0,0,10.0,No,72.2,68.5,Good,Low
STU102482,19,Male,CIVIL,6,67.9,56.6,57.9,53.1,9,9.4,60.9,26,10.0,27,50.6,5.28,0,0,6.0,No,52.7,40.8,Poor,High
STU102483,21,Male,EEE,2,67.3,63.4,78.9,71.9,14,12.2,60.1,18,17.0,29,61.4,6.56,0,5,11.0,No,59.8,62.3,Average,Medium
STU102484,23,Female,IT,2,74.6,56.6,72.2,56.8,13,13.1,50.3,24,14.0,30,37.1,6.26,0,0,10.0,No,52.9,69.5,Good,Low
STU102485,24,Female,MECH,8,73.8,76.2,63.3,60.5,10,13.7,39.5,25,14.0,31,47.4,5.84,1,3,5.0,No,74.2,52.4,Average,Medium
STU102486,21,Male,MECH,3,62.5,71.0,70.5,52.2,17,15.9,67.6,26,20.0,48,87.4,6.16,1,1,14.0,Yes,70.5,58.6,Average,Medium
STU102487,19,Female,AI&DS,3,88.2,64.8,69.2,33.3,13,13.0,63.9,37,18.0,47,73.0,6.84,1,0,10.0,Yes,65.4,56.2,Average,Medium
STU102488,21,Female,ECE,8,81.3,71.4,71.1,71.4,16,14.0,84.4,26,22.0,48,71.3,6.35,2,1,12.0,No,68.6,73.9,Good,Low
STU102489,23,Male,MECH,4,89.9,82.4,84.0,65.2,18,22.5,90.0,39,27.0,58,72.4,8.15,0,0,14.0,No,62.0,79.8,Good,Low
STU102490,21,Female,MECH,7,75.9,50.7,69.7,66.3,8,9.1,51.7,18,15.0,46,55.0,5.97,2,4,10.0,Yes,64.2,56.3,Average,Medium
STU102491,24,Male,MECH,7,84.1,92.1,69.2,77.4,13,24.0,65.5,35,19.0,36,47.4,6.42,0,3,11.0,No,75.2,77.7,Good,Low
STU102492,18,Male,CSE,5,70.8,57.2,79.8,55.0,8,10.4,58.1,31,20.0,36,63.1,5.54,1,2,9.0,No,57.8,46.5,Poor,High
STU102493,21,Female,CSE,6,80.3,84.5,73.8,57.2,12,14.1,55.5,21,16.0,28,63.6,7.17,2,0,10.0,No,84.6,71.2,Good,Low
STU102494,18,Male,CSE,5,78.6,50.5,74.8,51.0,11,12.8,50.6,30,3.0,23,65.7,6.2,1,4,10.0,No,47.0,58.0,Average,Medium
STU102495,22,Female,CSE,5,82.2,79.1,77.5,77.3,16,17.9,52.7,32,17.0,47,84.9,7.17,0,1,10.0,No,72.8,70.1,Good,Low
STU102496,22,Female,CIVIL,2,79.1,76.4,68.5,85.1,12,17.4,65.4,30,20.0,22,82.8,8.88,0,0,15.0,No,73.0,73.0,Good,Low
STU102497,20,Male,EEE,2,68.1,37.8,71.6,49.2,11,13.3,49.1,17,16.0,30,58.6,6.6,1,5,11.0,No,52.6,42.0,Poor,High
STU102498,23,Female,ECE,7,40.7,46.8,48.9,19.1,8,3.1,54.6,11,14.0,12,39.0,5.38,2,3,4.0,No,44.4,37.9,Poor,High
STU102499,24,Male,CSE,7,82.4,61.9,80.4,62.2,19,10.7,90.0,37,16.0,30,71.6,5.94,1,2,9.0,Yes,66.1,79.7,Good,Low
STU102500,21,Male,CIVIL,2,67.2,68.4,65.3,67.8,9,10.1,37.5,16,11.0,40,53.4,7.33,0,4,5.0,No,60.9,54.8,Average,Medium
STU102501,21,Male,CSE,4,79.0,44.2,63.0,71.6,13,16.1,80.0,34,20.0,35,80.4,8.81,0,2,13.0,Yes,65.1,63.2,Average,Medium
STU102502,19,Female,AI&DS,4,82.2,63.3,70.8,61.3,12,,75.3,24,15.0,40,54.4,7.46,2,1,9.0,No,68.4,63.0,Average,Medium
STU102503,18,Female,CIVIL,2,65.0,73.9,63.8,67.1,15,8.7,56.2,33,16.0,46,65.3,7.01,1,1,11.0,Yes,71.6,58.3,Average,Medium
STU102504,20,Male,MECH,4,77.8,60.0,75.4,62.3,14,12.5,50.2,22,16.0,45,54.3,7.68,1,3,15.0,No,62.8,52.2,Average,Medium
STU102505,21,Male,CSE,8,77.6,76.1,81.3,71.0,16,16.2,90.2,23,21.0,69,79.7,9.01,0,1,10.0,No,79.8,73.4,Good,Low
STU102506,23,Other,CSE,6,72.8,65.4,88.5,92.5,13,17.5,70.1,23,24.0,40,64.4,7.54,1,3,11.0,No,,67.5,Good,Low
STU102507,24,Female,ECE,8,82.9,68.4,82.2,73.8,14,13.0,85.4,33,19.0,36,92.5,8.07,0,0,16.0,No,75.9,87.0,Excellent,Low
STU102508,18,Male,EEE,4,92.7,67.0,73.0,62.9,17,13.6,75.5,31,19.0,63,71.2,6.45,2,3,11.0,No,67.8,64.9,Average,Medium
STU102509,19,Male,AI&DS,7,89.7,57.5,81.7,78.5,15,13.2,94.6,35,23.0,46,83.2,8.15,2,4,10.0,No,76.9,75.6,Good,Low
STU102510,21,Male,EEE,8,85.4,65.5,77.0,62.3,12,15.1,72.4,31,18.0,36,55.2,6.63,1,3,11.0,Yes,62.9,57.9,Average,Medium
STU102511,20,Male,AI&DS,5,82.7,59.6,75.7,,7,9.9,53.5,15,,36,61.5,5.03,1,3,12.0,No,70.0,61.2,Average,Medium
STU102512,22,Female,EEE,7,86.6,84.2,69.0,70.8,12,19.1,72.5,29,20.0,50,86.9,8.04,1,0,15.0,Yes,78.7,81.0,Excellent,Low
STU102513,20,Female,MECH,3,62.3,74.5,70.2,51.2,15,12.5,62.8,25,19.0,38,59.3,6.73,1,0,8.0,No,59.2,75.9,Good,Low
STU102514,20,Female,CIVIL,8,82.7,72.1,80.0,65.5,9,11.1,64.2,27,15.0,44,64.8,7.14,1,0,9.0,No,64.4,76.6,Good,Low
STU102515,21,Male,CSE,8,51.3,38.2,41.0,55.3,11,11.1,45.8,12,9.0,16,36.6,6.55,0,2,1.0,Yes,66.5,46.8,Poor,High
STU102516,22,Female,CSE,5,80.6,53.0,60.9,44.0,6,6.6,44.6,11,6.0,9,39.0,4.96,2,4,6.0,Yes,57.3,46.9,Poor,High
STU102517,18,Female,CSE,2,61.7,52.6,66.9,67.0,12,15.9,,21,16.0,36,70.2,7.99,2,5,11.0,Yes,57.1,55.7,Average,Medium
STU102518,24,Female,CSE,4,72.4,89.5,79.0,83.6,17,23.1,91.1,23,16.0,30,95.3,7.74,0,0,13.0,Yes,76.0,77.0,Good,Low
STU102519,20,Male,AI&DS,4,51.4,64.4,68.6,72.8,9,16.0,70.8,19,14.0,17,63.5,8.1,1,3,7.0,Yes,74.4,70.8,Good,Low
STU102520,19,Male,CSE,8,63.1,55.2,72.0,34.8,13,7.2,64.1,26,19.0,44,48.9,4.76,1,3,10.0,No,53.7,54.4,Average,Medium
STU102521,22,Male,CIVIL,2,75.4,73.8,86.6,66.9,10,12.9,80.3,19,18.0,20,62.5,5.47,1,3,6.0,No,71.9,69.9,Good,Low
STU102522,18,Male,CIVIL,2,90.8,74.3,86.8,64.4,15,18.6,96.9,28,22.0,51,91.1,8.25,0,4,14.0,No,81.9,75.2,Good,Low
STU102523,22,Female,MECH,7,63.5,61.3,58.4,57.6,13,15.7,60.8,23,22.0,43,32.6,7.03,0,2,11.0,No,59.9,52.1,Average,Medium
STU102524,18,Female,AI&DS,8,67.2,44.8,76.1,45.8,8,7.0,46.2,10,6.0,25,45.0,4.53,1,4,6.0,Yes,51.0,50.3,Average,Medium
STU102525,19,Male,MECH,3,90.3,100.0,80.0,71.2,17,20.6,81.4,25,27.0,55,83.5,9.05,1,0,15.0,No,91.4,79.0,Good,Low
STU102526,23,Female,EEE,2,86.7,84.7,91.1,56.2,18,11.6,91.0,23,19.0,39,99.2,6.89,0,3,9.0,No,82.1,82.8,Excellent,Low
STU102527,20,Female,MECH,8,76.4,55.2,69.7,57.0,11,14.1,52.2,28,16.0,24,59.9,5.76,2,2,6.0,No,59.3,46.5,Poor,High
STU102528,24,Female,CSE,7,71.1,51.7,55.2,67.0,11,8.0,33.6,12,8.0,22,61.0,6.47,1,4,4.0,No,60.4,55.7,Average,Medium
STU102529,20,Female,IT,7,80.9,70.7,80.8,86.4,14,16.4,71.3,33,20.0,46,68.8,8.48,1,1,14.0,Yes,82.8,77.2,Good,Low
STU102530,22,Female,AI&DS,7,60.1,51.1,67.0,62.0,10,8.1,44.0,22,16.0,13,58.2,7.46,0,3,6.0,Yes,64.6,61.4,Average,Medium
STU102531,18,Female,AI&DS,8,85.5,72.7,91.5,65.2,17,17.8,72.0,42,20.0,55,82.6,6.72,1,3,13.0,No,69.9,85.8,Excellent,Low
STU102532,24,Male,AI&DS,6,81.1,65.4,69.7,64.2,11,17.0,63.2,27,21.0,37,81.8,6.64,2,2,11.0,No,66.7,64.2,Average,Medium
STU102533,22,Female,AI&DS,2,68.8,63.6,70.8,86.3,15,11.9,70.0,27,19.0,41,87.8,6.44,3,2,12.0,Yes,75.2,60.4,Average,Medium
STU102534,22,Male,IT,7,77.0,63.3,69.9,64.0,6,10.5,45.4,20,9.0,30,43.4,6.43,1,1,6.0,No,62.1,51.1,Average,Medium
STU102535,20,Female,EEE,2,54.9,70.3,86.2,44.1,12,14.2,60.2,13,20.0,47,46.6,6.55,1,6,7.0,No,64.3,51.6,Average,Medium
STU102536,20,Other,IT,2,87.6,69.1,87.4,81.1,16,21.6,84.7,39,,52,90.9,8.99,0,1,12.0,No,80.5,73.2,Good,Low
STU102537,21,Male,IT,5,78.4,43.5,59.4,41.7,11,17.7,47.6,29,7.0,25,70.5,7.29,3,5,8.0,Yes,54.6,41.8,Poor,High
STU102538,19,Male,EEE,4,46.8,40.7,63.0,39.5,8,8.7,42.7,11,5.0,19,32.3,6.89,1,5,10.0,Yes,46.0,34.9,Poor,High
STU102539,18,Male,CIVIL,5,67.3,65.1,70.8,71.7,16,15.9,72.8,24,18.0,22,82.4,7.82,1,3,8.0,No,76.3,58.9,Average,Medium
STU102540,22,Other,IT,4,86.4,82.7,69.2,61.2,9,11.2,74.6,26,13.0,28,55.5,7.12,0,1,9.0,No,67.4,56.9,Average,Medium
STU102541,23,Male,CSE,7,86.9,75.8,86.4,60.5,11,19.0,85.2,26,17.0,40,82.8,6.25,0,4,12.0,No,71.1,70.5,Good,Low
STU102542,22,Female,AI&DS,8,72.9,73.8,59.9,70.4,7,5.1,51.9,18,11.0,18,51.0,5.67,0,5,11.0,No,72.2,50.6,Average,Medium
STU102543,21,Male,ECE,8,73.7,70.6,73.5,62.7,12,17.2,73.6,21,20.0,26,76.1,6.95,1,5,12.0,No,65.4,69.4,Good,Low
STU102544,21,Male,EEE,5,81.0,55.8,90.5,72.0,12,15.5,69.8,27,21.0,33,76.7,7.37,1,1,9.0,No,70.8,56.7,Average,Medium
STU102545,24,Male,CIVIL,5,72.5,55.1,62.3,77.5,9,4.7,64.1,38,17.0,34,70.7,7.78,0,3,8.0,Yes,68.1,65.2,Good,Low
STU102546,21,Female,AI&DS,2,53.7,45.2,56.9,53.9,8,12.2,51.8,19,13.0,32,47.5,6.02,2,6,6.0,No,61.7,47.1,Poor,High
STU102547,22,Male,CIVIL,8,75.0,73.2,74.9,61.6,10,11.9,84.5,15,17.0,45,55.1,7.24,0,1,8.0,No,73.7,73.2,Good,Low
STU102548,20,Female,EEE,3,83.9,89.1,63.0,79.6,16,16.8,75.0,31,19.0,66,91.5,9.16,0,1,14.0,Yes,80.0,82.1,Excellent,Low
STU102549,18,Female,AI&DS,3,65.5,48.7,56.3,30.1,8,7.1,35.6,12,6.0,6,54.2,4.0,2,5,9.0,No,56.0,39.3,Poor,High
STU102550,20,Female,MECH,7,65.2,61.8,65.6,48.9,7,13.5,55.0,28,14.0,40,50.6,7.24,1,3,8.0,No,51.8,49.2,Poor,High
STU102551,23,Male,CIVIL,8,72.3,43.4,51.7,47.4,9,8.5,28.0,23,9.0,20,49.6,5.01,1,4,6.0,No,46.6,38.4,Poor,High
STU102552,22,Female,AI&DS,8,78.5,,74.9,55.7,10,8.8,69.0,28,20.0,41,62.7,5.63,1,1,8.0,No,59.5,56.0,Average,Medium
STU102553,22,Male,AI&DS,2,92.7,67.8,79.6,78.9,12,14.7,44.4,21,16.0,47,52.4,7.55,0,2,13.0,No,59.1,66.0,Good,Low
STU102554,23,Male,MECH,8,68.2,43.7,58.4,,10,6.2,47.0,22,15.0,9,58.6,5.09,2,5,9.0,No,36.3,51.6,Average,Medium
STU102555,19,Female,ECE,4,73.0,71.3,73.9,56.0,12,18.6,61.3,20,20.0,35,67.8,8.27,0,3,10.0,Yes,67.4,62.7,Average,Medium
STU102556,23,Male,CSE,3,52.4,59.5,58.0,56.3,5,13.3,34.6,19,18.0,23,45.6,6.43,1,6,9.0,Yes,59.0,51.1,Average,Medium
STU102557,23,Other,CIVIL,3,66.5,54.1,70.8,30.5,12,12.5,63.9,29,15.0,17,74.6,4.91,3,0,8.0,Yes,50.4,47.2,Poor,High
STU102558,20,Male,CSE,6,91.7,77.0,82.9,53.6,12,21.9,46.4,23,19.0,36,58.1,7.59,0,3,7.0,No,76.3,49.8,Poor,High
STU102559,21,Male,AI&DS,7,86.1,85.7,79.5,81.1,18,19.1,72.5,31,14.0,50,85.4,8.02,0,3,13.0,Yes,84.4,70.8,Good,Low
STU102560,24,Female,IT,4,84.2,86.4,100.0,51.7,14,17.8,71.4,29,13.0,37,53.7,8.63,1,1,10.0,Yes,72.1,74.5,Good,Low
STU102561,19,Male,EEE,6,78.2,65.2,85.9,63.7,15,6.9,74.8,28,17.0,19,69.0,7.07,1,5,9.0,Yes,69.9,66.1,Good,Low
STU102562,20,Male,ECE,7,72.6,66.3,63.8,64.4,11,13.3,82.5,20,20.0,39,69.8,5.64,2,3,15.0,No,71.5,56.1,Average,Medium
STU102563,19,Other,AI&DS,4,66.2,77.4,58.5,80.1,9,21.6,56.8,25,15.0,30,74.7,9.06,1,1,13.0,No,76.5,52.2,Average,Medium
STU102564,20,Male,CSE,7,83.4,79.5,79.4,83.4,19,21.1,77.7,20,20.0,44,85.6,7.53,0,2,15.0,No,82.9,72.4,Good,Low
STU102565,19,Female,CSE,4,71.1,70.8,45.7,90.9,9,13.0,42.9,19,9.0,22,53.5,7.41,0,1,4.0,No,82.6,67.1,Good,Low
STU102566,23,Male,IT,3,70.8,61.5,66.4,44.9,13,10.4,59.5,23,14.0,41,51.6,5.7,1,3,17.0,Yes,65.4,56.0,Average,Medium
STU102567,24,Male,CSE,5,75.7,71.2,72.6,49.3,15,12.5,66.8,28,17.0,31,70.6,5.7,2,1,11.0,Yes,56.3,66.4,Good,Low
STU102568,24,Male,CSE,5,87.2,74.4,67.7,93.1,17,14.9,77.4,34,22.0,44,65.1,6.86,1,0,13.0,No,68.8,74.2,Good,Low
STU102569,20,Female,MECH,4,67.3,45.2,59.4,38.6,8,6.2,41.1,15,10.0,16,18.1,4.57,1,3,3.0,No,41.0,30.6,Poor,High
STU102570,24,Female,IT,4,80.0,80.4,80.0,58.2,13,20.4,80.0,34,22.0,37,94.8,7.3,0,2,12.0,No,69.9,71.2,Good,Low
STU102571,18,Male,MECH,4,82.9,93.7,93.8,71.6,15,20.5,80.1,33,24.0,66,71.1,9.35,1,1,13.0,No,86.5,82.7,Excellent,Low
STU102572,18,Male,AI&DS,5,79.0,62.8,69.1,61.7,7,15.5,68.6,21,16.0,41,79.5,6.18,0,4,6.0,Yes,63.3,50.2,Average,Medium
STU102573,20,Female,AI&DS,6,75.1,74.0,75.9,67.0,12,14.0,71.7,28,19.0,47,61.6,7.51,0,1,11.0,Yes,60.7,65.1,Good,Low
STU102574,20,Male,IT,4,75.4,60.4,87.2,54.8,13,13.1,77.1,33,12.0,37,82.7,6.57,0,0,13.0,No,,68.1,Good,Low
STU102575,24,Female,MECH,6,63.5,50.6,64.4,36.5,8,7.7,44.3,19,12.0,32,61.8,7.88,2,4,6.0,No,53.9,45.5,Poor,High
STU102576,23,Male,CIVIL,4,80.9,89.0,83.9,59.1,12,18.8,63.1,28,16.0,34,61.5,6.69,2,4,3.0,No,70.2,68.1,Good,Low
STU102577,23,Male,ECE,3,79.3,69.9,73.5,57.9,9,9.7,78.1,26,18.0,44,67.2,4.28,1,3,15.0,No,78.4,55.2,Average,Medium
STU102578,23,Male,CIVIL,3,76.2,65.8,57.9,41.6,12,12.1,53.2,26,13.0,34,56.8,5.77,1,2,6.0,Yes,58.7,56.2,Average,Medium
STU102579,23,Male,IT,7,62.1,78.7,69.8,68.5,16,11.3,80.3,28,,38,69.8,8.27,0,3,9.0,Yes,66.2,67.9,Good,Low
STU102580,21,Female,AI&DS,4,86.9,72.3,64.7,69.8,12,12.8,70.2,24,19.0,45,75.9,7.24,3,1,14.0,No,79.4,63.6,Average,Medium
STU102581,18,Male,AI&DS,6,58.0,42.9,67.0,51.3,8,8.7,65.2,24,7.0,38,79.7,5.04,2,5,10.0,Yes,54.4,41.9,Poor,High
STU102582,18,Female,CSE,6,87.2,73.2,83.0,86.6,12,15.6,84.8,32,21.0,47,59.4,7.26,0,0,16.0,No,82.6,82.3,Excellent,Low
STU102583,24,Male,MECH,6,68.3,55.7,75.2,59.1,9,13.1,55.4,26,13.0,24,55.6,6.69,1,3,10.0,No,66.6,70.0,Good,Low
STU102584,21,Male,AI&DS,6,93.0,72.5,83.3,56.3,14,20.5,76.6,24,,64,83.8,6.57,0,2,15.0,No,70.2,82.2,Excellent,Low
STU102585,24,Male,AI&DS,8,92.1,69.2,74.3,66.4,15,7.9,63.4,29,19.0,42,62.6,7.76,1,5,11.0,No,75.6,66.9,Good,Low
STU102586,18,Male,EEE,8,82.1,82.1,97.1,74.8,17,19.9,60.9,23,20.0,46,88.8,7.34,0,2,12.0,No,79.0,67.6,Good,Low
STU102587,22,Male,MECH,4,56.3,63.5,69.0,47.3,8,13.8,55.1,22,13.0,31,67.0,7.35,1,0,8.0,Yes,60.2,61.9,Average,Medium
STU102588,19,Male,ECE,4,64.8,61.5,70.7,63.6,11,14.0,72.7,28,10.0,58,70.7,7.36,0,5,9.0,Yes,75.5,54.1,Average,Medium
STU102589,20,Male,IT,4,81.2,66.8,79.5,53.5,9,13.3,63.2,28,14.0,34,60.8,7.63,1,3,11.0,No,76.7,64.0,Average,Medium
STU102590,22,Male,CSE,6,73.4,72.7,85.4,64.5,14,18.4,49.0,37,18.0,48,76.6,6.42,1,4,14.0,No,58.9,60.1,Average,Medium
STU102591,21,Male,ECE,5,59.5,57.6,65.7,43.1,7,10.7,40.8,18,6.0,27,43.7,6.2,2,5,8.0,Yes,56.3,41.5,Poor,High
STU102592,18,Male,EEE,8,83.6,80.7,80.1,68.1,16,18.2,77.0,30,22.0,43,77.7,8.42,0,0,17.0,No,72.3,74.6,Good,Low
STU102593,24,Male,EEE,7,84.8,65.6,70.0,62.3,18,11.7,74.0,38,18.0,60,85.4,6.0,0,1,13.0,No,67.5,71.2,Good,Low
STU102594,22,Male,EEE,5,80.7,66.3,76.6,68.0,14,12.9,64.2,41,17.0,45,68.6,7.6,2,0,12.0,No,68.1,72.5,Good,Low
STU102595,20,Male,EEE,4,65.4,36.1,58.6,50.7,12,5.6,43.2,21,13.0,20,59.2,5.57,2,3,9.0,Yes,58.4,43.5,Poor,High
STU102596,22,Male,CIVIL,7,70.2,56.9,70.1,37.0,11,14.5,40.6,16,9.0,28,63.3,5.73,2,0,2.0,Yes,59.8,52.3,Average,Medium
STU102597,19,Male,CIVIL,7,87.5,84.8,82.4,64.9,14,15.3,95.6,29,19.0,65,88.3,8.27,1,2,16.0,No,77.3,80.1,Excellent,Low
STU102598,21,Other,IT,8,73.5,61.4,65.3,51.9,9,9.6,77.5,26,11.0,36,55.2,7.45,2,3,9.0,No,58.6,55.4,Average,Medium
STU102599,20,Male,IT,5,60.7,32.9,63.8,25.7,9,7.6,42.6,17,10.0,26,57.3,4.7,3,3,6.0,No,39.8,28.8,Poor,High
STU102600,20,Male,ECE,7,75.0,84.0,97.6,48.0,17,14.4,77.7,38,15.0,53,74.5,7.34,2,4,11.0,Yes,62.2,65.3,Good,Low
STU102601,21,Female,MECH,8,82.9,72.6,72.9,60.4,11,18.2,66.5,28,19.0,40,93.2,6.91,1,3,12.0,No,71.7,73.0,Good,Low
STU102602,24,Male,ECE,2,81.9,75.6,78.5,72.6,11,17.9,65.0,31,20.0,49,53.4,7.39,1,0,13.0,Yes,68.8,70.9,Good,Low
STU102603,18,Male,EEE,3,67.2,55.4,69.1,62.8,10,13.7,68.1,29,15.0,40,66.1,8.09,0,4,11.0,No,64.8,47.7,Poor,High
STU102604,21,Female,CSE,3,75.0,65.6,76.7,63.1,11,14.9,65.1,18,16.0,45,62.7,6.42,1,1,6.0,No,64.9,68.4,Good,Low
STU102605,24,Female,AI&DS,3,92.8,79.1,84.9,67.6,15,19.0,81.2,29,17.0,49,72.9,8.72,1,1,15.0,Yes,76.4,80.4,Excellent,Low
STU102606,24,Female,IT,4,78.1,52.0,65.0,46.3,12,13.4,60.0,31,14.0,35,,5.43,2,4,6.0,Yes,58.8,53.3,Average,Medium
STU102607,24,Male,MECH,2,73.1,42.3,73.2,60.9,13,11.0,65.0,25,18.0,43,57.5,5.05,4,3,11.0,Yes,55.0,52.8,Average,Medium
STU102608,20,Male,CSE,6,72.1,70.8,72.2,66.5,11,10.0,51.5,32,17.0,49,60.0,6.94,2,2,10.0,No,58.5,61.2,Average,Medium
STU102609,21,Male,ECE,6,67.0,72.8,70.8,68.0,15,14.6,72.1,30,16.0,42,56.5,7.08,1,0,10.0,No,69.5,64.4,Average,Medium
STU102610,22,Female,AI&DS,6,55.2,61.2,50.0,36.2,11,9.0,32.6,15,6.0,19,48.1,4.0,0,4,2.0,Yes,50.1,33.9,Poor,High
STU102611,23,Male,CIVIL,7,59.2,45.5,62.5,42.2,8,2.5,36.5,26,7.0,24,71.3,5.74,2,3,3.0,No,44.4,40.9,Poor,High
STU102612,24,Female,CSE,2,64.6,79.1,67.0,65.7,7,6.8,62.1,15,10.0,42,59.6,7.72,2,4,11.0,Yes,71.7,47.4,Poor,High
STU102613,19,Female,EEE,4,71.4,57.2,75.9,50.7,15,8.2,82.1,24,13.0,29,64.2,4.92,0,3,11.0,Yes,68.1,69.7,Good,Low
STU102614,18,Other,MECH,5,76.3,54.4,71.5,56.7,13,5.7,48.7,27,14.0,29,56.3,5.45,2,6,8.0,No,57.1,49.7,Poor,High
STU102615,19,Male,EEE,3,71.0,42.8,73.1,46.4,11,7.2,71.8,19,14.0,24,44.9,4.85,1,2,8.0,No,62.0,44.7,Poor,High
STU102616,19,Female,AI&DS,4,60.2,74.4,81.7,57.9,11,10.1,73.7,27,15.0,44,40.8,5.71,2,1,13.0,No,64.8,57.3,Average,Medium
STU102617,20,Female,CIVIL,5,76.9,63.5,77.9,65.0,8,14.1,60.3,23,13.0,18,56.5,7.3,0,3,8.0,Yes,73.6,59.9,Average,Medium
STU102618,24,Female,CIVIL,6,88.9,87.6,77.0,74.7,14,18.9,55.0,31,15.0,46,63.3,7.79,0,0,11.0,No,70.7,67.3,Good,Low
STU102619,19,Female,AI&DS,3,72.4,52.1,56.0,64.4,10,11.9,85.3,18,22.0,33,67.2,5.65,2,1,12.0,No,62.9,61.4,Average,Medium
STU102620,20,Female,AI&DS,3,81.9,66.8,69.0,72.7,11,18.2,80.3,30,14.0,49,69.5,7.38,0,0,12.0,No,65.8,62.6,Average,Medium
STU102621,20,Female,MECH,3,70.6,63.6,85.9,57.9,11,14.8,48.7,20,16.0,35,51.1,5.07,2,5,7.0,Yes,66.9,46.6,Poor,High
STU102622,19,Male,AI&DS,3,76.0,54.1,70.9,56.3,14,11.3,39.9,23,16.0,44,65.8,6.56,2,1,11.0,No,51.4,57.1,Average,Medium
STU102623,19,Female,AI&DS,7,91.0,84.0,100.0,85.5,19,10.3,74.3,40,20.0,63,73.8,7.25,0,1,13.0,Yes,82.1,80.2,Excellent,Low
STU102624,24,Female,ECE,6,82.5,69.1,83.0,65.0,15,9.0,75.1,38,19.0,37,74.6,6.65,3,0,15.0,No,68.6,65.9,Good,Low
STU102625,22,Female,ECE,7,50.8,54.4,49.2,54.5,3,11.0,40.5,15,9.0,15,25.2,6.07,1,5,7.0,No,57.0,46.1,Poor,High
STU102626,18,Female,CIVIL,2,88.6,77.4,71.5,52.6,10,14.3,90.1,28,24.0,60,95.8,5.57,2,3,15.0,No,73.1,67.7,Good,Low
STU102627,22,Male,IT,6,98.7,81.2,81.4,80.2,16,20.1,72.4,36,23.0,39,89.7,8.01,2,2,12.0,No,82.5,72.6,Good,Low
STU102628,22,Male,MECH,6,85.2,81.6,85.5,85.4,18,27.5,77.9,34,15.0,60,68.7,8.53,0,0,16.0,No,90.4,90.0,Excellent,Low
STU102629,20,Female,CSE,7,63.7,54.2,66.3,62.9,7,12.3,60.5,20,12.0,32,,5.84,1,3,9.0,Yes,62.5,50.9,Average,Medium
STU102630,23,Male,AI&DS,5,72.9,70.2,84.2,60.5,16,13.9,62.0,36,22.0,49,81.9,5.71,2,2,9.0,No,64.1,65.3,Good,Low
STU102631,23,Female,CSE,7,76.1,67.4,64.6,77.7,13,14.2,71.9,23,23.0,45,75.8,7.18,0,3,9.0,No,74.5,66.3,Good,Low
STU102632,23,Female,MECH,5,61.3,47.2,46.6,44.2,6,5.1,41.6,11,6.0,12,36.4,5.27,1,6,10.0,Yes,52.5,41.5,Poor,High
STU102633,22,Male,EEE,7,78.4,71.4,79.0,64.6,11,15.8,57.2,25,21.0,31,56.7,5.95,2,2,9.0,No,68.3,62.1,Average,Medium
STU102634,21,Male,IT,7,82.7,62.8,92.6,66.2,13,13.0,62.6,41,23.0,66,76.4,8.01,2,3,18.0,No,75.5,57.7,Average,Medium
STU102635,19,Female,ECE,7,84.7,82.6,87.0,82.9,15,23.1,78.9,40,14.0,32,82.2,6.46,1,0,15.0,No,73.6,88.1,Excellent,Low
STU102636,18,Female,CSE,3,55.9,61.3,69.8,72.2,10,9.8,55.3,27,20.0,54,58.6,6.91,1,4,8.0,Yes,61.0,54.4,Average,Medium
STU102637,24,Male,EEE,7,67.7,67.8,65.7,,11,12.3,50.5,22,10.0,44,59.3,6.54,1,1,9.0,Yes,53.5,53.2,Average,Medium
STU102638,23,Female,AI&DS,3,92.4,57.9,78.1,70.9,15,11.5,89.9,28,23.0,36,81.2,6.31,1,8,13.0,Yes,85.1,58.4,Average,Medium
STU102639,19,Female,CSE,5,82.0,76.1,76.0,64.0,14,11.8,74.1,34,17.0,53,70.3,7.34,1,3,8.0,No,72.5,60.0,Average,Medium
STU102640,23,Male,AI&DS,8,73.8,67.4,65.0,59.6,9,13.3,70.8,22,21.0,56,55.5,6.2,1,1,10.0,No,68.1,59.5,Average,Medium
STU102641,18,Male,AI&DS,2,74.2,69.1,68.9,51.0,13,12.2,82.0,31,17.0,59,75.0,7.03,1,3,12.0,No,68.7,68.2,Good,Low
STU102642,19,Male,CSE,7,69.4,72.0,77.5,69.0,15,17.2,73.3,30,17.0,23,73.2,7.22,1,2,11.0,No,65.0,72.4,Good,Low
STU102643,19,Male,ECE,4,63.8,43.5,55.4,30.4,11,8.0,41.0,18,8.0,33,50.2,6.27,1,4,4.0,Yes,44.2,38.9,Poor,High
STU102644,20,Male,CIVIL,3,78.0,55.6,66.1,45.3,10,10.2,72.0,30,13.0,32,60.5,5.61,0,1,12.0,Yes,59.3,53.8,Average,Medium
STU102645,20,Male,IT,2,73.4,71.8,73.6,63.1,15,23.2,74.4,31,17.0,60,61.4,7.75,2,0,12.0,No,64.5,80.4,Excellent,Low
STU102646,21,Female,AI&DS,7,83.0,58.9,83.2,51.1,15,9.3,70.1,29,15.0,47,70.7,6.67,2,4,16.0,No,65.0,60.7,Average,Medium
STU102647,21,Female,ECE,7,87.6,65.3,69.7,77.1,12,14.4,66.1,32,16.0,50,76.9,7.96,1,2,10.0,No,79.7,80.1,Excellent,Low
STU102648,18,Female,CIVIL,5,68.2,59.4,58.7,46.6,9,2.0,53.0,17,19.0,48,50.4,6.99,2,4,12.0,Yes,69.2,53.2,Average,Medium
STU102649,19,Female,IT,3,52.4,69.8,62.9,69.3,9,10.7,69.0,25,14.0,40,64.2,7.49,2,2,10.0,No,67.0,55.5,Average,Medium
STU102650,23,Female,CIVIL,6,89.6,98.6,85.0,78.3,11,22.5,63.6,27,19.0,61,67.4,9.11,0,2,13.0,No,90.2,85.0,Excellent,Low
STU102651,21,Female,ECE,8,53.6,42.1,51.1,44.3,5,10.5,37.7,7,5.0,22,22.5,6.55,1,4,5.0,Yes,45.0,33.6,Poor,High
STU102652,24,Male,IT,7,52.2,36.0,52.9,34.2,7,6.2,42.7,30,15.0,18,31.8,5.25,1,5,6.0,No,35.6,48.1,Poor,High
STU102653,18,Female,MECH,7,70.9,69.0,73.3,78.8,13,13.3,80.1,26,20.0,47,71.4,7.85,2,0,8.0,No,77.3,67.2,Good,Low
STU102654,20,Female,CSE,2,63.8,46.9,53.8,51.8,11,9.4,40.8,17,11.0,43,45.3,5.85,0,3,5.0,Yes,55.8,38.9,Poor,High
STU102655,19,Female,CSE,8,82.1,60.5,71.9,66.0,14,11.6,59.6,19,15.0,32,65.5,6.72,1,4,13.0,No,66.0,66.0,Good,Low
STU102656,24,Male,IT,6,73.4,58.4,65.5,63.5,15,11.7,64.0,25,15.0,42,61.5,7.08,2,3,11.0,No,57.1,55.3,Average,Medium
STU102657,19,Female,IT,6,62.6,63.2,78.2,71.4,12,14.2,55.7,31,15.0,17,78.3,7.05,0,6,13.0,Yes,66.0,63.8,Average,Medium
STU102658,23,Female,ECE,4,73.6,43.0,68.4,57.9,12,9.4,75.4,21,20.0,32,57.2,4.9,1,4,12.0,Yes,61.2,54.4,Average,Medium
STU102659,19,Male,MECH,8,68.9,67.8,57.0,60.4,9,12.0,69.5,19,15.0,25,72.5,6.01,1,6,10.0,No,64.3,48.6,Poor,High
STU102660,23,Male,AI&DS,5,83.6,71.4,80.6,74.9,15,15.0,76.7,34,16.0,30,56.8,7.65,1,0,12.0,No,85.2,68.4,Good,Low
STU102661,21,Male,MECH,3,81.7,59.1,64.8,51.0,13,9.3,67.3,22,13.0,41,66.8,5.22,0,0,12.0,No,54.9,61.6,Average,Medium
STU102662,24,Male,ECE,4,59.9,58.5,66.9,45.3,11,10.7,33.7,14,14.0,19,45.5,6.13,2,3,4.0,Yes,44.9,45.5,Poor,High
STU102663,18,Male,AI&DS,3,73.2,65.9,71.5,66.4,14,8.5,71.0,28,16.0,34,69.6,6.68,1,1,11.0,No,70.1,66.3,Good,Low
STU102664,20,Male,ECE,8,43.1,46.1,48.9,48.1,3,7.8,42.7,14,6.0,5,33.1,5.45,1,4,4.0,Yes,44.3,35.2,Poor,High
STU102665,23,Female,ECE,7,70.9,52.3,60.5,53.2,8,8.3,52.5,16,14.0,35,53.8,6.15,0,3,2.0,No,55.3,54.2,Average,Medium
STU102666,24,Female,IT,6,77.1,77.4,71.1,66.4,10,13.6,74.5,36,17.0,52,71.6,6.11,2,3,11.0,No,66.5,62.3,Average,Medium
STU102667,21,Female,IT,7,65.6,63.6,66.4,57.5,6,13.0,51.9,20,11.0,34,49.1,6.7,1,2,6.0,No,61.3,57.9,Average,Medium
STU102668,18,Female,CSE,7,77.9,54.0,67.5,56.4,13,9.6,57.4,22,18.0,38,46.5,5.7,0,3,10.0,No,72.3,69.1,Good,Low
STU102669,22,Female,AI&DS,4,75.0,58.6,73.1,50.5,16,17.4,68.3,37,23.0,55,74.4,6.89,1,0,9.0,No,60.5,65.9,Good,Low
STU102670,21,Male,AI&DS,3,69.5,71.9,71.0,45.3,17,16.6,61.0,15,16.0,39,61.0,4.7,3,3,12.0,Yes,58.0,48.7,Poor,High
STU102671,23,Male,CSE,8,86.1,71.0,80.9,61.8,12,13.8,76.7,27,14.0,21,67.5,6.72,0,1,7.0,No,74.8,67.0,Good,Low
STU102672,21,Male,ECE,4,76.2,71.9,68.5,73.8,13,16.5,63.1,29,15.0,53,57.4,7.93,1,1,9.0,No,68.3,66.9,Good,Low
STU102673,24,Male,ECE,2,,56.8,67.8,41.0,10,16.6,70.5,29,16.0,23,62.7,6.12,2,3,8.0,Yes,50.7,44.6,Poor,High
STU102674,18,Female,CSE,7,69.9,73.6,72.6,47.4,15,9.4,72.0,42,22.0,26,86.7,7.52,0,1,10.0,Yes,68.9,70.5,Good,Low
STU102675,22,Male,IT,3,82.8,60.9,74.5,55.5,11,14.2,76.4,26,22.0,37,61.3,5.18,0,2,10.0,No,67.7,65.3,Good,Low
STU102676,23,Female,CIVIL,3,86.9,68.9,67.0,58.7,9,13.5,52.3,20,13.0,45,57.9,6.42,1,1,5.0,No,68.7,62.8,Average,Medium
STU102677,20,Male,CSE,6,80.9,98.4,80.9,83.9,16,20.8,54.7,30,22.0,59,96.5,7.33,0,1,12.0,Yes,80.3,82.6,Excellent,Low
STU102678,21,Male,MECH,8,78.1,55.2,60.7,83.3,16,13.4,62.1,28,11.0,28,70.3,7.74,0,3,13.0,Yes,68.6,66.7,Good,Low
STU102679,22,Male,AI&DS,2,46.0,42.0,55.6,31.0,9,9.4,50.7,20,16.0,27,44.6,4.43,2,5,9.0,No,33.8,35.2,Poor,High
STU102680,21,Male,EEE,6,81.9,69.6,83.9,67.1,13,12.3,60.8,32,20.0,32,63.8,6.88,2,1,14.0,No,67.7,60.8,Average,Medium
STU102681,20,Other,ECE,4,73.3,61.9,91.8,92.9,13,19.7,57.7,35,22.0,30,62.5,7.83,0,0,10.0,No,72.6,76.2,Good,Low
STU102682,22,Female,CSE,8,74.1,66.2,65.5,50.1,14,9.2,67.9,38,13.0,44,79.1,6.02,1,2,15.0,No,68.1,50.8,Average,Medium
STU102683,23,Male,ECE,8,85.0,82.4,90.4,61.2,16,19.5,77.7,36,14.0,41,84.2,7.83,1,0,13.0,No,62.9,69.4,Good,Low
STU102684,18,Female,IT,2,60.9,46.3,87.1,62.7,17,11.8,88.2,28,18.0,24,46.7,5.58,1,4,15.0,No,51.3,35.3,Poor,High
STU102685,24,Male,MECH,2,89.2,49.1,61.0,44.3,10,1.9,52.3,22,12.0,18,63.8,4.09,0,3,14.0,Yes,62.8,43.7,Poor,High
STU102686,19,Male,EEE,4,68.1,65.2,73.3,65.1,11,13.2,64.5,31,13.0,38,70.1,6.09,1,1,12.0,No,69.5,57.1,Average,Medium
STU102687,18,Male,CIVIL,2,67.2,51.1,65.6,43.2,4,10.4,19.1,6,10.0,6,48.4,4.0,1,2,3.0,Yes,39.8,47.0,Poor,High
STU102688,19,Male,CIVIL,4,83.8,83.1,66.0,62.5,11,8.8,76.7,21,14.0,15,63.2,6.48,1,4,7.0,No,70.3,71.8,Good,Low
STU102689,18,Female,IT,3,85.7,71.9,88.0,73.9,14,14.7,74.6,23,14.0,30,58.7,7.67,2,0,13.0,No,67.8,59.7,Average,Medium
STU102690,24,Female,CSE,8,56.4,50.0,58.6,42.9,8,8.6,43.2,16,8.0,4,52.1,4.7,0,4,5.0,No,41.8,46.8,Poor,High
STU102691,20,Male,CSE,6,71.0,50.6,74.6,38.3,13,8.3,67.3,25,14.0,36,74.8,5.78,3,5,11.0,Yes,45.1,36.7,Poor,High
STU102692,23,Female,CIVIL,3,51.6,49.9,72.0,56.0,13,10.9,46.3,21,9.0,24,62.8,6.05,1,5,4.0,Yes,53.9,37.3,Poor,High
STU102693,19,Female,IT,6,83.1,67.2,93.0,74.6,15,14.1,62.5,28,14.0,50,84.2,5.89,0,2,12.0,No,75.5,80.0,Good,Low
STU102694,21,Male,EEE,7,87.6,64.0,70.7,69.3,14,8.3,69.0,18,24.0,20,67.7,6.48,1,2,11.0,Yes,70.2,68.9,Good,Low
STU102695,20,Male,IT,7,76.5,79.2,88.7,78.6,12,25.2,82.2,32,24.0,57,87.8,7.16,1,0,12.0,No,84.2,86.9,Excellent,Low
STU102696,22,Male,MECH,6,75.8,75.6,75.6,88.9,17,14.9,80.5,31,24.0,36,87.8,6.41,1,3,16.0,No,84.1,78.6,Good,Low
STU102697,24,Male,CSE,6,82.3,64.9,57.1,67.6,14,13.6,64.7,29,17.0,41,75.9,7.81,1,4,12.0,Yes,64.4,50.9,Average,Medium
STU102698,22,Male,IT,7,67.7,55.3,63.6,70.2,13,18.3,68.1,19,13.0,34,50.5,6.64,1,6,12.0,No,55.3,57.6,Average,Medium
STU102699,22,Male,CIVIL,3,75.0,75.6,85.2,80.7,12,17.7,70.3,32,14.0,30,67.9,7.28,1,2,13.0,Yes,77.0,73.7,Good,Low
STU102700,19,Male,ECE,8,81.8,66.1,74.4,51.6,14,13.8,85.4,27,22.0,42,75.7,5.03,1,2,9.0,No,73.6,59.3,Average,Medium
STU102701,18,Female,MECH,3,75.7,80.3,87.4,78.7,13,19.1,55.4,17,15.0,38,73.5,7.6,1,4,12.0,No,79.0,69.9,Good,Low
STU102702,18,Male,AI&DS,7,50.5,59.1,65.5,35.3,6,12.4,47.0,16,17.0,40,35.8,5.44,2,4,5.0,Yes,53.0,48.4,Poor,High
STU102703,20,Female,EEE,8,67.8,65.7,65.2,58.0,12,17.3,68.7,15,16.0,37,50.2,7.31,1,0,8.0,No,62.3,69.6,Good,Low
STU102704,21,Male,ECE,3,95.3,67.4,76.6,65.5,17,18.1,84.4,29,21.0,46,79.0,8.72,1,4,12.0,Yes,85.1,72.6,Good,Low
STU102705,18,Male,ECE,6,84.8,75.2,75.0,45.1,13,14.2,69.5,32,17.0,36,64.9,5.57,0,3,17.0,Yes,50.9,61.0,Average,Medium
STU102706,19,Female,EEE,7,82.0,52.0,78.4,49.9,13,16.1,50.1,15,20.0,25,54.2,6.8,0,2,9.0,Yes,54.2,59.0,Average,Medium
STU102707,22,Female,CSE,4,58.4,59.1,64.7,59.3,8,15.2,,18,4.0,6,45.8,7.72,1,3,7.0,No,64.1,52.8,Average,Medium
STU102708,24,Female,CSE,5,57.5,54.7,51.8,27.7,7,1.0,53.5,6,8.0,7,20.4,4.57,3,5,8.0,Yes,47.7,22.4,Poor,High
STU102709,24,Male,CSE,7,77.1,71.4,81.4,52.5,15,17.1,78.2,24,16.0,45,72.4,7.56,1,4,10.0,No,71.8,64.2,Average,Medium
STU102710,19,Male,EEE,6,66.1,62.5,60.0,35.9,10,9.8,49.8,18,18.0,27,58.6,5.98,1,4,13.0,Yes,53.0,42.9,Poor,High
STU102711,18,Female,ECE,7,74.9,48.1,60.9,52.6,9,13.7,57.9,28,16.0,45,48.4,6.53,1,3,9.0,No,56.9,55.5,Average,Medium
STU102712,22,Female,ECE,3,75.9,67.6,70.6,58.0,12,10.8,57.4,28,15.0,37,61.2,7.78,0,2,10.0,No,61.5,54.2,Average,Medium
STU102713,24,Female,ECE,5,92.8,73.1,67.3,,15,12.7,87.2,28,20.0,47,82.0,6.14,2,3,11.0,No,69.4,65.6,Good,Low
STU102714,20,Female,CSE,7,72.5,40.9,56.8,48.2,11,9.1,58.1,12,18.0,26,54.9,4.62,2,7,7.0,Yes,43.7,38.5,Poor,High
STU102715,24,Male,CIVIL,3,74.3,66.0,77.0,75.2,13,14.8,64.5,27,18.0,31,67.1,8.0,1,5,10.0,Yes,73.8,49.2,Poor,High
STU102716,23,Female,MECH,5,68.5,50.6,69.8,54.1,10,10.4,64.1,18,17.0,48,64.1,7.09,2,4,12.0,No,63.5,47.8,Poor,High
STU102717,24,Female,MECH,5,83.4,63.5,76.0,71.4,15,8.2,76.8,23,22.0,39,53.4,7.19,0,0,17.0,No,69.7,70.0,Good,Low
STU102718,24,Female,CSE,7,69.9,55.1,63.2,64.5,13,13.1,67.1,32,17.0,49,84.6,6.77,1,3,7.0,No,60.1,58.8,Average,Medium
STU102719,18,Male,EEE,7,73.9,75.5,74.3,60.9,15,15.2,67.1,21,21.0,33,68.8,7.93,0,1,14.0,Yes,64.6,63.7,Average,Medium
STU102720,20,Female,ECE,4,55.7,35.0,56.5,51.3,11,10.4,54.2,20,12.0,1,57.2,5.31,2,4,8.0,Yes,53.0,33.4,Poor,High
STU102721,18,Female,CIVIL,8,75.7,65.5,82.1,61.4,15,14.5,85.9,24,18.0,56,77.3,6.83,1,1,11.0,No,72.4,67.3,Good,Low
STU102722,18,Male,CSE,6,90.0,82.5,85.7,73.0,16,14.8,81.8,39,28.0,43,80.4,7.88,0,2,14.0,Yes,,69.9,Good,Low
STU102723,21,Male,MECH,6,72.3,49.4,56.2,27.4,10,9.9,59.9,24,13.0,13,55.9,5.3,4,3,12.0,Yes,56.3,37.5,Poor,High
STU102724,22,Female,IT,2,65.3,67.4,70.8,76.8,10,18.8,49.7,26,15.0,38,77.9,6.5,1,5,10.0,No,59.3,51.6,Average,Medium
STU102725,24,Female,CIVIL,3,59.5,58.3,64.8,56.3,10,14.7,46.3,25,7.0,10,37.3,5.89,3,3,6.0,No,61.1,45.4,Poor,High
STU102726,18,Male,IT,2,78.6,59.9,75.3,44.5,13,6.4,62.7,15,10.0,39,64.5,6.71,2,3,11.0,Yes,51.7,63.2,Average,Medium
STU102727,18,Female,CSE,2,66.4,52.6,53.9,54.0,7,18.0,48.5,31,17.0,30,46.1,6.0,1,5,8.0,No,43.8,45.4,Poor,High
STU102728,18,Male,ECE,8,65.2,63.0,69.8,54.3,10,16.0,62.7,11,13.0,36,73.5,7.02,0,4,7.0,No,68.7,62.4,Average,Medium
STU102729,24,Male,AI&DS,3,74.2,72.8,86.0,88.7,15,23.2,65.0,24,19.0,46,67.9,7.49,0,2,8.0,No,94.6,70.3,Good,Low
STU102730,22,Female,EEE,7,64.2,49.2,53.3,40.9,7,5.4,53.8,15,15.0,10,34.1,5.88,3,5,4.0,Yes,56.5,43.9,Poor,High
STU102731,21,Male,MECH,5,65.9,67.7,52.7,41.8,5,8.4,22.0,4,5.0,5,44.8,4.92,1,0,5.0,Yes,53.0,49.5,Poor,High
STU102732,18,Male,MECH,3,73.9,54.1,44.0,34.1,8,11.3,48.6,8,14.0,20,46.1,6.36,2,6,2.0,Yes,53.8,44.9,Poor,High
STU102733,20,Female,IT,7,83.0,91.0,75.5,81.6,15,14.5,59.4,35,17.0,41,77.6,8.2,1,0,14.0,No,86.6,81.9,Excellent,Low
STU102734,18,Male,IT,6,81.6,66.6,84.9,60.1,17,15.7,99.0,36,24.0,42,91.7,6.16,3,3,17.0,No,70.1,58.4,Average,Medium
STU102735,18,Male,AI&DS,7,86.6,55.8,57.3,74.8,15,17.6,74.5,23,23.0,46,88.0,6.71,0,4,11.0,No,74.8,65.0,Good,Low
STU102736,21,Male,IT,7,75.7,60.1,83.2,55.7,10,12.3,61.8,20,15.0,33,65.0,6.49,1,2,8.0,No,60.0,55.6,Average,Medium
STU102737,21,Male,IT,7,74.3,44.4,85.4,71.9,12,17.8,62.7,29,18.0,14,58.7,6.35,2,4,6.0,Yes,62.1,61.1,Average,Medium
STU102738,21,Male,MECH,6,66.6,71.8,63.8,52.2,9,14.6,51.2,14,10.0,30,64.0,7.19,2,3,10.0,No,52.3,58.0,Average,Medium
STU102739,24,Male,AI&DS,3,84.9,95.3,80.2,74.3,13,14.2,62.3,27,18.0,54,75.5,7.64,0,2,14.0,Yes,81.5,69.6,Good,Low
STU102740,24,Female,CSE,5,86.8,69.8,74.1,64.7,11,13.9,68.5,27,17.0,42,57.9,7.71,0,1,9.0,No,73.2,68.8,Good,Low
STU102741,18,Female,ECE,7,55.1,60.5,74.2,43.5,8,14.0,58.9,24,15.0,40,59.3,5.53,2,3,7.0,Yes,64.4,45.5,Poor,High
STU102742,19,Female,CSE,7,78.3,74.2,75.8,58.5,11,11.1,68.6,29,13.0,36,68.8,6.73,1,5,10.0,Yes,80.2,47.8,Poor,High
STU102743,21,Male,AI&DS,5,69.5,56.0,51.3,65.1,10,14.3,72.9,21,16.0,17,60.8,5.03,2,4,9.0,No,64.6,50.3,Average,Medium
STU102744,20,Male,CSE,2,64.5,51.1,46.3,40.2,7,10.8,45.1,14,13.0,31,44.4,5.03,1,4,10.0,No,46.6,47.8,Poor,High
STU102745,21,Female,ECE,8,78.8,79.0,71.0,72.1,14,17.3,69.3,29,16.0,41,80.4,6.71,2,2,11.0,No,79.0,59.0,Average,Medium
STU102746,22,Female,EEE,6,87.9,81.6,87.0,60.3,15,16.0,62.1,24,24.0,60,83.0,8.27,1,1,13.0,No,77.3,57.5,Average,Medium
STU102747,19,Female,CSE,5,77.5,74.6,59.7,67.9,15,16.8,72.2,23,15.0,39,55.7,7.07,0,1,11.0,No,74.0,65.3,Good,Low
STU102748,23,Male,IT,5,55.3,55.5,51.7,30.3,5,15.5,51.8,11,10.0,32,50.3,6.44,3,4,7.0,Yes,39.9,34.0,Poor,High
STU102749,19,Female,CSE,5,75.4,59.2,58.2,57.4,8,12.3,51.4,19,14.0,23,56.9,5.94,1,0,12.0,No,66.3,53.6,Average,Medium
STU102750,20,Female,AI&DS,6,69.2,76.7,72.0,64.2,15,16.5,78.9,35,20.0,45,55.4,6.74,1,2,14.0,No,80.1,57.8,Average,Medium
STU102751,19,Male,ECE,6,87.5,82.0,70.4,77.3,9,20.1,66.3,26,15.0,47,61.0,6.7,1,1,6.0,No,78.2,81.5,Excellent,Low
STU102752,22,Female,EEE,4,73.1,49.5,74.6,58.4,8,12.4,32.2,21,10.0,28,48.8,5.62,2,5,6.0,No,58.2,45.3,Poor,High
STU102753,22,Male,AI&DS,4,69.3,48.3,60.4,49.7,9,7.3,58.4,15,10.0,49,69.0,5.85,1,5,7.0,Yes,56.3,53.1,Average,Medium
STU102754,22,Male,MECH,3,59.5,55.6,55.1,49.9,12,10.2,42.5,20,12.0,38,51.1,6.91,3,5,4.0,No,49.8,44.2,Poor,High
STU102755,21,Male,AI&DS,4,88.6,79.0,91.9,78.1,16,9.6,84.2,30,23.0,53,99.8,8.06,1,2,14.0,Yes,83.7,75.7,Good,Low
STU102756,20,Female,AI&DS,8,58.9,51.6,57.0,63.2,8,4.4,55.0,15,13.0,26,43.9,5.3,3,6,8.0,Yes,63.4,49.0,Poor,High
STU102757,22,Female,ECE,3,84.5,72.9,81.6,61.1,15,16.9,75.3,33,23.0,50,72.8,7.87,0,3,12.0,No,78.8,72.2,Good,Low
STU102758,18,Male,CSE,8,82.4,65.5,81.6,58.1,13,18.7,76.8,23,19.0,56,61.1,7.26,1,0,14.0,No,69.8,63.7,Average,Medium
STU102759,20,Female,IT,5,70.7,64.2,78.4,65.6,10,12.6,70.4,21,17.0,34,57.1,6.71,1,0,9.0,Yes,61.7,53.2,Average,Medium
STU102760,22,Male,EEE,8,96.5,68.3,76.3,71.1,12,,73.9,32,16.0,27,68.5,7.48,1,1,13.0,No,70.3,56.2,Average,Medium
STU102761,22,Female,CSE,6,77.1,45.1,61.5,59.7,14,15.1,62.9,24,17.0,41,59.8,6.46,3,3,8.0,Yes,63.0,62.8,Average,Medium
STU102762,19,Female,CIVIL,7,59.2,56.0,54.9,47.8,10,5.6,37.1,23,15.0,34,46.3,4.84,3,7,11.0,Yes,50.0,44.1,Poor,High
STU102763,20,Female,MECH,4,62.5,60.1,55.2,56.9,9,8.2,58.0,22,18.0,30,48.3,6.59,1,5,10.0,No,52.9,51.7,Average,Medium
STU102764,20,Female,ECE,2,69.3,79.7,74.5,59.3,10,10.0,62.1,14,15.0,47,46.8,6.47,2,1,7.0,Yes,68.2,61.0,Average,Medium
STU102765,24,Male,IT,4,65.8,54.7,67.3,73.1,12,13.7,76.1,26,19.0,43,62.9,6.03,0,3,15.0,Yes,77.1,56.6,Average,Medium
STU102766,22,Male,ECE,6,70.7,63.0,79.3,64.8,8,12.3,44.0,22,15.0,31,64.4,5.71,1,3,8.0,No,56.7,59.1,Average,Medium
STU102767,18,Female,CSE,3,69.0,38.5,38.6,45.6,11,10.9,57.2,19,11.0,20,67.0,5.91,1,5,6.0,No,46.5,40.3,Poor,High
STU102768,19,Female,CIVIL,4,91.4,75.6,78.4,91.6,14,17.5,86.8,34,26.0,45,84.5,7.59,1,2,14.0,Yes,87.7,79.2,Good,Low
STU102769,18,Female,IT,2,98.1,89.2,91.7,69.6,11,12.9,71.1,35,13.0,50,59.2,7.4,0,0,13.0,Yes,74.2,74.3,Good,Low
STU102770,19,Female,AI&DS,4,76.5,66.2,61.7,57.8,13,16.9,83.3,28,19.0,46,71.5,8.2,0,4,14.0,No,68.9,45.1,Poor,High
STU102771,19,Male,CSE,2,85.8,82.5,80.5,79.6,16,10.3,69.0,35,19.0,43,89.9,7.64,1,0,16.0,No,78.1,84.3,Excellent,Low
STU102772,21,Male,EEE,3,81.3,70.2,78.9,,15,13.2,87.1,36,18.0,28,73.5,6.57,1,3,12.0,No,76.6,60.2,Average,Medium
STU102773,23,Male,MECH,4,67.3,49.7,67.0,79.5,15,9.9,73.2,33,26.0,48,84.3,6.87,1,1,13.0,Yes,70.9,64.7,Average,Medium
STU102774,24,Female,AI&DS,3,79.3,61.6,77.5,47.9,10,17.9,69.6,25,18.0,40,59.5,7.67,1,0,7.0,Yes,60.5,60.9,Average,Medium
STU102775,21,Female,IT,2,88.2,65.8,72.9,68.5,16,19.1,62.2,26,15.0,35,60.1,6.27,1,2,15.0,No,73.4,59.7,Average,Medium
STU102776,23,Female,CSE,2,98.9,94.1,90.2,100.0,18,21.7,73.6,36,19.0,57,82.2,9.82,1,1,13.0,No,98.1,75.1,Good,Low
STU102777,22,Female,CIVIL,6,81.9,52.5,71.9,52.4,9,11.9,59.6,24,13.0,27,65.8,7.48,0,2,10.0,No,61.8,47.9,Poor,High
STU102778,20,Male,IT,2,58.9,,49.5,38.8,10,16.3,53.3,17,13.0,31,38.4,7.47,2,5,9.0,Yes,66.4,48.9,Poor,High
STU102779,22,Male,CSE,2,77.9,72.2,72.1,70.6,14,12.9,66.9,26,,58,68.9,7.39,1,0,10.0,No,74.0,68.1,Good,Low
STU102780,20,Male,ECE,6,71.5,47.9,76.3,62.8,15,6.8,54.8,19,14.0,19,61.3,7.1,2,3,11.0,Yes,76.2,46.2,Poor,High
STU102781,20,Male,CSE,5,59.8,83.3,57.4,79.3,14,8.8,59.2,18,13.0,32,71.9,7.71,0,4,7.0,Yes,77.1,51.2,Average,Medium
STU102782,24,Female,EEE,8,76.0,57.1,69.7,46.9,11,11.9,49.3,29,13.0,30,54.7,6.13,1,3,11.0,Yes,62.3,47.8,Poor,High
STU102783,24,Female,EEE,4,84.5,72.9,85.4,82.7,13,9.3,74.9,34,26.0,58,91.7,6.43,0,2,14.0,No,95.4,67.2,Good,Low
STU102784,22,Female,CIVIL,4,68.5,79.6,60.9,87.6,8,18.5,54.4,19,13.0,47,67.4,8.08,0,2,3.0,No,88.0,72.3,Good,Low
STU102785,22,Male,ECE,2,74.2,56.1,72.6,58.1,9,11.7,66.4,26,20.0,43,60.6,7.1,1,2,12.0,No,58.9,59.7,Average,Medium
STU102786,22,Female,AI&DS,2,69.3,64.9,69.2,58.5,7,7.9,52.6,16,14.0,22,36.7,7.15,1,5,4.0,No,65.4,53.1,Average,Medium
STU102787,23,Female,CSE,7,76.9,64.6,87.5,65.0,13,16.7,62.2,20,14.0,34,54.5,6.98,2,1,13.0,No,63.8,66.5,Good,Low
STU102788,18,Male,CSE,3,81.4,67.9,84.8,61.5,16,17.4,61.4,31,20.0,32,70.7,6.88,2,0,13.0,No,65.0,74.7,Good,Low
STU102789,20,Female,ECE,2,50.4,56.4,63.6,45.3,11,17.0,52.7,25,14.0,15,59.9,6.66,0,2,8.0,Yes,56.7,44.1,Poor,High
STU102790,18,Other,IT,7,74.1,62.2,79.6,46.1,13,7.3,56.9,23,12.0,36,71.8,6.85,1,1,9.0,Yes,56.4,49.0,Poor,High
STU102791,21,Male,CIVIL,8,86.3,55.9,77.9,61.5,19,11.6,72.2,35,22.0,68,80.7,8.23,0,0,12.0,No,62.8,72.6,Good,Low
STU102792,20,Female,AI&DS,4,63.7,69.6,68.8,62.7,8,16.6,60.3,13,10.0,48,46.0,6.7,0,2,9.0,Yes,63.5,58.9,Average,Medium
STU102793,20,Male,IT,4,67.2,44.7,60.1,47.5,10,1.8,63.5,21,14.0,28,74.0,5.38,1,6,1.0,No,56.2,55.6,Average,Medium
STU102794,23,Male,CSE,6,70.9,74.0,67.7,69.9,10,8.4,58.4,24,19.0,25,56.8,6.85,2,4,11.0,No,88.3,54.4,Average,Medium
STU102795,19,Male,IT,2,86.0,70.4,82.5,81.0,20,17.9,84.0,43,25.0,44,89.6,7.05,1,2,17.0,Yes,85.2,80.1,Excellent,Low
STU102796,24,Male,AI&DS,3,65.6,61.1,62.0,63.5,9,10.3,54.4,24,15.0,53,56.3,7.1,0,3,5.0,Yes,54.2,54.0,Average,Medium
STU102797,20,Female,CSE,8,74.3,70.4,77.0,78.2,15,14.5,56.5,27,17.0,27,54.7,7.16,0,0,9.0,No,67.9,66.8,Good,Low
STU102798,19,Male,CIVIL,7,78.3,63.0,69.2,54.5,9,8.7,48.2,23,14.0,28,46.7,5.53,1,5,8.0,Yes,61.1,46.1,Poor,High
STU102799,19,Female,ECE,3,67.4,73.0,72.0,58.6,9,18.9,64.3,28,14.0,43,63.0,6.33,0,0,9.0,No,71.6,75.4,Good,Low
STU102800,22,Female,IT,6,80.1,63.4,94.2,62.7,15,15.1,52.5,37,14.0,37,87.2,5.56,1,1,11.0,Yes,69.3,60.6,Average,Medium
STU102801,24,Female,MECH,8,74.5,58.6,66.1,52.4,12,12.8,64.7,26,12.0,47,64.5,6.71,1,2,5.0,No,57.4,46.7,Poor,High
STU102802,24,Male,CSE,3,73.1,68.7,70.9,70.4,9,14.0,50.0,21,15.0,27,53.6,7.71,0,3,9.0,No,76.3,58.3,Average,Medium
STU102803,19,Male,CSE,3,86.3,78.1,69.3,71.1,14,12.8,71.4,28,19.0,32,59.9,7.04,1,0,12.0,Yes,78.6,63.0,Average,Medium
STU102804,24,Male,ECE,8,71.3,46.9,52.7,48.8,5,9.4,60.3,25,13.0,21,52.8,6.61,0,2,7.0,No,44.7,53.3,Average,Medium
STU102805,19,Male,EEE,8,67.4,54.6,52.7,53.2,13,6.2,42.9,13,16.0,25,45.8,5.6,2,5,6.0,No,50.1,36.3,Poor,High
STU102806,21,Male,ECE,5,73.0,52.4,66.9,61.5,8,20.2,49.9,30,14.0,38,59.9,7.71,0,5,8.0,No,75.8,58.0,Average,Medium
STU102807,18,Female,CSE,5,85.8,80.2,69.9,79.0,14,17.9,78.6,32,26.0,27,75.3,7.98,1,2,12.0,Yes,83.1,84.1,Excellent,Low
STU102808,19,Female,CSE,3,69.6,48.7,64.7,34.1,10,,49.0,20,16.0,18,48.4,4.45,3,4,6.0,No,52.8,45.2,Poor,High
STU102809,20,Male,ECE,2,67.9,64.2,71.3,51.6,12,18.2,50.4,20,12.0,37,35.4,8.59,1,3,8.0,Yes,69.6,58.7,Average,Medium
STU102810,24,Male,CSE,5,74.1,65.2,66.3,39.1,8,9.9,50.5,19,13.0,34,56.7,4.05,1,4,8.0,Yes,54.6,50.2,Average,Medium
STU102811,19,Female,ECE,3,68.3,69.2,81.0,47.6,12,15.9,82.3,29,14.0,27,70.5,6.25,2,4,9.0,Yes,62.2,61.4,Average,Medium
STU102812,19,Female,CSE,4,69.5,67.3,72.1,60.5,8,16.5,52.3,15,16.0,29,60.9,5.79,1,4,5.0,No,68.8,66.6,Good,Low
STU102813,19,Female,IT,8,66.9,65.9,59.9,70.5,11,13.1,63.0,33,16.0,33,74.1,5.44,1,1,11.0,No,61.0,46.3,Poor,High
STU102814,19,Female,EEE,8,81.8,62.6,84.7,59.3,12,9.2,,38,24.0,49,87.3,6.1,1,1,15.0,No,60.3,58.8,Average,Medium
STU102815,21,Female,CSE,5,81.4,67.4,79.3,76.0,17,11.9,94.2,37,16.0,62,75.2,7.65,1,2,11.0,No,71.1,71.7,Good,Low
STU102816,19,Male,CIVIL,4,50.0,59.6,70.3,45.3,11,22.3,66.8,20,9.0,25,43.9,6.5,0,3,8.0,Yes,54.2,61.1,Average,Medium
STU102817,20,Female,ECE,8,70.3,56.3,72.9,40.9,8,8.4,32.9,14,9.0,25,47.2,4.26,1,3,9.0,No,43.6,54.4,Average,Medium
STU102818,21,Male,ECE,8,62.7,71.2,71.8,63.8,11,14.2,73.0,24,15.0,17,56.0,6.55,2,0,9.0,Yes,66.4,71.6,Good,Low
STU102819,23,Female,AI&DS,6,76.2,75.2,90.7,75.5,16,13.7,,24,17.0,44,77.7,6.93,2,5,14.0,Yes,77.7,68.1,Good,Low
STU102820,18,Male,AI&DS,7,72.4,69.4,70.9,62.1,12,11.2,53.0,19,14.0,45,50.7,6.75,0,5,9.0,No,72.2,58.8,Average,Medium
STU102821,20,Female,IT,5,72.7,55.2,76.0,50.8,8,12.7,67.8,15,11.0,36,51.7,6.13,2,3,11.0,No,64.8,60.5,Average,Medium
STU102822,21,Female,CSE,6,85.2,74.7,90.4,70.8,13,10.1,72.5,35,22.0,33,77.5,7.24,1,2,13.0,No,91.3,76.7,Good,Low
STU102823,24,Female,EEE,5,91.2,69.1,93.0,68.3,13,14.2,84.4,28,25.0,39,73.0,6.91,0,0,10.0,No,69.4,83.7,Excellent,Low
STU102824,24,Male,CSE,3,57.2,55.7,70.5,45.5,12,11.8,59.5,24,18.0,27,70.8,5.64,2,2,6.0,No,51.7,37.8,Poor,High
STU102825,24,Female,ECE,2,85.1,65.1,73.0,46.1,12,12.7,77.7,29,21.0,49,63.5,6.01,1,3,7.0,Yes,70.0,57.2,Average,Medium
STU102826,21,Female,ECE,2,73.7,54.1,51.9,53.0,11,13.3,64.6,28,20.0,17,36.6,6.16,2,2,15.0,No,64.7,51.6,Average,Medium
STU102827,18,Female,CSE,7,87.5,95.1,75.3,88.3,19,19.1,75.0,29,26.0,60,95.9,7.48,0,0,12.0,Yes,80.2,80.4,Excellent,Low
STU102828,24,Male,CSE,8,68.1,71.5,67.0,61.9,11,12.8,51.6,33,18.0,48,61.7,8.4,1,0,11.0,Yes,69.7,71.3,Good,Low
STU102829,22,Female,ECE,5,55.2,59.9,61.9,31.3,10,13.8,64.8,26,11.0,38,61.1,4.85,2,3,9.0,No,55.1,37.9,Poor,High
STU102830,24,Female,ECE,5,86.7,75.9,82.9,80.7,15,23.2,69.9,28,23.0,50,82.0,8.76,1,1,13.0,No,92.4,87.3,Excellent,Low
STU102831,24,Male,IT,8,70.0,41.6,69.1,41.3,12,7.2,58.3,21,11.0,31,63.4,6.48,0,6,12.0,Yes,62.0,36.5,Poor,High
STU102832,23,Female,MECH,8,72.0,70.1,67.0,96.2,12,17.2,59.2,26,17.0,43,65.5,7.39,0,2,9.0,No,83.3,65.2,Good,Low
STU102833,20,Male,IT,7,68.8,75.2,59.0,69.7,11,13.8,53.8,30,18.0,31,,5.9,1,0,7.0,No,75.5,62.2,Average,Medium
STU102834,22,Female,IT,5,68.2,56.7,52.5,44.5,9,13.8,56.3,19,12.0,24,50.7,6.85,2,4,7.0,No,53.7,53.3,Average,Medium
STU102835,22,Male,CSE,5,76.3,76.7,55.1,69.1,7,16.4,27.7,10,11.0,33,36.1,7.2,1,3,7.0,No,77.5,52.4,Average,Medium
STU102836,24,Female,IT,6,73.3,53.6,52.5,57.3,11,15.7,45.4,15,9.0,35,,5.71,1,2,10.0,No,71.2,42.9,Poor,High
STU102837,19,Male,IT,7,83.3,76.9,74.4,63.4,8,11.9,54.4,29,13.0,18,52.0,7.0,0,5,9.0,No,71.1,63.0,Average,Medium
STU102838,21,Male,ECE,8,96.1,54.8,91.8,80.3,14,10.4,51.6,33,19.0,28,72.7,7.41,2,2,15.0,No,71.9,66.4,Good,Low
STU102839,22,Male,EEE,6,86.6,67.3,82.5,54.4,14,10.4,77.0,40,14.0,59,92.8,7.46,0,1,12.0,No,67.6,69.4,Good,Low
STU102840,19,Female,AI&DS,7,89.6,65.2,83.5,50.0,14,23.3,54.7,17,21.0,28,48.2,6.63,1,4,9.0,Yes,64.8,59.4,Average,Medium
STU102841,20,Male,CSE,2,78.7,55.3,76.3,61.5,9,16.5,63.6,26,15.0,12,65.7,6.34,1,2,7.0,Yes,55.6,54.7,Average,Medium
STU102842,24,Male,AI&DS,4,81.8,80.5,71.6,61.9,11,20.9,77.6,33,20.0,37,67.0,8.65,2,1,16.0,No,68.1,65.4,Good,Low
STU102843,18,Male,CSE,3,95.3,67.2,100.0,60.5,17,11.5,93.0,36,18.0,55,74.0,8.71,0,0,13.0,Yes,67.1,72.3,Good,Low
STU102844,21,Female,ECE,7,68.7,78.3,69.4,72.7,14,17.0,68.7,23,13.0,31,56.7,7.89,0,2,13.0,No,81.6,61.7,Average,Medium
STU102845,22,Male,EEE,3,76.1,65.4,75.2,44.8,10,6.5,40.9,19,12.0,39,56.5,7.11,0,0,6.0,No,64.3,56.0,Average,Medium
STU102846,24,Female,CSE,4,67.2,49.7,49.0,49.2,9,12.5,42.2,17,6.0,12,73.5,4.7,2,2,5.0,Yes,45.5,43.6,Poor,High
STU102847,19,Male,AI&DS,6,71.6,55.3,63.7,47.8,7,11.7,33.3,19,12.0,27,57.1,5.85,1,1,7.0,No,60.3,41.1,Poor,High
STU102848,20,Male,CSE,5,70.2,55.8,63.2,56.9,11,10.1,51.8,29,18.0,40,66.3,5.5,3,5,8.0,No,60.2,46.9,Poor,High
STU102849,18,Male,IT,4,80.5,82.5,74.4,67.4,12,13.7,83.5,22,18.0,45,65.1,7.76,1,2,11.0,No,81.5,58.9,Average,Medium
STU102850,20,Female,CIVIL,3,87.5,68.2,74.7,80.4,14,20.7,84.7,33,23.0,55,71.5,8.27,0,4,9.0,Yes,87.6,79.1,Good,Low
STU102851,24,Male,CSE,8,84.9,45.6,80.2,69.0,15,12.2,81.8,38,19.0,56,65.4,6.33,1,4,9.0,Yes,62.4,56.7,Average,Medium
STU102852,23,Other,CIVIL,8,93.3,76.0,96.9,72.2,15,22.2,74.6,31,21.0,60,99.1,7.71,1,0,16.0,No,83.4,82.6,Excellent,Low
STU102853,20,Male,CIVIL,2,69.4,68.9,93.2,59.2,15,16.4,68.9,31,19.0,28,65.7,7.9,0,2,13.0,No,66.6,66.7,Good,Low
STU102854,22,Female,CIVIL,8,82.4,56.6,92.7,60.2,13,16.3,71.9,13,17.0,35,69.0,6.34,1,2,8.0,No,58.1,64.5,Average,Medium
STU102855,24,Male,IT,7,55.7,51.8,63.5,42.5,9,11.2,35.1,13,11.0,27,44.6,4.78,1,4,5.0,Yes,51.2,38.2,Poor,High
STU102856,21,Male,ECE,8,82.7,68.9,92.9,71.3,13,18.6,75.7,28,18.0,61,79.2,8.66,0,4,10.0,No,72.5,71.8,Good,Low
STU102857,20,Female,AI&DS,5,64.3,63.3,78.1,43.6,13,12.7,69.1,29,15.0,39,59.6,6.22,0,3,10.0,Yes,53.2,60.9,Average,Medium
STU102858,24,Female,IT,4,81.2,54.0,61.8,58.7,13,19.9,76.3,21,16.0,42,72.4,6.55,1,3,14.0,No,70.4,57.9,Average,Medium
STU102859,23,Female,CIVIL,6,73.6,85.2,71.9,53.6,7,16.4,59.1,15,12.0,33,47.1,6.74,2,2,4.0,Yes,73.7,60.2,Average,Medium
STU102860,21,Female,AI&DS,7,83.3,65.9,62.7,45.7,10,3.7,62.7,20,17.0,34,69.4,5.11,1,2,11.0,Yes,55.0,60.0,Average,Medium
STU102861,18,Male,EEE,8,58.6,43.0,65.3,44.1,8,8.3,55.5,18,6.0,18,74.8,6.49,2,2,4.0,Yes,41.6,44.1,Poor,High
STU102862,18,Female,EEE,3,79.0,64.9,76.1,72.3,14,20.2,59.9,26,21.0,51,70.4,7.49,1,1,15.0,No,67.2,60.4,Average,Medium
STU102863,18,Male,ECE,8,62.3,53.5,60.9,62.4,7,8.1,69.0,16,13.0,19,48.9,5.45,1,0,13.0,Yes,54.1,61.9,Average,Medium
STU102864,22,Female,EEE,4,89.1,92.3,82.8,100.0,14,19.4,74.1,38,27.0,43,84.2,9.49,1,2,16.0,Yes,100.0,95.0,Excellent,Low
STU102865,19,Female,CSE,6,78.0,55.2,64.2,47.2,14,13.0,89.7,27,14.0,42,85.7,6.69,0,2,11.0,No,58.4,62.6,Average,Medium
STU102866,18,Male,ECE,7,57.3,43.3,49.2,36.9,10,15.4,31.2,19,14.0,14,36.7,4.32,0,3,6.0,No,43.5,43.2,Poor,High
STU102867,22,Female,AI&DS,6,77.2,58.5,85.9,54.1,14,11.9,71.2,27,16.0,44,86.0,4.94,1,4,13.0,Yes,63.1,53.2,Average,Medium
STU102868,21,Female,CSE,2,72.3,74.7,58.1,76.0,8,12.8,51.3,6,13.0,17,49.1,7.85,1,4,8.0,No,77.8,56.6,Average,Medium
STU102869,21,Male,ECE,8,70.0,58.6,80.9,63.4,14,15.1,62.1,27,20.0,41,72.5,6.68,1,4,9.0,Yes,56.4,55.5,Average,Medium
STU102870,19,Male,AI&DS,2,68.9,68.6,61.1,73.8,7,14.6,36.5,20,17.0,26,49.1,7.29,2,5,6.0,Yes,81.2,67.2,Good,Low
STU102871,19,Female,ECE,5,56.7,27.7,43.5,40.5,12,9.5,38.9,11,11.0,18,46.4,5.94,1,6,8.0,No,51.4,35.6,Poor,High
STU102872,19,Male,CSE,6,54.3,60.0,50.5,44.2,12,12.0,46.1,18,5.0,24,39.4,6.19,1,5,8.0,Yes,56.3,40.5,Poor,High
STU102873,22,Male,ECE,3,70.8,49.4,55.0,47.3,9,9.4,54.7,17,11.0,24,44.2,5.49,2,2,6.0,Yes,58.6,34.5,Poor,High
STU102874,24,Female,AI&DS,7,62.4,28.4,46.1,39.7,10,8.7,52.5,17,14.0,20,41.2,5.47,2,5,12.0,Yes,34.8,30.0,Poor,High
STU102875,24,Female,CSE,6,78.6,70.1,73.9,49.8,10,15.2,54.8,23,13.0,14,39.6,7.67,1,3,7.0,Yes,66.7,67.0,Good,Low
STU102876,18,Female,CIVIL,4,60.4,45.1,57.0,35.9,7,6.1,48.2,19,7.0,21,57.6,4.0,3,4,1.0,No,46.0,34.2,Poor,High
STU102877,22,Female,EEE,3,64.8,44.2,64.4,36.5,11,9.4,56.9,13,14.0,17,49.4,6.23,2,6,5.0,No,59.7,34.8,Poor,High
STU102878,23,Male,ECE,6,67.1,64.0,73.4,70.2,11,10.2,67.5,25,26.0,26,75.5,5.91,0,3,16.0,No,57.2,61.7,Average,Medium
STU102879,18,Male,EEE,2,71.5,41.7,65.4,36.3,10,7.4,60.4,26,14.0,27,61.4,6.58,1,5,11.0,No,43.9,54.2,Average,Medium
STU102880,22,Male,AI&DS,8,70.9,48.0,75.5,71.6,11,15.6,45.4,16,17.0,25,57.4,6.42,1,2,10.0,Yes,64.1,59.6,Average,Medium
STU102881,21,Male,CSE,2,75.0,64.3,61.3,57.0,14,9.4,46.2,19,16.0,30,68.0,6.31,2,2,12.0,Yes,59.7,57.3,Average,Medium
STU102882,19,Female,AI&DS,2,85.4,68.3,72.4,46.5,19,19.1,79.9,34,20.0,59,97.6,7.92,2,1,16.0,Yes,84.1,63.0,Average,Medium
STU102883,23,Male,CIVIL,3,89.0,63.6,78.3,52.9,14,15.5,100.0,29,16.0,36,77.9,8.03,1,0,11.0,No,66.2,67.4,Good,Low
STU102884,24,Male,EEE,7,89.6,80.3,79.0,68.7,11,16.4,65.2,23,17.0,54,58.7,8.59,1,2,8.0,No,88.5,76.8,Good,Low
STU102885,22,Female,CIVIL,7,79.2,67.0,70.4,55.0,11,13.3,70.9,24,17.0,34,75.4,5.62,1,5,8.0,No,51.2,60.4,Average,Medium
STU102886,19,Female,IT,6,86.8,83.0,86.3,65.8,16,17.1,78.4,26,16.0,32,53.3,7.13,1,1,12.0,No,81.4,64.8,Average,Medium
STU102887,21,Female,AI&DS,7,83.3,72.4,63.0,59.7,13,19.5,60.4,26,16.0,47,69.9,7.63,0,3,12.0,No,79.0,64.3,Average,Medium
STU102888,21,Female,IT,4,79.2,70.0,82.5,62.1,15,19.6,66.0,20,9.0,25,54.1,5.72,1,1,10.0,No,57.7,71.2,Good,Low
STU102889,24,Other,MECH,8,,53.0,73.7,53.8,11,15.6,60.5,30,13.0,24,62.5,5.2,0,0,13.0,No,45.2,54.7,Average,Medium
STU102890,23,Female,EEE,2,69.5,40.7,61.1,65.2,16,11.4,77.7,31,18.0,39,57.2,6.5,3,3,14.0,No,44.3,52.2,Average,Medium
STU102891,22,Female,ECE,6,69.0,70.5,56.3,57.8,9,13.1,55.8,20,11.0,61,60.9,6.0,1,2,11.0,No,64.9,41.8,Poor,High
STU102892,23,Female,ECE,4,73.4,70.0,67.0,68.2,10,7.1,65.5,33,13.0,13,60.2,7.17,1,1,11.0,No,67.9,56.6,Average,Medium
STU102893,22,Female,CSE,4,81.2,76.1,80.9,56.2,17,15.1,77.1,21,12.0,35,58.9,6.23,2,0,10.0,Yes,70.0,55.7,Average,Medium
STU102894,20,Male,CSE,7,71.0,47.9,68.4,70.7,12,12.7,70.8,41,26.0,53,90.7,5.66,2,0,13.0,Yes,72.6,63.9,Average,Medium
STU102895,18,Female,AI&DS,7,76.8,66.1,64.7,52.0,12,6.9,63.1,36,11.0,34,70.4,7.23,2,3,7.0,No,64.9,56.3,Average,Medium
STU102896,23,Male,CSE,5,91.7,56.6,72.4,42.9,13,9.1,67.1,31,17.0,37,71.0,5.26,2,5,6.0,Yes,59.8,57.1,Average,Medium
STU102897,21,Male,CSE,8,86.5,83.8,71.0,64.5,12,17.6,69.2,27,20.0,46,70.8,7.62,3,0,15.0,No,71.3,62.6,Average,Medium
STU102898,24,Female,CSE,3,73.5,71.9,87.2,63.2,13,15.9,71.8,31,20.0,41,57.4,5.97,2,2,9.0,Yes,75.6,63.0,Average,Medium
STU102899,22,Male,IT,2,58.0,49.9,60.6,59.4,9,12.4,56.4,26,19.0,27,45.8,6.5,1,2,7.0,No,58.9,54.6,Average,Medium
STU102900,21,Female,CSE,3,74.2,71.0,73.3,72.1,9,19.5,59.0,18,11.0,44,64.9,7.34,1,2,9.0,Yes,68.4,56.7,Average,Medium
STU102901,22,Female,IT,2,80.2,60.6,92.7,59.1,10,13.5,80.0,30,16.0,31,53.1,6.47,3,0,10.0,No,71.7,71.1,Good,Low
STU102902,22,Male,EEE,7,67.0,58.8,64.0,43.6,13,6.7,66.9,24,13.0,33,74.4,6.31,0,2,8.0,No,52.6,51.5,Average,Medium
STU102903,24,Female,CSE,5,68.8,67.3,75.2,78.1,11,18.6,58.6,21,17.0,29,76.7,7.5,0,0,8.0,No,67.0,66.0,Good,Low
STU102904,20,Female,CSE,5,69.4,52.6,66.3,53.9,10,15.8,59.8,25,12.0,25,70.2,7.77,0,1,4.0,No,62.6,53.7,Average,Medium
STU102905,20,Female,CSE,5,85.1,58.7,83.2,52.0,11,16.3,66.4,27,17.0,31,72.4,7.2,1,2,11.0,No,57.1,64.5,Average,Medium
STU102906,20,Male,AI&DS,2,57.5,64.5,53.4,40.8,8,12.9,47.2,12,9.0,23,43.3,6.61,0,3,11.0,Yes,46.2,46.0,Poor,High
STU102907,18,Female,CSE,6,87.2,75.1,64.6,79.5,15,22.6,74.6,40,17.0,39,69.3,7.21,1,3,14.0,No,77.9,67.4,Good,Low
STU102908,21,Male,CIVIL,8,71.8,61.0,66.7,54.6,9,12.3,62.8,26,13.0,44,76.9,5.97,2,4,8.0,No,62.7,61.8,Average,Medium
STU102909,21,Female,AI&DS,2,59.6,58.4,64.8,36.7,8,14.2,56.5,23,8.0,19,55.7,5.12,2,3,6.0,Yes,48.4,50.2,Average,Medium
STU102910,19,Male,ECE,3,70.5,70.9,66.4,48.9,10,9.7,38.8,22,12.0,18,56.4,6.14,1,5,8.0,Yes,59.0,56.4,Average,Medium
STU102911,23,Male,ECE,7,72.1,59.6,78.6,61.6,13,6.6,68.1,21,15.0,31,75.6,6.81,1,0,12.0,No,,55.5,Average,Medium
STU102912,22,Male,EEE,7,97.3,74.2,80.6,81.7,14,14.7,77.1,44,22.0,42,99.4,8.76,1,3,12.0,No,78.4,69.3,Good,Low
STU102913,19,Female,IT,3,85.6,64.3,82.5,68.3,14,12.3,68.7,44,16.0,50,70.4,6.66,2,2,10.0,No,56.5,68.1,Good,Low
STU102914,19,Female,ECE,2,70.9,37.0,63.7,35.5,12,7.2,57.8,15,13.0,25,65.8,5.14,3,1,5.0,Yes,54.2,37.2,Poor,High
STU102915,22,Female,AI&DS,7,81.6,63.2,82.9,66.3,16,12.2,79.4,32,19.0,48,60.2,6.89,0,3,14.0,No,61.0,68.5,Good,Low
STU102916,18,Female,IT,3,82.5,87.2,73.0,76.6,13,18.3,70.8,27,21.0,34,62.5,8.09,0,2,7.0,No,74.8,78.5,Good,Low
STU102917,19,Male,IT,7,96.2,90.8,87.1,65.2,17,20.7,86.2,29,26.0,41,,8.52,0,0,11.0,No,72.6,79.4,Good,Low
STU102918,21,Female,CIVIL,4,91.0,83.4,86.0,89.0,19,20.3,100.0,36,25.0,60,92.3,7.95,1,2,15.0,No,89.4,92.0,Excellent,Low
STU102919,24,Male,CIVIL,8,51.7,50.0,61.0,38.9,9,8.4,46.5,28,12.0,9,63.6,6.43,1,4,10.0,Yes,52.1,43.3,Poor,High
STU102920,18,Female,ECE,8,76.0,67.6,79.4,66.5,11,19.9,75.0,30,20.0,50,70.3,7.54,1,3,12.0,No,80.4,58.0,Average,Medium
STU102921,21,Female,ECE,2,68.4,48.1,60.4,57.0,11,8.7,63.0,35,17.0,34,46.9,7.4,0,3,12.0,Yes,70.0,51.7,Average,Medium
STU102922,21,Male,AI&DS,7,76.8,72.1,90.1,71.8,10,13.0,63.5,33,16.0,50,56.8,7.03,1,1,7.0,Yes,80.1,69.4,Good,Low
STU102923,19,Male,EEE,7,66.4,41.3,57.3,39.8,12,8.1,48.1,22,13.0,10,40.9,4.86,1,0,7.0,Yes,48.8,37.8,Poor,High
STU102924,21,Female,CIVIL,4,66.2,52.5,58.0,57.2,9,13.6,52.4,26,11.0,21,27.0,6.17,0,1,3.0,Yes,60.3,54.8,Average,Medium
STU102925,22,Female,AI&DS,8,83.8,54.2,67.0,59.6,13,11.0,61.0,36,21.0,42,79.7,6.23,1,3,13.0,No,65.7,65.1,Good,Low
STU102926,18,Female,ECE,7,80.3,77.3,75.8,68.4,15,17.6,83.3,35,22.0,57,79.1,7.35,1,1,11.0,No,73.3,65.4,Good,Low
STU102927,24,Female,CIVIL,3,76.4,70.6,83.9,67.9,15,18.3,75.2,35,19.0,50,65.9,7.86,0,2,12.0,No,77.0,68.3,Good,Low
STU102928,19,Female,CSE,7,69.6,57.3,46.3,60.5,11,10.4,70.4,19,14.0,29,61.3,7.68,2,3,6.0,No,66.1,59.2,Average,Medium
STU102929,20,Male,EEE,6,73.7,62.4,67.0,47.5,10,4.9,48.5,20,19.0,28,62.6,5.53,1,0,12.0,No,55.8,54.7,Average,Medium
STU102930,18,Female,CIVIL,5,66.6,,67.1,67.0,14,12.1,76.7,18,16.0,42,79.4,6.93,3,3,9.0,No,75.0,56.0,Average,Medium
STU102931,22,Female,CSE,8,56.5,57.7,55.4,55.3,10,7.8,67.7,27,17.0,40,62.1,6.03,0,5,8.0,No,58.3,53.1,Average,Medium
STU102932,22,Male,AI&DS,5,75.7,74.7,67.3,67.9,12,14.1,67.7,29,20.0,56,65.7,6.96,0,1,12.0,No,74.4,59.9,Average,Medium
STU102933,18,Female,CSE,3,81.5,72.0,78.2,65.9,12,8.9,56.8,19,,29,73.9,6.46,0,1,11.0,No,65.6,62.8,Average,Medium
STU102934,20,Male,CSE,5,89.3,75.1,63.8,68.3,11,11.4,64.4,27,18.0,51,51.1,8.65,1,3,10.0,No,57.5,75.4,Good,Low
STU102935,23,Female,ECE,5,82.4,47.4,66.3,47.5,12,14.1,65.3,22,18.0,22,63.4,7.01,2,3,7.0,Yes,61.2,53.7,Average,Medium
STU102936,22,Female,MECH,3,58.4,44.2,49.5,15.0,6,2.3,38.7,17,8.0,9,48.0,4.0,2,6,2.0,No,28.3,29.2,Poor,High
STU102937,20,Female,AI&DS,6,80.2,46.2,44.1,50.5,7,12.5,45.1,23,15.0,16,53.0,4.0,2,5,8.0,Yes,62.2,56.1,Average,Medium
STU102938,22,Female,EEE,7,80.7,71.4,81.8,72.0,9,14.5,89.9,35,15.0,42,75.4,7.71,0,1,15.0,No,73.3,61.2,Average,Medium
STU102939,23,Female,CSE,8,83.2,58.1,56.4,54.8,16,14.1,55.6,26,14.0,32,50.5,6.18,2,2,13.0,Yes,54.9,50.5,Average,Medium
STU102940,20,Male,CIVIL,7,69.5,62.3,85.4,68.5,14,10.5,83.7,32,23.0,56,86.5,5.18,2,3,13.0,No,62.1,65.5,Good,Low
STU102941,19,Female,AI&DS,5,71.7,78.5,77.5,67.4,7,20.1,45.7,29,13.0,25,34.3,7.84,3,1,13.0,No,70.1,58.4,Average,Medium
STU102942,18,Male,MECH,7,77.7,68.6,71.2,80.8,13,15.3,75.8,23,23.0,38,100.0,8.65,1,1,11.0,No,84.1,72.6,Good,Low
STU102943,24,Female,CSE,8,76.6,48.5,75.7,59.1,12,14.5,71.6,17,20.0,25,84.3,6.7,1,3,13.0,Yes,70.6,60.7,Average,Medium
STU102944,20,Female,CIVIL,7,91.6,60.4,62.9,60.3,11,16.4,80.1,25,16.0,26,61.3,5.86,2,3,10.0,No,69.5,59.8,Average,Medium
STU102945,23,Male,ECE,7,72.9,65.9,49.1,49.3,12,14.6,63.1,11,11.0,31,48.3,6.81,0,2,6.0,No,58.5,53.2,Average,Medium
STU102946,20,Male,IT,7,67.9,61.4,81.4,72.4,13,11.4,70.0,25,15.0,41,69.9,6.59,0,1,11.0,No,70.5,70.4,Good,Low
STU102947,22,Male,ECE,5,91.2,73.6,79.3,92.4,14,11.8,64.7,34,21.0,50,86.7,7.43,1,2,15.0,No,79.8,67.4,Good,Low
STU102948,20,Female,IT,7,71.3,58.9,74.0,55.3,11,,77.5,28,17.0,40,50.1,5.94,2,1,9.0,Yes,70.3,48.1,Poor,High
STU102949,22,Male,ECE,4,74.5,67.0,67.9,69.3,9,16.2,51.8,23,17.0,22,51.1,7.67,0,1,8.0,No,63.3,59.1,Average,Medium
STU102950,24,Male,CSE,8,82.2,64.6,66.5,73.0,13,16.2,82.7,23,19.0,38,72.9,6.77,0,1,12.0,No,,64.2,Average,Medium
STU102951,23,Male,MECH,8,66.7,44.8,60.8,52.6,15,7.9,74.2,30,21.0,22,79.7,5.76,1,2,12.0,Yes,58.4,47.2,Poor,High
STU102952,19,Male,CSE,6,78.8,63.6,70.5,71.0,12,14.2,67.1,21,19.0,46,52.3,8.64,1,2,6.0,No,70.0,55.8,Average,Medium
STU102953,21,Male,CIVIL,7,80.9,75.5,74.2,47.9,13,14.4,62.3,31,21.0,28,75.3,6.89,2,4,10.0,Yes,72.8,62.8,Average,Medium
STU102954,19,Female,AI&DS,7,57.1,54.9,49.6,28.7,10,9.6,44.9,23,9.0,5,54.2,4.45,2,4,9.0,Yes,49.2,42.3,Poor,High
STU102955,19,Female,MECH,6,75.0,52.6,65.8,33.4,10,6.8,50.8,26,14.0,10,55.3,5.62,3,1,9.0,No,57.0,48.1,Poor,High
STU102956,23,Female,ECE,7,73.0,60.7,72.2,63.7,11,19.1,72.1,38,16.0,50,79.9,6.49,0,3,10.0,No,68.6,66.6,Good,Low
STU102957,24,Male,ECE,7,85.3,54.4,85.7,62.4,12,19.8,85.7,31,17.0,31,62.1,8.26,2,4,15.0,No,72.2,67.6,Good,Low
STU102958,24,Female,MECH,3,84.4,89.0,91.3,65.0,13,15.3,73.8,26,16.0,34,98.7,6.32,1,1,11.0,No,83.9,73.4,Good,Low
STU102959,23,Female,MECH,3,69.4,68.1,79.2,62.2,12,14.3,69.7,27,17.0,27,79.8,6.16,1,2,7.0,No,62.2,61.1,Average,Medium
STU102960,21,Female,MECH,5,85.1,75.7,90.7,80.7,14,23.7,93.2,35,19.0,36,67.9,7.4,1,0,15.0,No,87.6,82.7,Excellent,Low
STU102961,21,Female,EEE,2,71.3,70.1,42.8,41.4,1,5.5,27.9,6,1.0,4,26.2,6.06,2,4,2.0,Yes,54.4,40.9,Poor,High
STU102962,21,Male,EEE,7,80.1,62.2,72.6,51.4,11,10.4,66.4,28,24.0,38,68.8,7.32,0,1,7.0,No,69.2,54.8,Average,Medium
STU102963,23,Female,CIVIL,6,83.8,74.6,69.8,58.0,11,10.5,49.9,26,10.0,13,52.4,5.28,1,0,5.0,No,77.2,62.8,Average,Medium
STU102964,18,Male,AI&DS,2,81.8,59.1,89.7,52.0,18,12.7,85.2,36,25.0,53,75.3,6.69,1,0,13.0,Yes,73.3,73.2,Good,Low
STU102965,23,Female,CSE,4,82.7,69.0,88.3,63.1,15,10.8,90.3,26,23.0,29,92.9,6.91,1,4,14.0,Yes,71.4,68.7,Good,Low
STU102966,23,Female,MECH,5,69.0,55.3,67.2,38.7,11,8.5,63.4,24,17.0,21,72.7,4.7,1,4,10.0,Yes,42.5,49.0,Poor,High
STU102967,24,Male,ECE,7,95.3,85.1,71.8,90.0,12,17.3,57.1,34,18.0,33,68.4,8.56,0,3,11.0,No,92.6,65.4,Good,Low
STU102968,22,Male,IT,2,76.3,66.7,68.8,34.6,9,6.7,60.5,22,8.0,19,48.7,6.22,1,3,4.0,Yes,51.7,54.8,Average,Medium
STU102969,21,Female,IT,5,91.7,85.2,82.7,64.1,13,23.3,86.6,29,20.0,60,52.0,8.84,0,0,15.0,Yes,82.4,72.3,Good,Low
STU102970,21,Male,IT,3,84.9,66.1,89.4,67.7,16,17.4,72.2,33,25.0,42,83.0,5.94,1,3,14.0,No,68.2,74.8,Good,Low
STU102971,22,Male,EEE,4,58.6,66.1,55.5,76.0,11,11.4,50.5,19,16.0,34,34.7,6.91,1,8,0.0,Yes,71.8,51.2,Average,Medium
STU102972,20,Female,MECH,5,76.3,55.6,67.4,67.7,11,18.1,56.3,19,11.0,27,36.6,6.55,0,0,5.0,Yes,60.5,70.7,Good,Low
STU102973,23,Male,AI&DS,3,84.8,55.7,71.9,59.3,14,14.2,62.1,21,23.0,32,57.9,6.42,1,0,13.0,No,57.6,68.0,Good,Low
STU102974,21,Male,CSE,4,77.9,56.1,74.4,57.0,15,15.4,61.5,25,21.0,40,81.4,5.93,1,1,15.0,Yes,48.8,62.9,Average,Medium
STU102975,19,Male,CIVIL,4,73.8,76.0,61.6,69.2,12,9.7,69.7,30,20.0,58,80.7,7.62,1,3,15.0,No,74.6,63.8,Average,Medium
STU102976,23,Female,CIVIL,7,84.5,70.0,66.6,77.9,15,12.8,68.7,33,21.0,49,78.3,7.16,0,0,13.0,No,73.5,72.2,Good,Low
STU102977,20,Female,CSE,4,70.1,56.5,80.7,42.4,14,13.6,75.6,35,18.0,39,54.4,5.47,2,3,9.0,No,52.1,49.0,Poor,High
STU102978,18,Female,IT,6,73.0,60.2,64.4,60.0,12,12.3,64.6,27,12.0,37,,6.56,1,2,13.0,Yes,63.4,71.0,Good,Low
STU102979,21,Female,IT,4,55.5,44.9,53.0,53.9,6,9.5,49.1,7,15.0,14,,,1,4,7.0,Yes,55.9,40.5,Poor,High
STU102980,21,Male,AI&DS,3,70.7,79.9,85.2,80.7,15,19.5,85.5,33,24.0,39,67.2,8.24,0,2,14.0,No,82.1,77.3,Good,Low
STU102981,20,Male,CSE,2,76.8,64.4,67.0,63.9,16,14.3,80.4,23,10.0,44,63.6,5.67,1,2,12.0,No,58.6,56.9,Average,Medium
STU102982,18,Male,IT,2,100.0,80.9,84.1,69.9,11,18.7,85.0,30,23.0,45,92.7,7.88,0,1,13.0,No,86.8,77.4,Good,Low
STU102983,21,Male,CSE,4,67.4,65.1,53.0,68.0,13,16.4,47.7,17,18.0,39,49.8,6.01,1,3,7.0,No,69.7,55.4,Average,Medium
STU102984,23,Male,AI&DS,3,88.6,62.1,51.8,44.0,11,9.7,52.5,19,16.0,46,58.6,7.04,1,5,7.0,No,46.1,60.1,Average,Medium
STU102985,23,Male,EEE,7,64.8,55.3,62.6,40.9,7,9.9,59.5,13,15.0,33,48.1,5.38,0,3,8.0,Yes,56.9,54.6,Average,Medium
STU102986,19,Female,CIVIL,5,76.2,47.3,85.1,64.3,15,14.3,78.1,41,21.0,42,67.1,6.51,1,0,12.0,Yes,68.6,65.1,Good,Low
STU102987,21,Male,CIVIL,2,76.8,58.1,81.4,63.6,16,9.8,73.9,35,19.0,49,83.8,6.56,0,3,13.0,Yes,63.0,74.3,Good,Low
STU102988,24,Female,MECH,7,81.1,80.6,84.2,83.8,12,16.1,70.0,26,21.0,37,77.7,7.68,2,3,10.0,No,72.7,60.9,Average,Medium
STU102989,20,Female,CIVIL,4,78.4,66.0,81.2,63.1,15,14.4,75.2,27,22.0,32,65.6,6.77,0,6,13.0,No,70.1,67.9,Good,Low
STU102990,21,Female,MECH,6,88.9,82.4,76.7,74.4,13,21.5,61.6,34,20.0,35,62.8,7.01,2,2,11.0,No,70.0,58.5,Average,Medium
STU102991,22,Female,EEE,2,73.3,79.7,76.8,72.8,12,15.5,83.2,34,16.0,47,62.8,7.75,1,3,9.0,No,82.8,63.9,Average,Medium
STU102992,21,Female,CSE,2,84.3,89.2,75.9,79.7,20,20.0,83.3,36,28.0,52,68.7,9.94,1,2,15.0,No,86.2,78.0,Good,Low
STU102993,23,Male,ECE,2,76.3,75.8,73.8,40.3,11,15.7,65.8,16,11.0,28,60.5,6.38,1,3,7.0,Yes,73.1,57.7,Average,Medium
STU102994,20,Female,ECE,5,100.0,100.0,91.8,100.0,17,11.5,95.0,38,23.0,52,77.4,9.72,0,3,19.0,No,95.3,84.9,Excellent,Low
STU102995,21,Male,CSE,8,48.0,52.7,53.8,68.0,13,10.7,55.0,21,15.0,28,64.5,6.98,1,7,7.0,No,62.9,44.4,Poor,High
STU102996,21,Male,ECE,8,53.4,71.8,56.7,59.2,11,8.5,65.9,28,21.0,38,61.9,6.17,1,5,7.0,Yes,62.9,47.2,Poor,High
STU102997,23,Female,AI&DS,7,78.0,77.9,66.0,47.5,15,16.0,58.9,42,14.0,38,72.0,4.55,0,4,9.0,Yes,58.8,56.0,Average,Medium
STU102998,20,Female,CSE,8,99.7,77.5,94.9,90.6,19,22.4,89.1,39,23.0,51,100.0,7.81,0,0,20.0,Yes,82.2,92.1,Excellent,Low
STU102999,19,Male,EEE,7,63.8,62.9,75.9,52.0,10,16.4,62.0,25,18.0,43,48.6,6.55,1,1,14.0,Yes,64.6,65.0,Good,Low
STU103000,20,Female,AI&DS,7,83.3,65.3,66.6,43.5,13,14.8,53.4,22,18.0,32,65.9,5.33,0,1,13.0,Yes,66.5,79.5,Good,Low
STU103001,19,Female,CSE,4,100.0,81.1,95.9,94.5,14,18.4,60.5,40,21.0,52,75.9,7.03,2,1,12.0,No,92.0,76.2,Good,Low
STU103002,19,Male,CIVIL,3,71.5,,77.4,54.0,14,16.8,71.6,26,19.0,50,66.1,6.32,0,1,5.0,No,57.7,56.8,Average,Medium
STU103003,23,Male,CIVIL,6,89.0,77.4,79.4,78.0,13,19.4,80.5,26,18.0,46,79.6,8.17,0,0,12.0,No,77.8,73.1,Good,Low
STU103004,20,Male,MECH,2,69.3,50.0,45.5,46.2,11,13.0,59.1,24,13.0,30,50.0,6.26,2,3,3.0,Yes,73.8,56.8,Average,Medium
STU103005,19,Female,CSE,3,76.0,60.0,71.9,60.3,15,9.4,61.4,25,25.0,39,49.8,5.57,0,4,7.0,No,66.8,54.7,Average,Medium
STU103006,23,Female,EEE,5,65.9,61.7,58.2,52.5,7,14.2,62.4,19,9.0,26,47.8,5.88,1,4,5.0,No,63.8,51.7,Average,Medium
STU103007,23,Male,MECH,6,64.0,60.8,58.7,34.4,9,7.1,34.6,15,12.0,11,35.9,4.62,3,4,7.0,No,52.3,32.5,Poor,High
STU103008,19,Female,AI&DS,4,81.3,65.6,89.2,68.6,16,18.9,76.4,28,17.0,41,76.6,7.16,0,1,12.0,No,77.7,80.0,Good,Low
STU103009,20,Female,CSE,7,71.1,82.0,71.4,64.9,10,8.5,76.3,17,9.0,34,44.6,6.11,2,1,10.0,No,72.3,68.1,Good,Low
STU103010,23,Male,ECE,6,91.4,89.2,100.0,73.7,15,17.5,67.2,31,17.0,29,76.6,7.72,1,3,15.0,No,79.6,80.9,Excellent,Low
STU103011,19,Female,ECE,3,82.7,74.0,76.1,91.4,16,19.6,74.4,40,20.0,52,98.5,8.28,0,1,13.0,No,73.2,81.7,Excellent,Low
STU103012,24,Female,CSE,2,83.9,56.7,80.4,40.7,13,,79.0,30,24.0,47,87.7,5.77,1,0,9.0,No,47.3,61.6,Average,Medium
STU103013,22,Male,CSE,3,66.8,58.0,64.1,57.8,10,7.1,62.3,18,12.0,36,59.2,6.44,1,2,5.0,No,55.7,49.2,Poor,High
STU103014,22,Female,ECE,8,73.1,57.7,70.2,60.5,10,13.9,49.0,31,19.0,21,59.0,7.07,2,4,5.0,No,50.1,54.9,Average,Medium
STU103015,21,Male,ECE,3,80.8,77.7,90.1,67.9,13,16.2,77.4,40,20.0,37,89.2,7.66,1,0,16.0,No,68.7,79.4,Good,Low
STU103016,18,Male,ECE,7,54.3,59.9,48.7,69.7,13,4.5,67.9,15,15.0,40,71.3,5.67,2,2,5.0,Yes,62.1,52.0,Average,Medium
STU103017,23,Male,IT,6,60.9,55.6,51.3,39.7,11,6.5,72.9,19,15.0,14,45.9,5.06,0,2,3.0,Yes,48.7,39.5,Poor,High
STU103018,21,Male,CSE,8,76.1,75.3,66.8,69.8,12,15.9,65.4,27,18.0,35,52.9,6.57,0,3,11.0,No,75.4,66.6,Good,Low
STU103019,19,Female,CIVIL,8,76.6,70.0,84.8,76.8,14,17.2,79.8,35,24.0,52,,6.31,0,0,12.0,No,68.8,76.8,Good,Low
STU103020,23,Male,AI&DS,8,62.9,48.1,65.7,42.3,10,8.1,62.8,27,16.0,39,54.9,5.08,3,1,9.0,Yes,54.0,40.7,Poor,High
STU103021,20,Male,MECH,4,80.0,66.4,60.7,31.7,10,9.8,37.5,23,18.0,23,60.1,5.89,1,1,10.0,No,53.0,55.3,Average,Medium
STU103022,20,Other,MECH,5,77.6,59.4,69.8,88.3,13,17.5,66.8,26,15.0,48,91.1,8.08,0,3,9.0,No,55.6,56.0,Average,Medium
STU103023,22,Male,EEE,5,76.9,66.5,67.2,46.3,9,12.0,57.7,24,11.0,43,60.1,6.75,0,3,13.0,No,74.3,70.3,Good,Low
STU103024,19,Male,EEE,6,77.0,62.9,89.7,45.3,16,11.9,97.0,28,19.0,37,71.4,5.41,1,3,11.0,Yes,60.3,56.2,Average,Medium
STU103025,18,Male,MECH,3,72.9,60.2,75.7,68.5,9,7.8,70.9,30,14.0,34,83.8,5.78,3,2,5.0,No,62.2,72.0,Good,Low
STU103026,20,Female,MECH,7,68.6,66.5,66.8,49.9,12,11.5,73.5,26,16.0,48,58.9,6.5,1,0,13.0,Yes,52.3,48.1,Poor,High
STU103027,22,Male,CSE,6,72.0,82.5,84.0,68.3,14,16.0,79.2,43,22.0,47,89.8,7.32,0,3,15.0,No,77.7,77.8,Good,Low
STU103028,20,Male,AI&DS,3,56.2,43.7,58.3,35.2,10,12.3,51.4,24,16.0,2,38.0,5.45,1,3,1.0,Yes,52.5,42.7,Poor,High
STU103029,22,Female,CIVIL,2,85.3,77.1,86.7,54.7,14,12.3,64.3,34,22.0,38,85.5,5.52,2,2,8.0,No,64.8,70.1,Good,Low
STU103030,18,Male,EEE,2,84.3,55.2,89.6,76.7,16,20.9,63.4,30,19.0,50,74.6,6.66,1,1,18.0,No,67.8,84.8,Excellent,Low
STU103031,19,Female,CSE,4,65.8,64.8,62.5,42.0,8,17.9,42.3,15,13.0,39,49.6,6.61,1,2,5.0,Yes,61.3,48.2,Poor,High
STU103032,19,Female,IT,4,78.6,71.4,72.2,69.1,17,,70.1,36,23.0,49,55.8,7.16,0,2,9.0,Yes,67.4,71.8,Good,Low
STU103033,18,Female,IT,3,,54.1,53.7,33.0,9,,60.4,26,18.0,35,55.4,5.23,2,2,12.0,Yes,62.6,42.5,Poor,High
STU103034,22,Male,ECE,5,81.7,76.2,90.2,87.7,16,22.7,80.0,33,24.0,43,72.5,6.91,1,4,19.0,No,85.6,67.0,Good,Low
STU103035,19,Female,ECE,2,67.2,66.7,56.7,60.9,10,17.4,40.5,25,13.0,53,63.6,8.74,1,5,6.0,No,67.0,55.2,Average,Medium
STU103036,21,Male,AI&DS,6,79.6,80.2,91.1,73.1,16,17.2,86.3,33,22.0,45,70.5,6.11,0,0,15.0,No,69.0,74.4,Good,Low
STU103037,24,Male,ECE,5,83.1,85.0,78.5,63.6,14,13.1,61.4,27,15.0,44,52.7,7.28,1,1,14.0,Yes,78.3,64.3,Average,Medium
STU103038,19,Female,IT,3,60.2,56.8,47.8,56.7,6,10.0,48.8,19,14.0,35,55.1,6.61,2,3,4.0,No,49.2,44.7,Poor,High
STU103039,19,Male,AI&DS,5,72.3,51.6,70.3,46.5,8,7.9,49.9,19,17.0,34,49.8,5.67,1,2,8.0,No,57.3,48.9,Poor,High
STU103040,24,Male,AI&DS,5,60.0,71.5,57.6,46.4,9,17.1,69.1,18,14.0,31,52.9,6.5,1,1,6.0,Yes,48.1,60.1,Average,Medium
STU103041,20,Female,IT,7,85.1,87.1,89.1,83.4,10,19.7,51.4,37,19.0,51,93.5,6.82,0,0,10.0,No,87.0,92.3,Excellent,Low
STU103042,20,Male,AI&DS,6,75.2,52.5,79.2,50.5,12,13.0,75.2,27,19.0,37,61.5,5.66,0,4,13.0,No,68.9,65.1,Good,Low
STU103043,23,Male,IT,3,76.5,60.4,55.0,51.4,16,9.7,60.6,29,17.0,37,75.6,5.74,1,3,11.0,No,56.4,52.2,Average,Medium
STU103044,18,Male,AI&DS,7,67.6,62.7,72.9,51.8,11,7.7,54.8,15,12.0,40,46.8,7.38,1,4,7.0,No,68.7,61.1,Average,Medium
STU103045,20,Male,CSE,4,60.9,62.8,74.5,69.1,9,12.5,57.0,16,12.0,33,60.7,6.21,2,1,8.0,No,54.9,50.2,Average,Medium
STU103046,19,Female,IT,3,78.4,73.1,79.0,75.7,11,13.2,59.4,19,18.0,41,67.1,6.18,0,0,4.0,No,71.0,66.7,Good,Low
STU103047,24,Female,AI&DS,7,69.5,53.1,74.2,58.4,9,6.1,74.7,20,17.0,42,45.2,7.62,1,1,8.0,Yes,65.7,56.9,Average,Medium
STU103048,20,Male,MECH,7,76.7,49.3,62.0,66.7,9,10.6,70.1,21,19.0,37,52.1,6.34,1,5,16.0,No,65.5,47.2,Poor,High
STU103049,21,Male,CSE,2,79.1,82.1,90.8,81.2,14,14.0,89.5,28,22.0,53,90.6,7.03,1,1,14.0,No,78.9,75.4,Good,Low
STU103050,21,Male,MECH,8,88.5,72.0,88.2,87.0,12,20.9,79.0,36,16.0,38,71.4,7.82,0,1,15.0,No,85.5,78.0,Good,Low
STU103051,21,Male,AI&DS,6,82.9,72.9,56.4,65.2,13,14.0,57.0,19,15.0,36,60.1,7.3,0,3,7.0,No,76.8,50.8,Average,Medium
STU103052,18,Male,CIVIL,4,64.4,43.8,51.6,47.3,13,4.2,48.7,8,12.0,24,61.7,6.27,2,3,4.0,No,52.4,53.3,Average,Medium
STU103053,19,Female,IT,7,88.5,63.2,64.0,62.0,13,7.9,44.9,24,13.0,36,73.5,6.78,1,1,7.0,No,66.3,53.6,Average,Medium
STU103054,23,Male,CSE,5,76.6,64.9,82.2,44.8,12,18.2,85.9,26,13.0,48,63.7,5.87,1,3,11.0,Yes,56.1,48.8,Poor,High
STU103055,21,Female,AI&DS,8,91.6,60.4,68.9,66.1,14,11.7,70.0,37,15.0,34,72.1,6.0,0,3,16.0,No,68.6,64.5,Average,Medium
STU103056,24,Male,MECH,2,92.3,44.2,67.1,44.6,15,7.5,53.3,29,16.0,30,65.3,6.21,1,6,13.0,No,55.2,54.1,Average,Medium
STU103057,21,Male,IT,5,63.1,59.1,61.1,56.5,13,7.1,52.2,31,16.0,45,60.6,7.61,2,4,9.0,Yes,66.4,44.2,Poor,High
STU103058,20,Male,AI&DS,6,88.0,64.4,73.2,56.9,16,13.2,53.7,27,21.0,51,62.7,6.82,1,1,12.0,No,67.6,67.8,Good,Low
STU103059,20,Male,IT,2,65.7,50.4,65.3,43.5,5,10.7,37.6,13,15.0,46,41.1,6.02,0,3,10.0,Yes,59.5,66.5,Good,Low
STU103060,23,Female,IT,8,71.9,55.6,55.3,60.0,12,13.3,66.8,28,15.0,32,82.8,6.89,1,1,7.0,No,52.0,60.2,Average,Medium
STU103061,19,Female,MECH,4,63.9,71.4,68.4,66.0,11,23.4,38.6,16,16.0,32,53.1,7.55,0,3,13.0,Yes,74.9,58.2,Average,Medium
STU103062,22,Female,AI&DS,2,58.3,67.1,53.7,70.5,10,8.1,69.8,29,16.0,27,32.2,7.48,0,4,10.0,Yes,63.5,64.9,Average,Medium
STU103063,24,Male,ECE,4,84.2,91.7,100.0,80.2,14,19.1,81.2,36,28.0,56,85.4,8.69,1,1,20.0,No,90.8,76.6,Good,Low
STU103064,23,Male,MECH,7,91.1,74.8,73.4,52.6,10,14.6,63.5,19,22.0,24,48.8,6.51,2,0,12.0,No,67.6,58.5,Average,Medium
STU103065,20,Female,MECH,8,66.8,57.1,58.2,55.4,12,9.7,49.5,21,16.0,24,54.7,6.63,1,2,11.0,No,62.8,53.8,Average,Medium
STU103066,19,Female,AI&DS,3,61.5,70.4,63.0,59.9,14,6.0,53.4,25,19.0,39,62.6,6.28,1,2,11.0,Yes,,51.9,Average,Medium
STU103067,22,Male,EEE,4,74.1,59.3,79.9,74.5,10,16.6,69.5,19,16.0,19,85.4,7.61,1,3,12.0,No,72.8,60.5,Average,Medium
STU103068,22,Male,CIVIL,7,63.4,72.0,62.2,61.5,8,12.8,46.4,25,16.0,34,70.3,7.84,0,3,11.0,Yes,66.1,47.9,Poor,High
STU103069,23,Male,ECE,2,,86.0,84.1,84.2,17,15.1,97.5,34,24.0,67,63.4,8.67,1,2,16.0,Yes,98.7,66.1,Good,Low
STU103070,18,Male,EEE,5,70.7,74.0,62.4,42.3,12,8.0,54.3,30,16.0,38,51.9,6.24,1,4,8.0,No,59.5,53.3,Average,Medium
STU103071,21,Female,AI&DS,5,86.2,68.0,75.0,71.1,11,21.1,71.4,29,16.0,50,69.8,7.58,1,1,11.0,No,80.0,61.1,Average,Medium
STU103072,18,Male,CSE,4,70.6,54.5,83.3,50.4,15,17.3,52.5,26,9.0,27,62.3,5.94,1,1,11.0,No,59.6,55.7,Average,Medium
STU103073,24,Female,CSE,4,65.6,39.8,65.3,40.6,11,4.4,56.3,15,6.0,8,56.9,5.73,2,4,5.0,Yes,41.3,34.2,Poor,High
STU103074,24,Female,ECE,8,79.9,67.1,92.4,63.0,14,10.2,69.1,27,21.0,59,86.2,6.18,2,2,15.0,No,72.7,63.7,Average,Medium
STU103075,23,Female,EEE,4,90.6,82.1,93.2,78.1,18,20.7,88.6,37,21.0,49,82.3,8.53,1,1,14.0,No,86.9,76.1,Good,Low
STU103076,20,Male,CIVIL,6,66.3,44.6,61.8,42.8,6,17.2,54.7,7,8.0,12,31.5,5.7,3,2,0.0,Yes,44.8,49.9,Poor,High
STU103077,23,Female,CSE,7,70.9,67.0,89.0,75.6,17,21.0,67.8,25,22.0,48,77.9,5.94,2,0,10.0,No,58.0,72.0,Good,Low
STU103078,21,Female,AI&DS,2,61.3,47.5,64.7,32.8,8,4.2,35.6,18,15.0,14,57.1,5.08,2,3,11.0,Yes,50.0,40.2,Poor,High
STU103079,22,Male,CIVIL,7,65.3,58.5,68.4,47.5,12,14.1,53.6,18,14.0,31,60.5,6.08,0,0,11.0,Yes,57.4,69.0,Good,Low
STU103080,19,Female,CSE,7,81.5,78.2,88.1,74.2,19,15.7,77.2,37,24.0,51,81.6,8.3,1,1,14.0,Yes,75.4,80.6,Excellent,Low
STU103081,21,Male,IT,3,81.0,65.4,74.3,54.3,14,5.6,59.9,22,18.0,37,54.2,6.91,1,0,9.0,No,64.9,54.4,Average,Medium
STU103082,24,Male,EEE,3,64.2,54.6,63.0,59.3,12,6.5,54.9,22,13.0,28,58.0,5.12,1,5,8.0,Yes,63.3,53.9,Average,Medium
STU103083,19,Female,IT,5,79.2,77.1,82.8,60.2,8,12.1,69.1,28,20.0,38,73.7,6.18,1,3,9.0,No,64.4,60.1,Average,Medium
STU103084,20,Female,MECH,8,76.4,48.3,70.8,41.6,11,14.0,55.1,20,12.0,27,47.0,5.94,1,4,6.0,Yes,51.5,45.3,Poor,High
STU103085,20,Female,IT,8,68.9,46.7,70.4,58.7,12,7.2,45.7,29,15.0,36,66.2,6.11,0,1,9.0,No,58.6,58.3,Average,Medium
STU103086,19,Male,MECH,3,80.3,70.9,83.2,86.7,14,18.3,71.0,38,21.0,48,69.7,7.25,0,0,17.0,Yes,81.4,86.4,Excellent,Low
STU103087,20,Female,AI&DS,6,80.5,54.0,55.6,39.5,9,12.0,63.1,14,14.0,23,51.6,4.65,3,6,6.0,No,58.3,48.9,Poor,High
STU103088,22,Female,CIVIL,5,70.4,48.0,61.8,47.5,10,14.6,54.1,22,18.0,22,59.9,5.79,0,3,8.0,No,69.9,61.2,Average,Medium
STU103089,18,Male,AI&DS,6,75.5,68.6,76.8,65.8,15,11.1,70.3,38,16.0,44,79.9,7.16,1,0,7.0,No,72.9,66.8,Good,Low
STU103090,19,Female,EEE,5,73.0,62.3,75.3,76.9,10,16.9,53.3,22,20.0,26,57.0,7.18,1,1,8.0,Yes,76.2,60.0,Average,Medium
STU103091,23,Male,AI&DS,6,88.6,73.5,76.6,78.1,13,13.2,73.9,22,23.0,42,37.0,7.74,1,0,10.0,No,61.6,74.0,Good,Low
STU103092,19,Male,CIVIL,5,58.1,54.9,62.5,52.6,13,12.7,52.5,23,17.0,27,67.2,6.72,1,5,8.0,Yes,68.9,45.7,Poor,High
STU103093,20,Female,MECH,2,81.0,78.3,62.8,65.3,15,15.4,69.0,25,16.0,56,82.8,6.59,1,0,11.0,No,80.7,72.9,Good,Low
STU103094,22,Male,IT,5,66.6,48.9,53.1,43.2,5,9.3,50.8,24,13.0,11,23.4,6.15,0,3,1.0,Yes,42.2,48.4,Poor,High
STU103095,23,Male,AI&DS,3,74.4,90.2,76.3,81.6,14,17.6,59.7,27,19.0,33,75.0,7.06,0,3,12.0,No,70.4,82.2,Excellent,Low
STU103096,24,Male,IT,5,73.4,65.6,64.7,41.7,11,4.4,66.6,17,10.0,22,58.0,4.78,1,3,10.0,Yes,57.2,54.5,Average,Medium
STU103097,19,Female,CIVIL,5,60.9,86.7,79.3,61.4,9,19.6,72.5,26,15.0,48,84.5,8.9,2,2,16.0,No,74.0,61.2,Average,Medium
STU103098,23,Male,AI&DS,6,55.9,68.5,57.2,53.3,12,10.3,72.8,32,12.0,35,76.1,5.53,1,2,9.0,Yes,64.7,61.5,Average,Medium
STU103099,23,Male,CSE,7,91.2,93.9,100.0,78.9,18,23.4,84.7,32,25.0,41,97.6,8.54,0,1,16.0,No,90.7,86.7,Excellent,Low
STU103100,18,Male,AI&DS,3,96.2,74.4,69.5,65.8,12,18.4,88.7,31,22.0,36,74.9,6.17,1,0,12.0,No,68.8,68.9,Good,Low
STU103101,24,Male,CSE,6,83.1,52.3,84.7,55.8,17,9.8,42.5,27,18.0,43,44.9,5.5,2,2,11.0,Yes,61.7,53.8,Average,Medium
STU103102,20,Male,EEE,7,81.5,57.5,72.8,54.4,13,12.4,49.7,12,13.0,48,67.5,6.39,1,2,11.0,No,67.7,57.4,Average,Medium
STU103103,20,Female,CSE,4,81.9,77.6,79.7,64.0,11,9.8,53.0,22,12.0,42,50.9,7.76,0,2,12.0,No,71.1,54.3,Average,Medium
STU103104,23,Female,ECE,2,81.9,63.4,88.9,59.8,13,21.6,67.1,30,21.0,41,56.8,7.91,1,0,14.0,No,67.6,70.4,Good,Low
STU103105,21,Female,MECH,8,59.3,75.8,68.0,56.5,14,15.0,78.8,24,20.0,40,98.8,6.41,1,2,9.0,Yes,71.3,58.7,Average,Medium
STU103106,19,Female,ECE,7,86.1,58.7,71.8,47.3,14,13.7,50.4,32,18.0,33,61.7,7.17,1,3,8.0,No,58.3,58.4,Average,Medium
STU103107,20,Male,IT,6,71.8,62.6,67.7,61.9,15,12.5,74.6,31,15.0,56,72.8,7.44,0,2,9.0,No,62.4,59.4,Average,Medium
STU103108,23,Male,AI&DS,7,74.8,72.4,76.4,53.3,12,11.0,63.7,26,15.0,50,73.5,5.65,1,0,8.0,No,69.3,67.9,Good,Low
STU103109,19,Female,ECE,4,69.5,53.6,68.0,47.9,9,13.9,49.8,18,17.0,24,65.3,5.28,1,3,8.0,Yes,53.1,55.3,Average,Medium
STU103110,21,Male,IT,7,83.2,54.0,71.1,54.5,13,18.1,83.9,24,16.0,41,40.6,5.2,0,4,8.0,Yes,69.2,56.7,Average,Medium
STU103111,23,Female,AI&DS,8,76.6,59.0,70.3,61.8,14,18.2,58.5,35,20.0,38,86.6,6.12,2,2,14.0,No,57.4,54.9,Average,Medium
STU103112,24,Male,ECE,4,76.4,61.6,59.3,61.9,16,15.1,75.8,39,17.0,49,68.2,7.68,0,2,10.0,No,66.3,58.5,Average,Medium
STU103113,23,Female,IT,5,92.9,61.0,80.1,58.9,13,18.4,77.4,31,16.0,39,71.0,7.43,0,2,10.0,No,68.4,81.6,Excellent,Low
STU103114,20,Male,ECE,7,70.5,83.8,79.9,77.7,13,19.1,45.4,27,19.0,29,55.9,7.64,2,0,13.0,No,84.3,69.3,Good,Low
STU103115,19,Male,IT,3,75.0,63.5,82.8,53.2,10,13.7,48.4,18,15.0,36,49.6,7.28,0,2,7.0,No,58.7,53.9,Average,Medium
STU103116,24,Female,IT,6,69.1,63.6,74.5,65.3,14,,80.9,29,16.0,29,61.2,5.64,1,4,12.0,No,68.7,70.6,Good,Low
STU103117,22,Male,AI&DS,2,74.9,60.4,62.3,49.4,9,14.2,59.9,16,10.0,33,51.3,6.66,1,4,12.0,Yes,61.2,61.1,Average,Medium
STU103118,20,Male,CIVIL,8,70.3,54.7,64.9,62.2,9,21.2,55.7,21,6.0,24,44.5,6.44,2,6,3.0,No,59.6,61.0,Average,Medium
STU103119,24,Male,EEE,2,56.5,46.6,63.6,52.3,10,10.3,50.4,17,12.0,32,62.8,6.16,1,4,8.0,No,60.3,48.3,Poor,High
STU103120,23,Male,IT,2,61.4,62.5,63.9,40.5,11,2.8,64.9,17,14.0,30,54.5,6.1,0,4,11.0,Yes,60.2,46.9,Poor,High
STU103121,21,Female,EEE,4,66.5,70.7,66.0,65.5,12,13.4,44.5,19,19.0,33,61.7,6.12,1,2,8.0,Yes,69.4,53.7,Average,Medium
STU103122,19,Other,CIVIL,7,76.5,66.8,72.3,50.3,16,12.4,73.2,29,19.0,47,61.5,6.78,1,2,8.0,No,64.1,57.9,Average,Medium
STU103123,18,Female,AI&DS,3,96.3,70.0,91.4,65.1,16,17.4,68.3,30,20.0,45,74.7,7.63,1,1,11.0,Yes,74.9,67.1,Good,Low
STU103124,21,Female,EEE,6,65.4,69.8,87.1,36.4,11,19.9,57.5,24,13.0,43,59.9,7.16,1,4,12.0,Yes,64.8,62.5,Average,Medium
STU103125,18,Female,CIVIL,4,67.6,69.9,72.7,65.0,10,11.8,51.2,27,14.0,28,58.1,7.87,0,2,8.0,Yes,76.5,71.7,Good,Low
STU103126,20,Male,IT,8,78.4,72.8,67.6,62.4,12,12.8,56.9,24,21.0,47,,6.56,2,3,13.0,Yes,67.1,69.0,Good,Low
STU103127,22,Female,AI&DS,5,55.9,68.7,47.4,55.0,10,9.2,49.5,14,11.0,44,55.4,6.58,1,6,5.0,No,57.0,37.0,Poor,High
STU103128,18,Female,CSE,5,78.5,62.0,87.4,74.1,13,22.2,77.3,22,15.0,22,57.2,6.96,0,5,14.0,No,63.3,64.5,Average,Medium
STU103129,24,Male,IT,2,69.7,56.5,59.7,46.2,12,10.7,65.4,19,20.0,21,69.4,7.05,1,2,10.0,No,52.3,57.0,Average,Medium
STU103130,21,Female,EEE,3,79.1,72.1,75.0,55.2,10,15.2,51.1,24,14.0,50,44.9,7.22,2,3,6.0,No,71.1,56.0,Average,Medium
STU103131,24,Female,CSE,2,51.2,57.8,43.6,49.1,8,17.5,43.5,9,8.0,34,38.8,7.22,1,4,6.0,Yes,43.0,52.5,Average,Medium
STU103132,19,Male,ECE,8,62.9,62.6,79.3,49.2,5,12.6,41.8,17,16.0,16,23.3,7.39,1,4,3.0,No,62.4,48.7,Poor,High
STU103133,21,Female,IT,5,68.3,72.1,52.4,58.4,9,4.9,48.8,14,12.0,22,46.8,7.2,2,4,8.0,No,63.3,48.3,Poor,High
STU103134,24,Male,IT,4,61.4,58.8,61.2,56.3,9,10.3,53.5,22,10.0,18,45.9,5.7,3,2,8.0,Yes,52.1,41.9,Poor,High
STU103135,22,Male,AI&DS,3,79.0,63.1,77.3,52.8,12,10.3,49.6,24,19.0,11,72.4,6.08,1,0,9.0,Yes,61.7,60.0,Average,Medium
STU103136,23,Male,CIVIL,6,76.7,52.8,70.5,54.7,15,5.4,63.2,21,24.0,40,84.5,6.15,1,2,13.0,No,55.3,56.6,Average,Medium
STU103137,22,Female,ECE,6,71.9,70.5,60.7,74.1,7,13.7,47.0,24,14.0,45,67.7,7.21,0,0,13.0,Yes,61.2,57.9,Average,Medium
STU103138,23,Male,AI&DS,4,86.3,87.2,76.8,73.2,11,8.7,64.2,29,24.0,54,77.5,8.13,1,1,11.0,No,78.9,69.9,Good,Low
STU103139,20,Male,MECH,3,81.9,63.8,77.0,69.1,18,16.4,97.1,42,23.0,34,85.8,7.92,2,0,14.0,No,79.4,71.4,Good,Low
STU103140,21,Male,AI&DS,8,91.1,91.7,81.8,86.0,16,19.5,74.6,34,20.0,56,75.5,8.77,0,1,15.0,No,86.0,91.0,Excellent,Low
STU103141,18,Male,ECE,2,73.5,57.9,68.9,62.4,12,10.5,54.4,15,12.0,32,57.0,6.07,0,6,10.0,No,54.0,53.0,Average,Medium
STU103142,19,Female,AI&DS,5,82.1,81.7,100.0,93.2,14,14.5,86.0,31,26.0,58,72.6,8.55,0,2,16.0,No,93.2,78.9,Good,Low
STU103143,18,Male,CSE,8,82.8,68.9,84.9,78.7,11,16.8,72.7,24,18.0,14,74.7,6.84,1,2,9.0,No,68.7,64.8,Average,Medium
STU103144,20,Male,AI&DS,4,84.2,76.0,100.0,57.2,15,13.9,77.1,32,23.0,46,78.2,7.12,2,3,11.0,No,74.7,72.3,Good,Low
STU103145,23,Male,IT,2,73.2,55.1,67.7,58.7,5,15.9,68.0,25,12.0,20,68.5,7.84,0,3,10.0,No,75.4,55.0,Average,Medium
STU103146,19,Male,ECE,7,89.1,68.1,83.2,61.4,10,14.8,53.4,30,15.0,24,48.9,6.44,0,3,10.0,No,56.2,56.9,Average,Medium
STU103147,21,Male,MECH,8,72.5,70.2,72.0,66.7,9,19.8,63.3,25,16.0,50,73.2,7.79,2,2,13.0,No,57.1,64.4,Average,Medium
STU103148,21,Female,AI&DS,2,75.1,64.3,63.4,65.4,10,14.7,61.8,20,13.0,50,55.7,6.35,1,4,10.0,No,73.1,46.6,Poor,High
STU103149,19,Male,IT,4,67.4,77.5,65.1,76.7,10,18.6,68.4,28,13.0,42,60.8,6.69,0,0,10.0,No,83.3,77.0,Good,Low
STU103150,23,Male,EEE,2,67.3,82.3,63.8,51.3,10,12.2,69.2,25,15.0,16,67.0,7.67,1,0,10.0,No,73.2,57.7,Average,Medium
STU103151,23,Male,IT,8,77.3,58.6,75.0,55.5,11,18.6,58.6,19,15.0,26,46.0,6.71,1,1,4.0,No,65.1,63.0,Average,Medium
STU103152,19,Female,AI&DS,7,74.4,43.5,58.9,57.7,14,10.5,70.2,34,16.0,51,65.9,6.66,0,3,10.0,Yes,72.1,57.9,Average,Medium
STU103153,18,Male,ECE,7,72.8,62.9,54.7,55.7,5,10.0,63.8,22,19.0,34,52.8,7.54,1,2,7.0,No,,47.2,Poor,High
STU103154,18,Female,CSE,4,84.4,48.3,78.7,,11,13.1,52.2,23,22.0,26,79.3,7.03,1,3,5.0,Yes,55.5,61.4,Average,Medium
STU103155,20,Female,CSE,7,45.7,47.1,32.8,46.5,5,9.5,33.6,13,10.0,23,35.7,5.85,3,4,5.0,Yes,60.7,31.0,Poor,High
STU103156,18,Male,EEE,3,78.7,50.9,77.7,38.7,8,13.8,66.5,24,12.0,30,73.0,5.57,1,2,8.0,Yes,58.4,52.9,Average,Medium
STU103157,18,Male,CIVIL,3,75.3,86.5,81.2,74.8,16,13.4,51.5,37,19.0,36,70.7,10.0,1,1,6.0,No,80.0,59.9,Average,Medium
STU103158,21,Female,CSE,6,69.5,56.3,56.2,73.2,8,18.7,43.5,23,12.0,25,46.4,6.64,1,0,6.0,No,54.5,63.4,Average,Medium
STU103159,21,Male,MECH,8,71.9,53.5,67.3,44.6,15,11.7,85.6,27,11.0,25,75.1,6.68,2,3,14.0,Yes,67.3,62.6,Average,Medium
STU103160,18,Female,MECH,3,100.0,55.3,85.3,57.9,12,13.3,67.3,32,24.0,57,72.7,6.03,1,2,10.0,No,63.2,69.1,Good,Low
STU103161,22,Female,ECE,5,67.4,59.3,60.2,51.2,14,14.1,62.2,25,12.0,27,50.4,6.89,0,1,8.0,No,54.0,46.1,Poor,High
STU103162,20,Male,CIVIL,8,88.8,77.2,98.6,76.1,16,11.3,90.1,30,30.0,47,82.4,7.54,4,3,14.0,Yes,71.1,73.4,Good,Low
STU103163,19,Female,EEE,4,87.3,54.8,89.9,60.7,11,16.8,68.5,19,17.0,31,65.9,7.9,0,0,13.0,No,68.8,64.1,Average,Medium
STU103164,18,Male,IT,7,85.2,76.5,79.1,76.5,15,18.4,74.4,30,25.0,53,92.0,,0,1,17.0,No,71.3,70.5,Good,Low
STU103165,23,Male,CIVIL,6,54.0,37.3,54.3,46.1,11,9.3,40.6,10,14.0,5,57.8,5.8,1,3,8.0,No,41.3,35.5,Poor,High
STU103166,18,Female,IT,8,91.8,67.4,82.7,58.3,13,15.9,82.8,20,19.0,36,60.8,7.33,2,0,11.0,No,66.4,70.1,Good,Low
STU103167,19,Female,AI&DS,4,61.8,58.6,64.4,45.7,7,13.1,34.5,19,12.0,23,55.8,6.86,1,3,10.0,Yes,52.5,49.8,Poor,High
STU103168,22,Male,CIVIL,7,74.0,62.8,73.4,53.7,13,10.4,57.6,30,17.0,36,81.3,6.69,0,0,8.0,No,54.2,61.6,Average,Medium
STU103169,22,Female,IT,7,74.0,51.8,65.1,52.1,10,15.6,49.1,17,16.0,30,55.6,5.57,2,2,12.0,No,60.3,55.7,Average,Medium
STU103170,24,Male,CSE,8,52.6,48.1,45.2,40.0,11,7.2,43.3,15,6.0,16,39.8,5.88,3,5,8.0,Yes,42.4,27.6,Poor,High
STU103171,18,Female,ECE,8,75.3,66.1,74.7,65.2,17,22.0,68.7,39,19.0,48,76.0,9.38,0,3,8.0,No,65.6,64.6,Average,Medium
STU103172,19,Male,IT,4,82.4,81.0,74.8,52.6,12,19.1,73.9,29,10.0,42,72.5,7.44,1,1,11.0,No,61.3,59.3,Average,Medium
STU103173,22,Male,AI&DS,7,77.0,78.5,70.6,65.2,14,16.5,83.9,27,17.0,44,76.8,7.4,1,1,17.0,No,85.8,60.7,Average,Medium
STU103174,19,Female,ECE,6,58.3,50.0,46.7,46.6,10,7.9,60.5,22,11.0,39,60.3,7.21,0,5,11.0,Yes,53.0,40.5,Poor,High
STU103175,20,Female,MECH,2,73.4,79.7,74.1,52.6,10,13.9,44.7,28,15.0,45,60.2,7.26,0,0,12.0,No,63.4,54.1,Average,Medium
STU103176,20,Male,CIVIL,8,54.4,46.7,59.5,37.0,9,11.1,60.5,22,3.0,26,,5.26,2,4,6.0,Yes,41.4,35.1,Poor,High
STU103177,23,Other,CSE,7,72.7,62.3,65.8,73.9,15,13.4,,35,17.0,36,57.0,7.78,0,4,10.0,No,78.8,63.8,Average,Medium
STU103178,23,Male,AI&DS,6,72.1,73.4,64.4,59.8,12,14.5,68.6,26,18.0,37,74.5,6.46,1,2,11.0,Yes,69.7,64.1,Average,Medium
STU103179,23,Female,AI&DS,2,89.8,84.4,87.0,87.4,11,17.3,82.1,32,22.0,51,59.5,6.87,2,3,14.0,Yes,90.1,73.5,Good,Low
STU103180,21,Female,CSE,8,75.6,65.9,67.3,65.7,14,14.1,55.4,20,12.0,27,57.5,8.26,1,3,9.0,No,73.0,56.0,Average,Medium
STU103181,21,Female,CSE,8,62.1,55.4,58.5,50.2,8,7.2,48.1,21,,26,64.4,5.07,1,5,8.0,Yes,58.8,43.3,Poor,High
STU103182,21,Male,MECH,8,53.9,50.2,61.5,31.5,10,14.8,64.8,15,11.0,23,51.8,4.67,3,4,7.0,No,43.7,47.2,Poor,High
STU103183,18,Female,CIVIL,4,66.2,61.5,61.7,58.1,8,12.9,62.9,24,14.0,22,70.1,6.1,2,2,10.0,No,65.9,59.3,Average,Medium
STU103184,21,Female,IT,2,60.3,73.7,59.8,69.9,12,13.0,66.3,13,12.0,45,61.8,6.58,0,3,15.0,Yes,73.9,57.7,Average,Medium
STU103185,19,Male,IT,7,61.6,76.1,67.5,57.5,11,11.6,69.7,23,15.0,46,88.0,7.67,1,2,12.0,Yes,71.7,74.2,Good,Low
STU103186,24,Female,IT,5,66.7,34.5,52.2,45.3,8,11.9,55.6,26,8.0,7,70.6,5.62,2,2,7.0,Yes,54.5,43.2,Poor,High
STU103187,19,Male,CSE,3,98.9,52.2,67.5,64.3,15,11.3,72.1,26,16.0,36,58.1,6.27,2,3,10.0,No,69.8,65.5,Good,Low
STU103188,18,Male,AI&DS,3,64.5,61.9,65.4,52.9,8,13.3,55.7,5,7.0,41,26.3,6.77,2,3,10.0,No,58.8,52.0,Average,Medium
STU103189,24,Female,CSE,6,74.3,54.9,62.1,61.5,13,9.4,53.9,24,12.0,28,50.6,6.62,2,1,8.0,No,66.5,43.3,Poor,High
STU103190,19,Male,MECH,8,62.3,53.2,67.3,43.2,15,10.5,85.3,28,13.0,16,84.7,6.2,1,5,5.0,Yes,59.0,43.3,Poor,High
STU103191,21,Female,IT,6,59.1,43.5,68.3,22.9,4,8.3,31.6,4,5.0,17,38.1,4.21,3,4,3.0,Yes,40.6,40.1,Poor,High
STU103192,20,Male,CSE,8,83.1,60.9,63.5,53.8,8,16.5,49.3,21,11.0,21,39.8,5.91,3,0,9.0,No,69.0,51.0,Average,Medium
STU103193,19,Male,ECE,5,61.0,62.4,66.3,56.2,9,13.6,64.4,18,11.0,34,55.5,5.56,1,4,6.0,Yes,61.3,54.4,Average,Medium
STU103194,21,Female,ECE,5,60.9,59.0,64.9,52.2,12,7.7,73.3,29,17.0,40,62.8,5.81,3,1,10.0,Yes,52.5,48.0,Poor,High
STU103195,23,Female,CSE,4,77.3,66.7,77.8,57.6,14,16.3,56.3,27,18.0,21,49.7,7.43,1,4,10.0,No,60.2,64.9,Average,Medium
STU103196,18,Female,CIVIL,2,73.4,61.8,78.2,62.2,14,19.6,60.0,25,21.0,42,46.9,6.77,0,4,10.0,No,68.4,49.8,Poor,High
STU103197,22,Male,AI&DS,3,63.9,64.9,66.8,46.3,8,7.4,50.4,19,15.0,17,45.3,4.22,1,6,3.0,No,51.7,49.2,Poor,High
STU103198,24,Male,ECE,4,84.2,51.6,78.7,50.2,9,10.2,60.4,31,18.0,19,56.6,6.01,1,3,9.0,No,71.9,57.1,Average,Medium
STU103199,20,Female,IT,6,81.7,93.6,78.1,60.0,12,9.0,66.7,45,21.0,47,77.5,8.11,0,4,10.0,No,78.1,65.5,Good,Low
STU103200,22,Female,AI&DS,3,65.5,39.3,82.0,62.4,11,14.3,52.3,26,14.0,34,57.2,6.41,1,0,7.0,Yes,51.8,53.9,Average,Medium
STU103201,24,Female,AI&DS,5,74.8,58.5,73.2,44.9,8,6.0,62.0,23,13.0,6,58.0,5.77,2,0,9.0,Yes,50.7,62.4,Average,Medium
STU103202,24,Female,CIVIL,5,95.2,62.5,83.3,69.3,10,15.6,66.3,24,22.0,47,54.5,7.84,0,4,10.0,No,83.3,75.5,Good,Low
STU103203,22,Male,ECE,5,76.5,69.6,52.1,45.9,7,5.1,56.5,17,11.0,17,44.1,5.4,1,2,5.0,No,50.9,60.7,Average,Medium
STU103204,24,Male,EEE,8,72.5,64.9,68.0,81.3,10,21.4,61.4,24,12.0,37,60.9,7.76,2,2,8.0,No,73.4,59.9,Average,Medium
STU103205,23,Male,ECE,3,90.1,61.7,81.2,68.5,13,19.8,55.8,29,20.0,35,67.5,6.58,0,3,9.0,No,73.9,64.8,Average,Medium
STU103206,21,Male,AI&DS,4,91.7,63.0,68.0,47.7,9,14.3,70.3,16,22.0,43,69.7,6.87,2,6,11.0,Yes,55.4,42.4,Poor,High
STU103207,18,Male,CSE,4,81.4,80.4,72.8,61.1,10,18.1,65.4,19,16.0,35,48.8,6.15,3,2,6.0,No,63.8,52.0,Average,Medium
STU103208,23,Female,CIVIL,7,79.7,77.9,77.2,64.9,11,14.2,75.6,29,18.0,44,79.5,6.99,2,2,10.0,No,67.8,67.3,Good,Low
STU103209,20,Female,AI&DS,6,82.7,74.0,92.8,73.0,15,14.3,63.5,31,25.0,52,92.1,7.36,0,0,12.0,No,88.5,83.8,Excellent,Low
STU103210,23,Male,IT,7,75.4,56.6,81.0,50.5,10,6.7,70.1,29,14.0,36,48.8,,0,3,6.0,No,61.5,52.5,Average,Medium
STU103211,22,Female,CSE,5,61.6,66.3,67.1,54.6,12,15.0,58.9,34,17.0,45,61.6,6.18,1,3,8.0,Yes,62.8,46.4,Poor,High
STU103212,20,Male,IT,7,77.5,61.4,65.0,73.7,12,9.3,,30,16.0,41,83.8,5.28,1,4,10.0,No,79.2,65.8,Good,Low
STU103213,23,Female,IT,2,92.6,72.1,95.6,63.8,19,23.6,88.3,39,21.0,60,65.9,7.68,0,3,14.0,No,74.3,75.3,Good,Low
STU103214,22,Female,CSE,3,71.0,54.5,57.6,38.6,11,7.8,54.5,26,12.0,39,48.9,4.89,1,4,12.0,No,38.5,35.8,Poor,High
STU103215,23,Female,EEE,6,78.8,79.9,66.2,51.2,12,19.8,69.6,33,17.0,46,74.8,7.46,0,0,11.0,Yes,53.4,62.5,Average,Medium
STU103216,24,Female,CIVIL,3,58.2,68.5,64.9,58.4,9,17.1,55.2,33,12.0,31,52.9,7.3,1,4,7.0,Yes,55.8,66.2,Good,Low
STU103217,19,Female,EEE,4,75.9,64.2,69.1,38.3,13,5.9,71.8,30,21.0,50,68.4,4.0,2,2,12.0,No,61.1,51.5,Average,Medium
STU103218,23,Male,IT,3,85.8,71.5,81.9,96.2,16,15.5,81.9,38,20.0,47,71.8,6.98,0,0,15.0,No,93.5,81.8,Excellent,Low
STU103219,18,Female,CSE,2,73.4,79.9,66.1,68.4,13,18.3,79.5,31,27.0,45,75.8,9.34,1,1,13.0,No,80.2,55.8,Average,Medium
STU103220,22,Female,IT,4,95.1,71.3,64.2,61.3,11,26.5,75.9,27,17.0,43,74.7,8.15,1,2,8.0,No,71.4,72.1,Good,Low
STU103221,19,Male,EEE,8,76.4,78.8,98.2,93.2,14,17.5,73.5,27,21.0,41,77.4,7.84,0,1,12.0,No,76.2,80.2,Excellent,Low
STU103222,19,Female,AI&DS,2,,72.4,86.9,73.0,13,10.3,69.5,31,22.0,51,68.2,6.0,0,0,10.0,Yes,82.5,56.7,Average,Medium
STU103223,19,Male,ECE,8,66.7,37.7,61.0,22.5,6,9.7,37.8,10,4.0,17,39.7,6.84,1,6,5.0,No,61.3,34.4,Poor,High
STU103224,23,Female,AI&DS,5,61.1,53.8,43.9,35.5,5,4.0,41.6,15,13.0,1,25.5,5.18,2,5,2.0,Yes,49.5,33.6,Poor,High
STU103225,20,Male,ECE,7,73.2,63.9,73.6,69.5,17,13.7,81.4,45,20.0,38,76.8,7.41,0,4,16.0,No,74.7,64.5,Average,Medium
STU103226,20,Female,CSE,7,66.6,67.6,65.2,45.1,13,10.3,59.8,26,18.0,41,46.3,5.67,2,5,10.0,Yes,59.8,48.2,Poor,High
STU103227,20,Male,CIVIL,2,78.7,77.1,66.6,56.5,11,13.3,56.5,30,17.0,23,58.4,5.11,1,1,14.0,No,64.8,53.4,Average,Medium
STU103228,22,Male,AI&DS,3,83.1,73.8,72.8,45.5,9,12.4,68.1,32,15.0,34,72.3,7.25,3,4,11.0,Yes,67.0,61.6,Average,Medium
STU103229,24,Male,ECE,8,68.6,73.0,69.8,51.7,15,11.9,74.1,23,20.0,38,69.0,7.05,1,2,15.0,Yes,55.9,56.5,Average,Medium
STU103230,22,Female,IT,6,58.6,53.6,33.9,49.1,10,10.6,36.2,15,7.0,21,35.0,5.47,2,5,8.0,Yes,46.7,33.6,Poor,High
STU103231,18,Female,IT,4,72.4,56.1,73.5,57.9,11,12.6,55.7,22,14.0,27,44.4,6.1,0,4,6.0,No,63.2,60.7,Average,Medium
STU103232,21,Male,CIVIL,5,98.7,83.2,86.1,92.1,14,18.6,81.7,25,23.0,39,78.4,8.93,2,1,16.0,No,98.8,86.4,Excellent,Low
STU103233,18,Male,CSE,5,,46.0,51.0,41.7,6,3.4,46.0,11,7.0,2,41.0,5.53,2,5,6.0,No,49.6,44.9,Poor,High
STU103234,19,Female,IT,2,87.4,68.6,66.1,81.8,13,18.1,60.5,15,19.0,47,60.7,7.75,1,0,7.0,No,95.4,69.5,Good,Low
STU103235,19,Female,CSE,8,61.0,58.2,64.5,48.4,9,9.0,47.1,12,11.0,28,48.2,6.28,2,4,5.0,No,50.0,41.0,Poor,High
STU103236,22,Male,ECE,3,77.0,68.5,61.4,74.7,10,15.0,59.5,19,13.0,24,47.6,6.16,1,4,8.0,No,72.5,61.6,Average,Medium
STU103237,24,Female,IT,8,69.9,73.4,67.5,86.4,13,8.4,61.2,17,,42,69.0,7.06,0,4,8.0,No,81.2,73.3,Good,Low
STU103238,19,Female,CSE,3,80.1,71.0,63.3,56.6,9,15.7,55.5,30,12.0,38,76.4,7.47,0,0,9.0,No,65.0,58.8,Average,Medium
STU103239,24,Male,CSE,6,65.3,64.7,57.8,48.5,11,13.9,46.6,12,16.0,28,43.9,7.16,1,3,7.0,No,67.1,45.7,Poor,High
STU103240,19,Male,EEE,5,,62.1,60.3,49.7,12,10.3,66.1,24,12.0,27,65.8,5.41,3,2,8.0,Yes,71.8,46.5,Poor,High
STU103241,20,Male,ECE,8,83.3,72.6,83.8,72.1,17,14.7,59.1,29,19.0,51,82.2,8.58,0,2,9.0,Yes,67.7,78.1,Good,Low
STU103242,18,Female,AI&DS,6,65.0,56.0,58.7,45.7,9,14.1,39.0,15,12.0,22,45.2,5.64,2,6,7.0,No,51.7,28.8,Poor,High
STU103243,18,Female,CIVIL,6,71.3,72.6,65.7,71.0,7,10.3,55.7,22,19.0,24,66.7,8.26,0,1,4.0,No,62.5,72.7,Good,Low
STU103244,22,Female,IT,4,82.2,72.3,80.0,51.3,9,17.0,74.7,22,17.0,36,55.2,6.69,1,1,7.0,No,58.6,60.0,Average,Medium
STU103245,20,Other,IT,8,88.7,71.4,85.9,62.3,13,19.3,67.9,31,24.0,45,75.3,6.66,1,4,10.0,No,80.3,77.4,Good,Low
STU103246,18,Male,CSE,2,65.6,51.6,78.3,50.8,12,11.0,50.7,5,6.0,14,42.7,7.91,0,4,2.0,No,63.1,41.3,Poor,High
STU103247,21,Female,MECH,5,83.8,55.3,62.8,66.9,12,14.4,58.3,31,10.0,40,68.7,6.04,2,2,10.0,Yes,61.3,58.6,Average,Medium
STU103248,20,Female,IT,3,52.9,64.9,70.0,49.3,4,7.1,37.9,12,4.0,18,48.2,6.3,1,5,3.0,No,60.1,43.0,Poor,High
STU103249,20,Female,AI&DS,5,83.9,68.8,79.5,62.3,14,17.0,44.5,28,13.0,28,70.2,6.63,1,3,13.0,No,57.5,62.4,Average,Medium
STU103250,24,Female,ECE,2,81.1,64.6,64.3,59.8,14,10.3,58.0,25,10.0,40,66.0,5.45,1,3,5.0,No,66.1,64.0,Average,Medium
STU103251,20,Male,CSE,6,69.6,72.5,74.1,69.0,10,14.3,57.2,32,14.0,34,51.1,5.94,2,3,11.0,Yes,65.7,65.3,Good,Low
STU103252,21,Male,CSE,7,85.1,72.0,100.0,49.8,14,15.7,63.3,29,19.0,41,83.2,5.63,1,3,15.0,Yes,66.8,81.3,Excellent,Low
STU103253,22,Male,CSE,6,63.1,44.9,73.0,60.3,14,9.4,60.8,20,13.0,31,56.4,4.45,3,0,10.0,No,52.5,60.4,Average,Medium
STU103254,24,Female,MECH,6,80.9,82.1,78.9,68.4,13,18.3,72.9,27,18.0,49,81.4,7.83,2,3,15.0,No,72.6,77.0,Good,Low
STU103255,23,Male,EEE,2,64.1,62.6,67.3,84.1,9,9.3,63.0,26,16.0,28,61.4,6.14,3,1,12.0,No,75.6,58.7,Average,Medium
STU103256,21,Female,CSE,6,68.3,50.7,72.3,64.3,10,11.3,67.6,36,19.0,50,63.4,6.7,0,5,10.0,No,61.7,52.0,Average,Medium
STU103257,20,Male,EEE,4,66.9,37.9,65.6,59.6,9,14.1,72.1,14,9.0,13,61.5,5.17,2,2,4.0,Yes,58.6,51.1,Average,Medium
STU103258,19,Male,CSE,6,65.8,73.5,77.7,76.2,13,15.5,65.6,27,17.0,42,75.4,8.66,1,2,15.0,No,68.3,67.0,Good,Low
STU103259,18,Male,CSE,6,66.2,45.5,69.5,52.5,9,9.3,57.6,24,16.0,35,30.4,6.27,2,1,10.0,Yes,43.9,57.2,Average,Medium
STU103260,23,Female,IT,4,79.3,64.6,68.1,55.1,16,10.4,71.5,29,21.0,38,79.6,5.25,1,3,12.0,No,62.2,54.4,Average,Medium
STU103261,23,Male,ECE,2,70.8,61.4,79.5,43.2,13,11.9,52.9,27,13.0,30,65.2,6.45,1,3,10.0,Yes,49.2,59.2,Average,Medium
STU103262,20,Male,CIVIL,2,57.9,55.1,60.8,63.7,13,6.2,57.6,21,17.0,26,48.7,5.09,1,3,8.0,Yes,56.4,47.8,Poor,High
STU103263,24,Male,AI&DS,5,59.3,70.7,72.6,58.0,13,16.4,73.8,32,16.0,22,70.5,,2,1,11.0,Yes,71.7,58.2,Average,Medium
STU103264,24,Female,CSE,6,91.3,71.0,74.3,92.3,18,16.0,,32,24.0,62,81.5,8.19,0,3,17.0,Yes,80.0,78.4,Good,Low
STU103265,22,Female,IT,2,74.4,57.2,69.0,72.8,9,8.9,66.7,24,12.0,20,62.7,6.15,1,2,7.0,No,76.5,60.9,Average,Medium
STU103266,19,Female,CSE,7,84.6,65.0,87.4,,16,14.5,66.9,26,17.0,42,66.4,7.09,0,1,14.0,No,70.4,75.6,Good,Low
STU103267,21,Female,AI&DS,3,52.8,43.1,47.0,20.4,6,1.0,31.3,5,1.0,1,16.7,4.37,3,6,1.0,Yes,52.5,10.0,Poor,High
STU103268,23,Female,MECH,7,68.3,59.3,65.7,50.0,7,9.2,33.7,18,11.0,26,61.3,6.74,0,4,2.0,Yes,58.0,49.6,Poor,High
STU103269,21,Female,EEE,6,76.2,72.5,69.3,33.5,10,17.5,31.4,16,9.0,8,42.3,4.94,2,6,1.0,Yes,58.8,39.4,Poor,High
STU103270,21,Female,IT,7,65.8,,62.1,55.9,12,6.6,76.1,29,13.0,18,54.3,5.86,2,4,6.0,No,48.4,50.6,Average,Medium
STU103271,21,Male,IT,3,80.5,71.1,59.4,84.1,15,14.8,73.5,32,20.0,37,77.7,9.48,0,6,10.0,Yes,75.7,74.1,Good,Low
STU103272,23,Male,CSE,6,81.7,56.2,75.0,49.7,15,19.6,73.7,27,20.0,22,63.7,5.68,0,3,7.0,Yes,58.8,62.9,Average,Medium
STU103273,20,Female,AI&DS,6,78.7,53.7,63.3,60.2,10,13.0,61.3,19,13.0,28,58.2,7.04,1,4,9.0,No,75.3,53.8,Average,Medium
STU103274,19,Male,EEE,7,69.4,67.1,73.9,52.1,13,11.2,58.1,23,15.0,29,50.8,6.66,1,2,7.0,Yes,57.3,56.0,Average,Medium
STU103275,21,Male,CSE,5,66.8,44.6,43.2,37.1,7,1.9,,23,11.0,19,55.3,4.81,2,4,10.0,Yes,57.3,48.3,Poor,High
STU103276,22,Female,EEE,7,61.2,47.7,89.6,50.9,11,11.1,66.0,24,14.0,28,77.3,4.97,1,4,14.0,Yes,62.6,46.2,Poor,High
STU103277,24,Male,AI&DS,5,85.3,83.0,87.8,76.6,17,14.6,65.6,45,22.0,58,87.1,7.82,2,1,17.0,No,72.9,72.5,Good,Low
STU103278,18,Female,IT,8,65.0,51.3,66.0,33.5,9,9.7,57.7,15,18.0,22,46.0,4.45,1,2,10.0,Yes,53.0,42.7,Poor,High
STU103279,24,Female,IT,6,86.5,52.6,81.2,52.3,13,10.7,74.0,22,16.0,41,69.7,5.84,0,1,16.0,No,63.3,63.0,Average,Medium
STU103280,23,Male,AI&DS,2,76.9,64.1,72.6,53.1,13,13.7,59.3,27,25.0,19,64.8,6.53,2,3,12.0,No,67.6,65.8,Good,Low
STU103281,22,Male,CSE,7,84.9,84.4,80.9,78.3,13,22.1,68.9,34,17.0,47,73.8,7.55,1,1,12.0,No,81.1,69.4,Good,Low
STU103282,19,Male,IT,3,75.9,85.0,84.6,58.3,12,17.5,75.6,34,15.0,39,46.6,7.05,1,2,12.0,No,70.0,64.0,Average,Medium
STU103283,19,Female,CSE,2,52.5,51.5,53.4,61.5,10,5.1,59.8,18,18.0,23,61.3,6.56,1,5,10.0,Yes,49.6,37.3,Poor,High
STU103284,20,Female,CSE,6,72.6,75.8,81.7,67.7,12,16.8,62.7,21,20.0,48,66.8,7.75,0,3,8.0,No,78.1,65.7,Good,Low
STU103285,19,Female,AI&DS,5,79.2,63.4,76.8,40.0,12,15.0,52.1,18,13.0,28,61.3,4.75,1,4,10.0,Yes,48.8,45.9,Poor,High
STU103286,22,Male,AI&DS,4,76.5,84.1,81.3,65.4,11,11.3,62.1,29,15.0,36,72.4,7.76,1,2,7.0,No,80.2,66.5,Good,Low
STU103287,23,Male,CSE,4,53.9,54.6,82.2,47.0,8,15.4,65.0,19,9.0,34,46.2,5.75,2,1,14.0,No,49.8,56.1,Average,Medium
STU103288,21,Female,AI&DS,4,90.4,78.0,86.5,67.6,16,17.5,83.2,34,23.0,61,68.7,8.01,0,1,13.0,No,88.5,76.6,Good,Low
STU103289,22,Female,CSE,8,75.9,58.4,79.4,44.1,13,15.4,73.5,33,18.0,36,71.1,6.1,2,3,13.0,Yes,66.5,52.4,Average,Medium
STU103290,23,Male,CIVIL,7,70.3,51.9,63.6,43.6,9,9.7,59.7,18,10.0,19,23.2,5.05,2,5,4.0,Yes,60.3,43.4,Poor,High
STU103291,24,Male,AI&DS,7,74.0,62.8,83.2,63.2,15,13.8,80.5,29,18.0,54,81.1,5.61,1,2,11.0,No,66.8,56.6,Average,Medium
STU103292,22,Male,CIVIL,5,68.3,70.0,52.9,62.4,14,10.2,47.9,12,15.0,26,40.6,6.59,1,2,6.0,No,69.0,48.6,Poor,High
STU103293,19,Male,EEE,7,35.0,56.7,60.5,60.5,2,14.3,39.1,15,7.0,34,56.6,6.63,2,5,8.0,No,53.0,40.6,Poor,High
STU103294,18,Female,ECE,5,79.9,65.0,74.8,68.3,11,21.1,56.3,29,17.0,35,55.5,6.64,2,4,15.0,No,69.1,75.0,Good,Low
STU103295,24,Female,IT,8,71.7,66.7,74.4,59.5,14,19.3,80.3,27,18.0,41,82.4,7.25,1,3,10.0,No,74.6,62.7,Average,Medium
STU103296,23,Male,AI&DS,2,70.5,69.0,66.1,71.6,10,9.5,67.8,32,23.0,38,59.9,6.77,1,0,12.0,No,70.4,68.7,Good,Low
STU103297,23,Female,CSE,7,77.6,65.3,69.6,58.4,12,14.8,36.7,24,18.0,33,74.4,7.91,1,0,4.0,No,67.0,61.3,Average,Medium
STU103298,20,Male,EEE,5,74.8,70.3,60.9,65.3,7,14.9,54.8,25,15.0,29,56.1,6.81,1,5,14.0,Yes,79.0,66.2,Good,Low
STU103299,19,Male,CSE,4,63.1,64.6,46.5,50.9,8,8.9,59.0,12,10.0,16,41.1,5.86,1,3,4.0,Yes,69.6,49.2,Poor,High
STU103300,22,Male,AI&DS,6,73.8,68.9,70.5,62.1,14,15.2,69.3,29,16.0,35,91.5,5.98,4,0,13.0,No,55.3,60.2,Average,Medium
STU103301,22,Male,IT,8,86.3,84.7,75.5,55.9,16,10.4,61.2,39,14.0,41,83.1,7.43,1,1,16.0,No,57.2,74.9,Good,Low
STU103302,19,Male,IT,3,88.9,70.8,83.9,88.1,18,24.4,83.7,35,20.0,56,86.6,8.37,1,4,12.0,No,89.9,65.9,Good,Low
STU103303,21,Female,ECE,5,85.7,79.0,74.7,73.3,11,10.2,75.4,31,19.0,49,53.4,6.96,0,5,10.0,No,85.7,74.5,Good,Low
STU103304,20,Female,ECE,3,81.7,64.2,78.3,70.1,9,16.2,46.9,17,14.0,23,39.7,7.51,0,2,9.0,No,66.8,69.4,Good,Low
STU103305,19,Female,EEE,7,90.3,85.1,79.1,69.1,14,21.4,59.1,25,21.0,57,68.9,8.9,0,0,9.0,No,89.1,79.0,Good,Low
STU103306,23,Female,CSE,5,82.1,68.1,54.6,72.5,11,12.3,74.0,32,18.0,30,63.2,6.49,1,5,9.0,No,68.5,63.0,Average,Medium
STU103307,21,Male,AI&DS,4,75.9,69.5,76.8,62.1,14,19.6,75.7,23,17.0,28,56.0,7.1,0,3,13.0,No,66.6,67.1,Good,Low
STU103308,24,Male,EEE,8,71.5,61.1,72.1,57.5,12,8.3,74.0,29,14.0,39,59.6,5.81,1,3,10.0,Yes,73.0,48.3,Poor,High
STU103309,18,Male,AI&DS,3,66.8,43.3,60.6,42.1,5,10.5,50.7,21,10.0,33,58.0,4.81,1,0,5.0,No,44.4,32.8,Poor,High
STU103310,24,Male,CSE,2,81.1,44.9,74.8,49.8,13,7.0,66.4,21,20.0,30,86.3,6.79,0,3,16.0,No,58.1,60.3,Average,Medium
STU103311,22,Male,EEE,3,64.0,54.2,62.3,58.2,9,8.1,63.2,27,12.0,47,50.5,5.89,1,5,4.0,No,58.9,59.1,Average,Medium
STU103312,22,Female,EEE,4,85.1,74.4,75.7,63.6,11,14.8,86.2,32,21.0,48,68.7,7.6,1,1,9.0,No,81.3,70.8,Good,Low
STU103313,20,Female,AI&DS,3,83.8,66.7,77.8,55.4,9,10.9,66.6,17,14.0,34,68.1,6.79,3,1,11.0,No,61.5,48.6,Poor,High
STU103314,18,Female,IT,2,75.2,75.3,72.0,57.2,12,18.0,65.7,24,17.0,41,56.2,7.35,1,0,7.0,Yes,62.2,57.6,Average,Medium
STU103315,19,Female,CIVIL,8,76.5,82.1,74.8,66.5,16,12.9,53.3,20,15.0,38,56.8,8.01,0,2,9.0,Yes,70.9,66.2,Good,Low
STU103316,21,Female,EEE,4,83.7,83.1,87.5,58.0,13,11.9,73.7,31,22.0,35,73.2,7.94,1,0,15.0,Yes,72.1,83.0,Excellent,Low
STU103317,20,Female,CSE,8,72.2,52.2,46.4,33.6,7,10.5,41.2,23,10.0,15,52.9,5.48,1,4,1.0,Yes,53.1,43.0,Poor,High
STU103318,19,Female,EEE,6,68.6,65.5,72.5,72.6,9,11.5,50.9,16,12.0,16,31.5,7.05,1,1,8.0,No,61.7,61.0,Average,Medium
STU103319,18,Male,MECH,7,84.9,78.6,70.9,71.0,13,18.2,59.3,25,20.0,36,67.5,8.0,0,1,12.0,Yes,76.6,67.6,Good,Low
STU103320,22,Female,EEE,4,,62.3,97.5,99.1,17,19.6,78.7,36,22.0,57,74.4,8.91,1,0,15.0,No,80.5,75.9,Good,Low
STU103321,22,Female,EEE,6,35.0,51.4,52.1,37.6,3,1.0,41.0,9,9.0,24,45.1,5.04,1,3,10.0,Yes,41.9,28.2,Poor,High
STU103322,19,Male,CSE,4,61.1,52.8,55.9,,7,17.4,52.7,21,15.0,16,55.1,5.76,3,1,9.0,Yes,61.2,57.8,Average,Medium
STU103323,23,Female,AI&DS,4,80.9,59.9,82.7,59.1,12,12.3,58.7,26,17.0,29,67.4,7.48,2,4,13.0,No,75.2,60.0,Average,Medium
STU103324,24,Female,IT,8,90.5,86.6,79.2,76.9,14,15.7,96.3,22,23.0,62,82.4,7.85,1,1,16.0,Yes,85.3,81.3,Excellent,Low
STU103325,24,Female,CSE,8,67.9,72.9,63.1,70.4,14,15.0,65.8,28,17.0,41,73.6,6.3,0,0,9.0,Yes,78.4,55.8,Average,Medium
STU103326,19,Male,EEE,4,76.9,60.9,61.5,52.0,14,8.2,76.9,29,22.0,46,66.6,6.8,2,3,15.0,No,54.8,50.6,Average,Medium
STU103327,20,Male,IT,2,72.5,64.4,76.4,55.3,11,13.1,59.2,20,17.0,33,61.0,6.71,0,1,11.0,No,66.1,57.3,Average,Medium
STU103328,18,Male,CSE,5,71.0,,53.7,47.9,11,14.6,56.7,19,10.0,49,49.9,6.32,1,6,6.0,No,71.4,53.1,Average,Medium
STU103329,18,Male,IT,8,,49.3,78.1,53.5,10,14.2,73.3,30,15.0,31,61.1,6.04,1,1,9.0,No,55.4,50.1,Average,Medium
STU103330,23,Male,IT,8,46.5,57.5,62.5,56.5,4,9.8,65.3,16,17.0,36,64.1,5.76,2,3,7.0,Yes,62.7,38.9,Poor,High
STU103331,24,Male,MECH,5,98.1,66.8,73.7,62.3,13,15.7,87.4,30,19.0,47,65.6,7.32,1,0,11.0,Yes,74.9,77.6,Good,Low
STU103332,19,Male,MECH,5,63.0,85.9,76.1,48.7,11,14.9,47.9,17,15.0,11,59.0,6.05,0,4,8.0,Yes,65.5,55.2,Average,Medium
STU103333,21,Male,IT,8,61.6,33.3,64.6,30.8,12,7.1,62.6,15,19.0,11,59.1,4.38,1,2,7.0,Yes,42.0,50.6,Average,Medium
STU103334,18,Female,CSE,3,63.5,49.2,66.6,65.5,9,14.0,46.7,26,15.0,27,59.8,5.42,1,2,9.0,No,48.4,49.7,Poor,High
STU103335,23,Female,MECH,3,83.9,64.2,90.8,61.3,12,12.7,70.4,27,21.0,34,74.6,6.84,2,0,11.0,No,70.1,69.2,Good,Low
STU103336,21,Male,AI&DS,3,70.4,56.2,64.5,57.7,10,9.6,66.5,29,8.0,23,50.1,5.58,1,1,6.0,No,64.4,55.2,Average,Medium
STU103337,20,Male,IT,6,81.3,61.0,59.5,63.0,7,11.3,42.9,24,13.0,36,57.7,6.74,0,3,7.0,No,61.0,57.0,Average,Medium
STU103338,24,Female,ECE,8,95.6,69.3,87.2,48.9,15,8.8,73.2,38,23.0,36,92.2,7.76,1,4,15.0,Yes,69.6,55.7,Average,Medium
STU103339,18,Male,CIVIL,4,58.2,59.6,59.9,48.1,10,12.3,52.8,16,11.0,16,50.0,5.3,2,4,9.0,Yes,51.6,42.5,Poor,High
STU103340,19,Female,CSE,8,54.6,49.3,51.9,,13,9.4,53.3,25,12.0,16,50.9,6.07,1,0,6.0,Yes,58.0,50.6,Average,Medium
STU103341,23,Male,AI&DS,5,67.2,49.8,38.1,42.5,8,10.4,58.5,21,14.0,37,56.3,6.1,0,5,2.0,No,59.3,39.6,Poor,High
STU103342,20,Male,CIVIL,3,66.3,66.2,79.7,57.1,9,16.5,70.9,14,17.0,47,63.4,8.04,1,3,11.0,Yes,63.7,59.4,Average,Medium
STU103343,22,Female,AI&DS,8,72.7,76.8,83.4,63.4,10,18.5,44.4,30,17.0,27,72.6,8.65,0,1,9.0,No,65.6,71.7,Good,Low
STU103344,19,Male,ECE,6,87.6,80.9,88.3,54.0,18,18.9,60.0,28,27.0,47,89.9,6.89,1,2,12.0,No,78.5,73.5,Good,Low
STU103345,22,Male,MECH,5,55.7,56.7,71.2,50.0,11,14.5,55.4,17,13.0,21,72.0,5.35,2,2,10.0,No,53.2,54.0,Average,Medium
STU103346,21,Male,CSE,3,63.8,64.6,59.4,59.3,14,12.5,55.6,23,11.0,22,51.4,6.54,0,6,11.0,Yes,71.1,52.6,Average,Medium
STU103347,18,Female,AI&DS,5,80.0,60.9,70.4,48.5,11,11.8,62.2,20,12.0,31,65.7,6.25,1,3,-0.0,Yes,56.1,42.5,Poor,High
STU103348,20,Female,AI&DS,3,61.3,66.1,60.8,43.8,9,15.2,63.2,25,15.0,33,41.5,6.04,1,1,13.0,No,59.7,50.0,Poor,High
STU103349,20,Female,IT,4,91.5,61.6,84.2,58.5,12,13.2,52.6,28,15.0,48,76.1,6.71,0,2,10.0,No,62.1,56.0,Average,Medium
STU103350,22,Female,CSE,8,65.3,61.3,72.2,58.8,10,8.8,54.4,30,15.0,26,54.8,5.31,1,0,5.0,No,55.4,56.3,Average,Medium
STU103351,21,Male,AI&DS,8,70.8,73.1,64.8,48.6,13,12.0,52.6,32,19.0,44,64.8,5.05,1,2,7.0,Yes,66.6,61.1,Average,Medium
STU103352,21,Male,IT,4,73.7,51.1,80.1,52.3,13,18.0,80.6,35,26.0,59,79.2,8.38,2,4,9.0,No,55.2,66.3,Good,Low
STU103353,19,Female,CIVIL,4,64.3,73.5,89.5,64.0,14,18.9,70.7,28,17.0,30,60.1,7.03,1,4,12.0,Yes,70.7,68.7,Good,Low
STU103354,24,Male,MECH,3,74.6,57.5,74.5,42.0,11,14.9,66.8,36,20.0,33,70.3,6.71,1,1,14.0,Yes,64.7,62.9,Average,Medium
STU103355,23,Female,EEE,3,73.9,66.8,54.5,67.5,9,12.3,40.0,17,15.0,34,62.9,6.67,2,3,6.0,No,67.3,53.4,Average,Medium
STU103356,22,Female,CIVIL,5,60.7,36.1,67.2,34.2,10,9.1,65.9,19,21.0,20,76.3,4.0,2,3,10.0,No,43.8,44.6,Poor,High
STU103357,19,Male,IT,8,68.8,53.4,60.1,50.4,13,13.7,57.9,29,17.0,43,77.8,6.58,2,4,11.0,Yes,62.9,56.9,Average,Medium
STU103358,22,Female,IT,7,62.0,58.1,54.9,48.6,9,8.8,49.1,20,10.0,37,61.7,5.57,2,2,8.0,Yes,42.7,56.2,Average,Medium
STU103359,19,Male,EEE,4,61.8,55.3,55.0,39.6,8,10.8,26.5,16,8.0,6,52.4,6.94,2,6,1.0,Yes,61.1,42.2,Poor,High
STU103360,21,Female,MECH,7,64.6,65.1,67.3,51.1,8,12.8,52.5,15,8.0,30,46.1,6.32,1,3,7.0,No,62.5,53.7,Average,Medium
STU103361,19,Male,CIVIL,5,75.5,71.2,72.3,78.2,12,12.1,59.7,18,16.0,35,58.8,6.05,1,3,12.0,Yes,73.5,68.5,Good,Low
STU103362,20,Female,CIVIL,6,69.4,49.6,56.9,44.8,10,7.0,59.7,16,16.0,26,62.3,5.35,2,3,6.0,Yes,52.0,52.6,Average,Medium
STU103363,22,Female,MECH,3,67.8,60.9,89.6,56.2,10,11.6,48.5,27,14.0,33,39.2,6.75,0,3,11.0,Yes,62.8,68.8,Good,Low
STU103364,20,Male,CSE,7,86.7,57.0,67.0,51.0,12,10.7,66.3,25,13.0,32,64.5,6.8,1,4,11.0,No,75.4,53.3,Average,Medium
STU103365,23,Other,MECH,5,63.2,71.3,69.7,53.3,9,13.8,66.5,25,11.0,46,52.4,6.46,1,1,13.0,Yes,,55.0,Average,Medium
STU103366,21,Male,AI&DS,7,66.1,42.8,51.9,53.5,11,10.9,29.9,14,14.0,28,48.1,6.8,1,2,6.0,Yes,45.9,51.6,Average,Medium
STU103367,24,Male,CSE,3,72.1,55.1,51.0,25.7,10,16.6,54.8,21,10.0,25,40.0,5.87,0,3,9.0,Yes,44.5,40.1,Poor,High
STU103368,19,Male,CSE,8,68.4,48.2,65.9,49.8,11,13.7,46.2,26,22.0,29,61.3,6.69,0,6,11.0,No,56.8,57.6,Average,Medium
STU103369,24,Female,AI&DS,4,67.9,73.4,60.0,50.4,9,13.2,62.2,19,11.0,32,51.0,6.42,0,5,7.0,No,56.4,60.0,Average,Medium
STU103370,18,Male,ECE,6,84.4,85.2,77.7,64.5,16,8.4,68.7,20,12.0,41,61.0,6.68,3,1,4.0,No,69.0,58.9,Average,Medium
STU103371,21,Female,AI&DS,5,69.6,56.1,63.0,53.6,13,20.3,47.7,29,11.0,20,57.8,7.21,0,2,7.0,No,61.1,62.6,Average,Medium
STU103372,20,Female,MECH,6,47.3,51.9,56.5,23.7,5,6.1,37.3,14,13.0,32,38.1,4.71,1,3,8.0,No,41.4,35.2,Poor,High
STU103373,23,Female,IT,3,67.2,61.0,57.9,38.0,9,7.7,47.4,19,9.0,19,57.0,6.42,3,3,8.0,Yes,56.1,46.1,Poor,High
STU103374,18,Female,CSE,8,79.2,47.0,72.9,54.0,15,14.9,64.9,22,15.0,18,62.8,6.56,1,3,11.0,Yes,63.2,65.7,Good,Low
STU103375,19,Female,CSE,3,75.9,65.9,70.5,69.9,12,9.4,47.5,30,20.0,45,65.0,5.38,1,2,11.0,No,61.9,59.5,Average,Medium
STU103376,19,Male,AI&DS,4,73.0,70.2,66.4,48.4,8,13.5,40.4,14,2.0,26,35.2,5.83,2,2,7.0,No,55.9,49.8,Poor,High
STU103377,24,Female,CIVIL,5,80.1,67.2,71.1,62.1,10,13.1,55.1,24,16.0,33,59.4,7.24,1,3,8.0,No,64.4,67.1,Good,Low
STU103378,21,Male,AI&DS,5,,65.9,82.9,57.2,15,,72.7,33,19.0,40,65.2,6.47,0,3,15.0,No,80.9,75.1,Good,Low
STU103379,19,Male,CSE,3,69.5,66.0,65.8,24.9,7,11.0,67.9,33,20.0,32,52.3,5.09,1,2,5.0,No,47.5,48.7,Poor,High
STU103380,23,Male,CSE,8,81.5,61.5,94.3,50.7,14,10.3,78.3,30,19.0,52,80.1,5.95,2,2,12.0,No,58.8,53.7,Average,Medium
STU103381,19,Male,CSE,6,82.4,63.4,70.9,39.9,10,14.2,51.2,24,13.0,31,64.0,6.0,1,3,9.0,Yes,42.6,68.1,Good,Low
STU103382,19,Female,MECH,8,74.1,66.1,76.2,80.2,14,17.6,72.1,35,20.0,52,86.3,7.89,1,1,15.0,Yes,74.1,78.9,Good,Low
STU103383,21,Male,MECH,4,84.6,97.4,79.1,75.2,19,18.3,81.4,37,24.0,53,92.7,7.15,0,2,13.0,No,79.2,70.1,Good,Low
STU103384,23,Female,AI&DS,4,77.1,63.7,47.5,57.3,11,22.6,75.0,25,17.0,44,47.4,4.87,2,4,9.0,No,70.1,54.9,Average,Medium
STU103385,23,Female,ECE,5,62.0,64.4,63.5,44.1,8,11.9,44.9,28,10.0,13,57.0,5.98,0,4,7.0,Yes,54.4,61.7,Average,Medium
STU103386,18,Male,EEE,6,76.7,71.5,77.5,56.0,13,10.1,55.5,29,12.0,47,51.1,6.6,0,5,8.0,No,64.0,66.6,Good,Low
STU103387,24,Male,IT,3,82.7,55.8,79.0,56.9,13,11.9,82.8,41,16.0,26,80.5,6.16,2,3,9.0,Yes,65.5,71.9,Good,Low
STU103388,24,Male,MECH,7,76.1,65.9,91.3,54.9,5,6.7,49.5,19,15.0,20,40.3,5.99,0,2,11.0,No,56.1,58.4,Average,Medium
STU103389,20,Male,CIVIL,8,68.6,47.0,64.6,42.0,15,13.1,51.3,29,16.0,39,60.1,5.95,1,3,4.0,Yes,46.2,50.0,Average,Medium
STU103390,21,Other,IT,5,72.2,61.5,70.7,45.0,14,18.7,64.2,25,17.0,30,65.2,5.58,2,1,11.0,No,63.1,42.3,Poor,High
STU103391,20,Male,AI&DS,4,49.1,47.2,61.6,27.8,11,11.1,53.3,19,19.0,35,42.3,5.25,1,6,10.0,No,38.3,43.3,Poor,High
STU103392,21,Male,CSE,4,56.2,50.6,56.0,55.9,6,4.0,24.8,11,12.0,5,50.0,5.49,2,4,2.0,No,47.4,44.1,Poor,High
STU103393,22,Male,MECH,2,69.1,69.5,69.3,42.7,9,7.6,33.9,23,12.0,19,71.7,6.92,0,3,5.0,Yes,61.9,63.5,Average,Medium
STU103394,22,Male,CSE,2,,48.3,58.9,40.6,6,13.5,55.1,20,11.0,20,51.5,6.18,2,1,4.0,Yes,60.8,53.2,Average,Medium
STU103395,21,Female,ECE,4,80.6,78.6,69.3,58.6,13,13.2,71.7,24,22.0,27,76.7,5.7,0,1,9.0,No,68.9,74.3,Good,Low
STU103396,21,Other,MECH,3,71.9,66.3,53.9,76.3,12,11.0,69.5,22,19.0,50,73.5,7.18,2,4,7.0,No,77.5,58.1,Average,Medium
STU103397,21,Female,EEE,4,75.4,61.3,80.9,42.9,11,7.5,69.3,18,16.0,31,54.1,6.63,1,1,14.0,Yes,50.1,54.5,Average,Medium
STU103398,20,Male,AI&DS,4,79.5,61.5,52.7,48.9,11,17.2,55.4,21,15.0,20,48.1,5.04,2,3,5.0,Yes,61.6,52.7,Average,Medium
STU103399,18,Female,ECE,3,55.9,37.3,36.6,37.3,9,4.9,37.8,16,5.0,16,42.8,4.94,2,4,6.0,No,57.5,31.2,Poor,High
STU103400,20,Female,AI&DS,4,77.1,58.4,77.9,63.4,12,16.2,72.6,32,19.0,33,80.8,5.95,1,3,15.0,Yes,65.9,67.5,Good,Low
STU103401,23,Male,CSE,2,76.0,65.2,67.7,58.8,10,15.4,57.5,24,12.0,37,66.7,8.32,0,4,2.0,Yes,69.2,55.1,Average,Medium
STU103402,24,Female,ECE,7,76.6,77.0,87.2,68.9,18,13.4,64.9,34,21.0,46,63.4,7.57,0,4,16.0,No,64.3,71.7,Good,Low
STU103403,23,Female,CSE,6,84.2,61.0,63.6,48.4,9,11.2,59.2,28,16.0,23,69.1,6.34,2,2,6.0,Yes,57.2,65.5,Good,Low
STU103404,24,Female,IT,3,69.4,98.1,69.4,63.2,13,12.6,73.1,20,20.0,39,78.9,8.3,0,3,11.0,Yes,77.2,66.2,Good,Low
STU103405,23,Male,ECE,3,65.1,52.4,54.6,59.1,10,13.0,46.3,23,7.0,46,26.1,4.0,1,4,7.0,No,46.2,46.0,Poor,High
STU103406,21,Female,IT,2,64.4,40.9,55.2,36.7,8,6.4,68.6,22,17.0,29,60.7,5.84,1,3,6.0,Yes,50.4,40.7,Poor,High
STU103407,22,Female,IT,3,71.1,80.9,80.9,64.3,9,16.0,52.3,15,16.0,22,55.6,6.74,0,3,8.0,No,74.4,60.9,Average,Medium
STU103408,23,Female,ECE,6,84.3,87.9,84.8,67.1,13,17.1,79.1,19,16.0,50,82.5,7.37,0,0,10.0,No,71.1,73.5,Good,Low
STU103409,19,Male,ECE,2,95.3,71.0,88.8,70.3,17,12.8,,33,20.0,66,87.7,6.78,1,0,16.0,No,73.2,69.6,Good,Low
STU103410,19,Male,IT,2,71.7,53.0,62.3,56.5,11,15.5,68.2,27,16.0,40,66.4,6.41,2,1,8.0,No,57.6,57.0,Average,Medium
STU103411,19,Female,CSE,5,58.3,40.5,38.8,32.4,5,5.4,48.7,4,6.0,10,38.2,4.84,3,6,4.0,No,37.1,24.0,Poor,High
STU103412,21,Female,ECE,8,77.4,54.7,74.0,37.7,10,2.1,46.0,17,9.0,10,57.0,5.34,1,5,7.0,No,53.0,40.3,Poor,High
STU103413,23,Other,AI&DS,5,68.6,68.1,70.2,47.3,10,14.2,60.6,22,12.0,32,42.7,7.71,1,1,7.0,Yes,60.8,63.4,Average,Medium
STU103414,21,Male,MECH,3,74.6,71.4,68.3,50.8,8,9.7,51.8,25,15.0,17,37.8,5.76,2,1,8.0,Yes,81.0,56.7,Average,Medium
STU103415,24,Male,CIVIL,7,56.5,63.9,44.0,26.5,13,10.6,38.2,19,8.0,24,53.6,5.59,2,4,8.0,Yes,37.5,32.8,Poor,High
STU103416,20,Female,EEE,7,69.3,67.8,74.5,62.3,14,16.5,73.1,32,19.0,22,73.4,4.91,1,1,11.0,No,58.5,64.7,Average,Medium
STU103417,21,Female,ECE,7,74.9,39.7,77.5,49.1,9,14.3,45.9,16,13.0,30,55.4,6.12,1,4,12.0,No,43.0,61.3,Average,Medium
STU103418,24,Female,EEE,4,74.4,64.4,78.9,63.1,11,17.7,58.4,31,16.0,21,56.3,7.72,0,5,11.0,No,67.4,74.5,Good,Low
STU103419,19,Female,EEE,2,100.0,57.5,81.0,59.2,10,11.1,59.4,31,17.0,38,62.8,7.22,0,0,14.0,No,69.4,77.1,Good,Low
STU103420,23,Male,EEE,8,72.5,86.0,85.2,75.2,15,19.5,88.0,31,20.0,67,75.5,9.47,1,3,15.0,Yes,82.4,81.9,Excellent,Low
STU103421,19,Male,IT,8,83.8,70.3,88.7,37.8,11,13.0,65.5,26,15.0,30,61.3,6.47,2,2,17.0,No,60.7,67.9,Good,Low
STU103422,24,Male,AI&DS,5,70.3,61.6,66.7,50.6,11,8.3,53.6,21,15.0,24,66.9,5.97,2,5,10.0,No,67.9,48.1,Poor,High
STU103423,20,Male,CSE,7,95.4,73.7,98.5,74.4,18,9.5,75.5,35,21.0,55,92.0,7.47,0,0,19.0,No,81.3,90.8,Excellent,Low
STU103424,22,Female,CSE,8,64.7,60.7,64.2,57.9,8,8.3,53.2,6,15.0,16,49.0,5.58,1,2,7.0,No,69.1,55.2,Average,Medium
STU103425,22,Male,MECH,2,90.7,82.2,96.0,100.0,14,17.8,70.8,33,22.0,64,96.9,8.07,0,1,14.0,No,96.4,80.7,Excellent,Low
STU103426,20,Female,IT,5,72.3,58.2,82.1,80.3,9,11.9,55.2,31,19.0,38,62.0,7.25,0,4,7.0,No,65.9,59.2,Average,Medium
STU103427,21,Male,AI&DS,8,64.6,54.3,55.8,52.5,5,14.0,57.0,17,11.0,42,42.8,6.06,1,3,10.0,Yes,47.7,47.8,Poor,High
STU103428,23,Female,ECE,6,66.3,69.2,77.5,69.4,14,19.5,65.6,29,20.0,47,67.8,7.38,0,1,8.0,No,73.5,71.5,Good,Low
STU103429,24,Female,IT,2,86.8,76.7,80.7,85.9,13,15.6,77.9,24,13.0,46,76.4,8.39,0,0,12.0,No,81.2,78.9,Good,Low
STU103430,18,Male,CSE,2,53.5,78.0,63.1,73.4,11,14.7,84.6,18,20.0,46,63.7,7.52,1,3,12.0,Yes,73.7,56.4,Average,Medium
STU103431,21,Female,IT,4,62.5,50.0,73.3,35.9,8,7.6,52.7,12,8.0,17,30.3,5.6,1,1,5.0,No,48.2,33.9,Poor,High
STU103432,23,Female,IT,5,95.6,69.7,86.3,75.7,17,15.0,86.9,34,29.0,44,70.0,8.84,0,4,16.0,No,85.5,89.1,Excellent,Low
STU103433,21,Female,CIVIL,2,85.9,62.1,78.1,56.7,11,10.3,53.6,22,15.0,41,70.0,6.33,1,2,7.0,Yes,56.2,64.9,Average,Medium
STU103434,18,Male,AI&DS,3,76.5,61.9,86.8,56.2,14,20.6,87.1,28,19.0,31,83.6,6.73,1,1,16.0,No,72.9,76.6,Good,Low
STU103435,18,Female,EEE,5,68.2,49.6,47.3,46.8,9,9.3,49.0,23,15.0,40,67.2,5.67,1,3,5.0,No,54.8,46.1,Poor,High
STU103436,23,Male,AI&DS,7,69.3,77.7,72.6,55.3,17,13.8,64.9,31,21.0,34,89.6,6.85,0,1,15.0,No,65.8,64.2,Average,Medium
STU103437,20,Male,CSE,5,55.4,51.7,60.1,,12,7.1,61.4,25,9.0,43,59.5,6.77,1,4,9.0,Yes,69.8,55.2,Average,Medium
STU103438,22,Male,CSE,5,77.4,59.0,68.5,55.6,11,13.3,58.0,34,21.0,53,43.0,5.82,1,3,11.0,No,54.3,56.0,Average,Medium
STU103439,24,Female,CSE,7,77.4,69.0,78.8,62.2,14,12.1,70.6,32,15.0,53,74.7,6.63,3,3,17.0,No,53.0,57.9,Average,Medium
STU103440,18,Female,IT,6,94.5,79.3,85.3,82.6,20,24.5,87.3,37,21.0,35,82.0,8.15,0,2,11.0,No,80.5,84.8,Excellent,Low
STU103441,21,Male,EEE,3,88.6,88.5,93.5,81.5,20,19.7,87.4,30,23.0,52,83.2,8.77,1,1,10.0,No,87.3,69.2,Good,Low
STU103442,19,Other,AI&DS,3,66.2,64.1,44.6,59.0,7,12.4,40.4,14,10.0,23,36.7,6.12,1,4,7.0,Yes,64.4,55.7,Average,Medium
STU103443,23,Female,EEE,2,80.2,56.2,67.8,67.0,13,13.7,57.6,15,16.0,45,44.5,8.08,3,1,7.0,No,76.0,51.4,Average,Medium
STU103444,21,Male,EEE,2,,53.6,81.2,58.9,15,17.9,83.5,26,16.0,28,77.8,6.69,2,4,15.0,No,76.3,58.7,Average,Medium
STU103445,24,Female,CSE,7,73.8,68.3,78.3,74.5,13,14.5,50.3,23,13.0,36,41.6,7.41,2,2,6.0,No,73.1,55.7,Average,Medium
STU103446,20,Female,AI&DS,6,63.6,62.3,74.6,61.6,11,9.9,50.8,25,14.0,29,74.9,6.45,0,2,12.0,No,65.9,54.0,Average,Medium
STU103447,19,Male,EEE,6,73.9,77.2,67.8,44.4,15,14.0,65.3,25,20.0,38,55.6,6.31,1,3,12.0,Yes,55.6,56.6,Average,Medium
STU103448,24,Male,CIVIL,5,79.1,65.7,88.6,67.5,14,18.8,62.8,27,20.0,33,45.9,7.81,0,1,9.0,No,74.6,74.2,Good,Low
STU103449,22,Male,CSE,2,65.3,48.3,55.4,46.3,7,14.4,41.1,11,8.0,22,46.4,6.14,2,6,8.0,Yes,56.8,47.3,Poor,High
STU103450,19,Male,CIVIL,4,71.4,74.2,64.1,,11,15.0,82.7,23,15.0,28,58.8,7.33,1,2,7.0,No,75.1,64.2,Average,Medium
STU103451,22,Female,EEE,3,68.9,48.8,50.9,53.5,13,9.1,59.7,28,15.0,23,47.1,4.0,2,2,11.0,Yes,44.1,48.8,Poor,High
STU103452,20,Male,ECE,8,82.5,70.7,87.4,65.2,9,18.8,61.7,22,13.0,44,56.0,6.82,1,3,8.0,No,70.0,60.9,Average,Medium
STU103453,18,Male,CSE,4,81.4,88.1,83.4,80.8,13,9.6,62.2,24,20.0,26,76.7,8.39,1,1,13.0,No,86.4,72.1,Good,Low
STU103454,19,Female,EEE,2,78.3,81.5,66.4,65.4,10,15.6,63.5,30,13.0,36,63.7,6.34,1,4,11.0,No,58.3,68.2,Good,Low
STU103455,23,Other,AI&DS,3,75.6,83.5,85.6,72.0,17,14.0,82.5,42,21.0,50,73.8,8.21,0,1,13.0,No,76.5,73.7,Good,Low
STU103456,18,Female,CSE,6,69.6,49.1,67.9,60.6,11,10.6,61.4,21,15.0,34,54.5,6.44,1,4,4.0,Yes,56.5,62.9,Average,Medium
STU103457,20,Female,IT,5,82.1,70.7,71.3,65.2,13,15.4,63.7,23,11.0,53,59.3,8.06,2,3,9.0,No,74.5,52.3,Average,Medium
STU103458,19,Female,ECE,2,93.2,64.6,72.4,69.7,15,15.0,69.1,28,18.0,20,56.8,6.37,2,1,9.0,No,72.9,80.7,Excellent,Low
STU103459,23,Female,CSE,4,82.4,,71.3,56.4,11,9.4,47.7,25,15.0,31,53.7,6.73,1,4,10.0,Yes,60.9,58.3,Average,Medium
STU103460,24,Male,AI&DS,6,77.1,76.3,94.3,59.8,15,13.8,70.3,31,17.0,34,62.0,7.72,1,2,9.0,Yes,66.3,63.5,Average,Medium
STU103461,23,Male,CSE,5,51.8,57.4,51.1,38.2,11,9.3,63.8,24,12.0,22,57.8,6.43,1,4,10.0,No,53.1,40.9,Poor,High
STU103462,23,Male,IT,5,63.9,44.7,60.2,67.9,9,8.4,58.0,24,14.0,38,61.7,4.98,1,0,10.0,Yes,50.7,47.3,Poor,High
STU103463,18,Male,AI&DS,6,55.5,52.1,57.8,50.2,11,4.2,44.1,17,13.0,26,55.0,5.46,2,2,9.0,Yes,50.7,39.7,Poor,High
STU103464,24,Male,ECE,7,64.9,56.2,77.6,48.1,8,15.5,31.0,15,10.0,10,51.8,5.76,0,2,8.0,Yes,49.4,55.7,Average,Medium
STU103465,19,Male,MECH,4,71.0,74.7,58.2,75.6,10,17.2,59.0,26,9.0,20,40.0,6.48,0,4,5.0,Yes,71.8,65.6,Good,Low
STU103466,20,Male,CSE,7,81.1,71.5,81.6,79.6,11,15.5,56.1,29,17.0,25,73.5,9.08,1,0,16.0,Yes,69.5,72.9,Good,Low
STU103467,23,Female,ECE,8,76.7,88.7,79.1,64.3,12,17.3,63.1,28,14.0,43,48.5,8.07,0,0,10.0,Yes,73.7,79.1,Good,Low
STU103468,19,Male,EEE,2,55.3,46.7,49.0,42.7,6,5.2,18.4,11,8.0,5,53.5,5.14,1,5,0.0,No,44.6,28.2,Poor,High
STU103469,19,Male,IT,7,81.8,85.3,81.3,69.5,12,16.8,66.3,26,9.0,56,57.3,7.4,1,3,11.0,No,83.5,71.2,Good,Low
STU103470,18,Female,EEE,3,77.2,66.6,71.1,50.6,9,13.6,59.9,27,17.0,48,74.7,7.61,1,3,11.0,Yes,68.8,63.6,Average,Medium
STU103471,20,Male,CSE,2,61.5,53.2,51.4,55.7,7,3.0,48.6,20,6.0,19,47.6,6.12,2,5,4.0,Yes,68.8,48.1,Poor,High
STU103472,21,Male,AI&DS,3,70.7,66.0,65.7,50.4,15,10.4,65.4,32,18.0,41,63.2,6.99,0,2,18.0,No,63.3,48.5,Poor,High
STU103473,21,Male,AI&DS,8,76.5,66.8,93.6,63.6,13,21.5,64.7,28,23.0,34,50.4,7.84,1,0,8.0,No,73.0,68.2,Good,Low
STU103474,18,Female,AI&DS,6,81.2,73.2,84.3,71.7,16,10.0,60.8,38,12.0,37,68.7,6.66,0,5,11.0,No,66.3,61.9,Average,Medium
STU103475,19,Female,IT,5,63.2,40.3,47.0,28.7,11,11.9,47.2,13,14.0,25,55.8,5.2,3,5,9.0,Yes,54.5,36.3,Poor,High
STU103476,18,Male,CSE,3,85.4,71.8,81.3,66.0,14,17.3,59.5,32,14.0,37,70.2,7.16,0,2,14.0,No,82.5,66.1,Good,Low
STU103477,19,Female,AI&DS,5,66.9,60.7,63.9,40.2,9,5.6,39.2,16,16.0,30,44.4,4.48,2,3,9.0,Yes,52.6,44.1,Poor,High
STU103478,22,Female,ECE,5,64.6,61.8,49.9,67.3,10,13.9,64.9,16,16.0,53,60.9,7.0,1,3,9.0,Yes,71.0,53.4,Average,Medium
STU103479,18,Female,CSE,4,67.3,70.0,76.4,77.0,16,15.0,68.8,16,25.0,38,71.1,6.5,2,3,8.0,No,69.3,56.9,Average,Medium
STU103480,19,Female,ECE,5,86.0,56.4,86.1,72.1,16,,82.6,36,24.0,35,95.6,6.12,1,1,17.0,No,66.0,68.0,Good,Low
STU103481,21,Female,CSE,7,,60.6,62.9,64.4,12,10.1,72.1,36,19.0,34,65.1,6.27,1,2,9.0,No,65.5,57.3,Average,Medium
STU103482,21,Male,CIVIL,6,68.1,68.5,76.2,79.3,10,13.1,70.7,31,14.0,36,38.7,6.75,1,4,10.0,No,77.3,61.0,Average,Medium
STU103483,24,Male,AI&DS,2,85.5,59.5,91.3,66.3,12,21.3,68.2,28,26.0,49,73.1,6.81,0,1,12.0,No,72.1,66.1,Good,Low
STU103484,22,Male,ECE,4,78.2,69.5,69.3,62.2,14,16.0,69.6,24,18.0,50,61.4,8.26,2,1,11.0,No,,68.9,Good,Low
STU103485,24,Male,EEE,2,69.7,79.0,79.9,61.1,16,14.5,73.0,27,23.0,31,73.4,7.08,1,4,16.0,Yes,81.2,68.1,Good,Low
STU103486,23,Female,AI&DS,8,73.9,85.9,82.1,73.0,10,12.8,55.7,25,10.0,38,63.0,6.84,0,2,6.0,No,77.1,78.4,Good,Low
STU103487,21,Male,AI&DS,4,87.9,75.1,64.2,61.8,12,16.4,52.3,35,17.0,51,70.5,6.89,1,4,8.0,No,84.5,54.1,Average,Medium
STU103488,20,Female,ECE,8,83.5,77.8,85.6,57.5,12,11.4,93.2,34,17.0,42,64.1,6.41,1,0,13.0,No,78.0,71.2,Good,Low
STU103489,18,Other,CIVIL,3,80.9,68.5,78.7,72.3,18,18.3,78.1,34,22.0,31,67.8,7.75,2,1,11.0,No,78.5,85.2,Excellent,Low
STU103490,22,Male,ECE,4,80.6,56.8,81.9,63.2,13,11.6,66.8,28,21.0,22,76.5,5.61,0,2,14.0,No,70.2,69.7,Good,Low
STU103491,24,Male,ECE,4,77.6,69.4,56.8,62.8,14,5.9,63.8,14,21.0,30,50.1,5.9,1,4,1.0,No,64.1,57.0,Average,Medium
STU103492,20,Male,EEE,8,65.7,43.4,66.4,52.7,10,14.5,81.4,14,11.0,44,58.2,6.49,2,3,6.0,No,53.9,44.2,Poor,High
STU103493,20,Male,ECE,2,67.6,65.7,67.5,61.8,13,8.6,61.8,21,20.0,33,63.8,6.24,1,3,10.0,No,63.9,50.2,Average,Medium
STU103494,18,Male,MECH,7,73.7,58.5,58.0,57.0,7,13.4,58.1,16,13.0,27,36.8,5.97,0,4,10.0,No,75.5,45.6,Poor,High
STU103495,22,Male,CSE,6,82.0,76.3,62.3,57.4,14,12.2,78.7,25,25.0,39,78.5,8.74,0,1,12.0,Yes,75.1,70.6,Good,Low
STU103496,20,Female,ECE,3,68.8,74.6,75.6,56.6,17,13.2,77.9,32,18.0,59,68.1,6.59,1,4,11.0,No,64.1,57.1,Average,Medium
STU103497,18,Male,IT,7,88.2,75.0,87.6,63.1,14,19.6,72.7,27,23.0,23,70.9,7.62,0,1,15.0,Yes,80.6,68.0,Good,Low
STU103498,18,Female,EEE,5,78.8,72.5,78.3,58.3,13,14.2,56.0,24,16.0,38,60.6,6.91,0,2,14.0,No,69.7,63.0,Average,Medium
STU103499,20,Male,ECE,5,77.8,57.6,75.4,62.4,10,8.8,57.4,24,22.0,32,61.4,6.39,1,0,12.0,Yes,64.4,64.7,Average,Medium
STU103500,21,Male,CIVIL,4,82.9,76.2,73.0,73.9,14,11.9,78.5,32,14.0,38,55.7,6.55,2,0,12.0,No,71.4,62.8,Average,Medium
STU103501,21,Male,AI&DS,4,90.1,52.2,72.1,52.9,10,11.5,61.9,23,11.0,33,70.9,4.94,1,2,8.0,No,54.1,46.0,Poor,High
STU103502,23,Female,ECE,7,79.4,77.4,79.9,78.0,16,22.7,71.8,24,16.0,55,76.8,6.88,1,0,19.0,No,81.6,68.6,Good,Low
STU103503,21,Female,CSE,8,88.1,70.9,79.1,60.7,10,19.0,61.6,26,17.0,26,61.7,6.0,1,1,8.0,Yes,66.3,77.0,Good,Low
STU103504,23,Male,CSE,8,66.7,46.9,75.6,43.6,11,14.0,66.1,28,11.0,22,38.3,5.65,1,5,6.0,Yes,43.6,51.7,Average,Medium
STU103505,20,Female,CSE,4,75.4,53.1,58.6,56.6,11,9.7,67.7,31,18.0,23,52.4,6.32,0,2,13.0,No,68.9,54.7,Average,Medium
STU103506,19,Male,MECH,6,83.8,81.5,67.3,79.3,13,21.6,79.6,31,21.0,31,75.0,9.01,0,2,13.0,No,78.3,75.2,Good,Low
STU103507,21,Female,ECE,8,81.2,59.5,76.8,67.2,15,15.9,82.8,33,20.0,41,74.4,6.81,2,6,16.0,No,70.6,62.6,Average,Medium
STU103508,18,Other,IT,6,77.9,70.8,74.3,81.5,18,15.6,76.3,28,20.0,47,55.8,7.18,1,2,17.0,Yes,73.2,69.3,Good,Low
STU103509,23,Male,CSE,2,79.4,52.1,63.3,58.6,13,12.6,58.4,23,15.0,42,50.6,8.21,1,2,11.0,Yes,75.8,62.3,Average,Medium
STU103510,19,Male,AI&DS,7,67.9,51.7,71.1,48.4,13,14.1,61.6,19,18.0,37,55.1,4.72,1,1,9.0,Yes,52.1,64.1,Average,Medium
STU103511,24,Male,EEE,5,74.3,77.0,80.0,75.7,12,12.9,75.9,25,15.0,40,78.2,8.45,2,2,8.0,No,85.1,68.6,Good,Low
STU103512,24,Female,CSE,5,58.5,38.6,75.4,44.9,15,12.1,73.1,28,18.0,35,56.0,4.74,1,4,7.0,No,59.2,51.0,Average,Medium
STU103513,21,Male,ECE,2,65.2,70.3,49.3,56.2,10,9.1,61.5,26,7.0,24,50.7,6.86,1,3,1.0,No,65.2,48.9,Poor,High
STU103514,20,Female,CSE,5,78.7,78.8,77.5,66.7,10,13.5,66.0,32,24.0,35,82.5,6.63,0,2,12.0,Yes,67.5,77.8,Good,Low
STU103515,20,Female,CSE,7,94.0,67.6,77.9,66.5,14,13.3,,31,14.0,29,75.2,7.07,0,0,15.0,No,61.8,79.3,Good,Low
STU103516,21,Male,ECE,5,72.6,63.3,81.3,61.8,12,19.2,,15,13.0,31,69.2,7.23,0,3,7.0,No,67.1,60.5,Average,Medium
STU103517,21,Female,EEE,3,78.5,59.6,73.0,73.8,10,9.8,56.2,24,18.0,26,71.3,7.38,1,2,10.0,Yes,80.3,69.3,Good,Low
STU103518,18,Male,CSE,7,88.5,77.2,73.7,53.4,16,17.2,67.5,30,,53,71.7,6.6,1,3,13.0,No,66.0,76.2,Good,Low
STU103519,19,Female,AI&DS,5,67.1,63.5,69.5,65.0,10,15.0,,21,20.0,32,55.5,7.88,2,0,7.0,No,74.3,65.5,Good,Low
STU103520,23,Female,AI&DS,6,75.4,71.6,74.2,68.2,14,14.6,85.8,32,21.0,30,93.4,6.41,0,2,15.0,No,69.1,75.9,Good,Low
STU103521,18,Male,CSE,2,67.1,64.3,60.7,37.1,10,9.1,49.8,29,9.0,36,62.1,5.99,0,4,8.0,Yes,61.2,40.3,Poor,High
STU103522,21,Male,IT,3,74.1,64.8,59.6,53.3,11,8.1,74.7,24,13.0,40,49.0,5.85,0,4,13.0,No,71.4,59.2,Average,Medium
STU103523,24,Female,MECH,3,89.5,55.7,65.2,51.4,11,16.5,78.2,25,10.0,38,72.0,6.24,1,2,10.0,Yes,64.7,60.4,Average,Medium
STU103524,18,Female,CSE,2,53.8,47.6,63.3,44.8,6,4.7,31.6,25,12.0,20,26.7,4.56,2,0,10.0,Yes,51.7,45.3,Poor,High
STU103525,24,Male,AI&DS,4,63.0,56.8,66.7,44.6,11,1.0,64.3,24,18.0,32,62.7,5.68,1,6,3.0,Yes,55.5,34.8,Poor,High
STU103526,21,Female,CSE,4,81.3,80.6,80.6,79.4,15,18.7,71.7,43,24.0,50,60.1,7.5,0,0,15.0,No,74.8,66.2,Good,Low
STU103527,20,Female,AI&DS,2,69.4,55.0,70.7,66.7,17,9.0,75.3,28,17.0,43,63.9,6.49,0,4,6.0,No,52.8,41.5,Poor,High
STU103528,22,Female,IT,6,89.7,66.2,71.1,52.4,8,10.9,49.1,24,16.0,28,55.7,5.25,1,1,5.0,No,54.1,62.0,Average,Medium
STU103529,23,Male,CSE,5,58.4,49.8,51.5,37.9,10,4.5,59.3,25,7.0,19,37.2,5.59,3,2,7.0,Yes,42.7,33.9,Poor,High
STU103530,21,Male,IT,4,63.1,60.2,62.2,45.3,8,11.2,74.4,20,18.0,18,63.2,6.18,1,2,6.0,Yes,69.2,48.1,Poor,High
STU103531,18,Male,CIVIL,3,87.6,85.9,98.0,85.1,15,,73.5,44,23.0,38,69.5,7.7,0,0,9.0,No,85.6,82.7,Excellent,Low
STU103532,24,Male,MECH,4,76.5,58.9,64.1,51.1,9,13.8,60.2,19,13.0,32,58.5,5.98,3,0,7.0,No,62.1,51.8,Average,Medium
STU103533,18,Male,ECE,3,88.5,67.9,95.1,86.3,14,22.5,73.9,40,21.0,42,96.8,7.62,1,3,16.0,No,,78.7,Good,Low
STU103534,24,Male,AI&DS,8,65.4,65.1,70.2,64.4,15,13.1,61.6,30,14.0,33,56.5,5.39,1,4,12.0,No,57.1,55.5,Average,Medium
STU103535,21,Female,CIVIL,5,81.5,75.9,67.3,62.9,13,15.6,60.6,19,20.0,40,68.8,6.66,1,0,10.0,Yes,70.9,63.5,Average,Medium
STU103536,21,Male,CIVIL,8,69.7,52.5,79.9,55.5,14,10.4,58.3,22,17.0,21,94.4,5.7,2,1,12.0,No,51.3,54.5,Average,Medium
STU103537,23,Male,ECE,7,82.7,71.7,79.3,75.3,14,18.8,84.9,22,22.0,32,70.7,6.39,1,0,9.0,No,78.8,86.5,Excellent,Low
STU103538,24,Female,CSE,5,64.8,58.0,62.5,52.7,8,8.1,52.6,18,12.0,32,35.1,6.47,0,2,4.0,No,48.5,67.5,Good,Low
STU103539,19,Female,CSE,4,69.9,65.3,52.4,62.6,9,11.3,65.9,24,9.0,29,58.2,8.29,2,3,11.0,No,65.9,55.6,Average,Medium
STU103540,23,Female,CSE,7,70.3,56.0,64.8,54.1,11,10.4,65.1,26,15.0,37,64.2,5.96,2,6,11.0,No,65.0,50.3,Average,Medium
STU103541,22,Female,CSE,4,83.4,74.9,86.4,49.5,15,11.9,74.4,32,21.0,22,94.4,6.67,1,2,15.0,Yes,72.3,65.2,Good,Low
STU103542,20,Male,ECE,5,84.4,76.7,77.0,74.4,15,20.1,,29,19.0,52,65.0,7.6,0,1,12.0,No,78.7,74.4,Good,Low
STU103543,20,Female,CIVIL,4,68.1,81.4,90.7,53.3,17,14.9,83.2,30,22.0,50,72.5,6.56,2,2,12.0,No,68.2,71.1,Good,Low
STU103544,23,Female,EEE,6,79.7,83.1,83.7,62.0,16,10.8,69.7,30,19.0,44,72.9,7.73,1,1,14.0,No,83.1,75.4,Good,Low
STU103545,18,Male,EEE,2,82.9,58.7,62.3,54.5,14,15.6,72.7,26,19.0,26,68.6,,1,2,12.0,No,65.5,68.9,Good,Low
STU103546,21,Male,MECH,3,76.7,57.9,71.2,56.8,10,16.5,58.3,20,15.0,46,57.3,7.07,0,3,7.0,No,59.1,54.9,Average,Medium
STU103547,23,Female,EEE,6,82.5,85.8,98.7,76.4,16,15.3,58.5,29,20.0,70,77.5,8.02,0,2,12.0,No,81.9,76.4,Good,Low
STU103548,21,Male,ECE,5,100.0,63.7,91.4,78.2,11,22.0,76.6,38,20.0,61,87.4,8.0,2,1,9.0,No,79.1,74.9,Good,Low
STU103549,21,Male,CIVIL,6,,56.1,50.3,54.4,7,10.6,50.1,14,10.0,33,48.6,6.01,2,7,8.0,Yes,54.9,49.6,Poor,High
STU103550,21,Male,AI&DS,6,66.7,60.8,74.8,59.9,11,14.5,69.5,33,22.0,44,75.8,7.83,2,0,9.0,No,66.7,56.2,Average,Medium
STU103551,21,Female,IT,4,61.0,56.6,52.7,47.9,12,15.1,66.4,29,17.0,34,,7.08,2,1,11.0,Yes,51.5,57.9,Average,Medium
STU103552,23,Female,CSE,5,58.9,50.6,59.6,44.1,8,9.7,52.1,28,13.0,37,47.5,5.37,0,3,5.0,Yes,43.1,41.1,Poor,High
STU103553,23,Female,EEE,2,70.0,59.4,70.2,76.0,12,17.0,60.9,28,19.0,39,49.2,6.99,1,3,11.0,No,64.1,51.9,Average,Medium
STU103554,24,Female,ECE,7,60.3,68.2,65.7,47.6,10,9.5,61.5,25,11.0,1,52.8,4.0,2,3,13.0,Yes,43.0,43.4,Poor,High
STU103555,18,Female,ECE,5,74.9,68.4,63.1,73.4,12,9.9,59.9,20,13.0,38,51.6,7.47,1,3,9.0,Yes,81.7,56.9,Average,Medium
STU103556,20,Male,ECE,3,75.5,71.8,59.5,51.4,12,13.3,57.6,11,7.0,24,60.7,6.39,2,3,7.0,No,76.1,56.0,Average,Medium
STU103557,24,Male,CSE,5,83.7,50.0,53.6,69.1,12,13.9,58.7,39,16.0,34,71.2,7.36,3,1,14.0,Yes,68.4,50.3,Average,Medium
STU103558,22,Female,MECH,2,53.9,58.1,53.9,65.8,9,11.0,57.3,26,16.0,43,62.4,7.25,0,5,11.0,Yes,54.9,49.7,Poor,High
STU103559,20,Other,AI&DS,4,70.0,73.3,67.3,60.3,12,5.4,67.9,19,11.0,33,69.4,5.85,1,2,8.0,No,71.2,60.4,Average,Medium
STU103560,22,Female,ECE,8,67.6,52.4,69.0,47.0,10,12.3,62.4,22,13.0,28,62.5,5.5,1,5,10.0,No,58.4,60.9,Average,Medium
STU103561,21,Female,CIVIL,4,82.8,77.1,96.2,77.4,15,12.3,71.7,36,18.0,25,86.0,7.03,1,0,15.0,Yes,88.4,86.6,Excellent,Low
STU103562,24,Female,EEE,4,87.8,70.5,67.3,76.3,17,10.0,80.8,37,20.0,31,59.3,6.66,1,4,12.0,No,68.4,54.4,Average,Medium
STU103563,21,Male,CIVIL,5,64.4,47.1,72.5,30.2,12,6.8,59.5,17,12.0,22,,5.84,2,4,2.0,Yes,40.8,43.3,Poor,High
STU103564,21,Female,CSE,3,62.0,70.8,61.0,57.3,12,5.9,67.3,18,14.0,9,51.3,6.11,0,3,9.0,Yes,54.4,49.8,Poor,High
STU103565,22,Male,AI&DS,3,69.7,79.6,68.8,58.7,13,17.4,53.2,24,19.0,34,81.9,8.39,0,0,12.0,No,67.2,57.9,Average,Medium
STU103566,19,Male,AI&DS,5,84.9,68.2,80.9,71.7,15,25.1,79.5,34,18.0,57,63.3,9.05,0,1,16.0,No,69.6,77.9,Good,Low
STU103567,23,Male,IT,6,68.8,75.4,84.2,71.7,9,14.9,73.2,28,18.0,37,73.5,6.66,1,1,15.0,No,73.9,59.4,Average,Medium
STU103568,19,Male,CIVIL,3,73.4,60.1,86.1,48.3,11,13.7,60.7,27,13.0,40,66.1,7.16,1,4,10.0,No,74.8,66.9,Good,Low
STU103569,18,Male,CIVIL,3,68.4,69.4,75.6,57.8,13,14.9,77.3,21,18.0,43,66.0,7.57,1,1,8.0,Yes,76.1,65.6,Good,Low
STU103570,18,Male,EEE,7,73.9,,62.1,66.3,13,15.5,83.9,30,18.0,34,88.6,7.1,1,4,6.0,No,61.3,70.1,Good,Low
STU103571,18,Female,AI&DS,5,94.4,75.6,78.4,75.4,15,15.3,71.3,21,19.0,52,61.2,6.77,1,1,13.0,Yes,81.7,71.7,Good,Low
STU103572,18,Female,AI&DS,4,88.7,59.9,71.3,69.5,11,18.4,58.5,36,26.0,49,69.3,7.86,2,1,15.0,No,73.5,78.1,Good,Low
STU103573,18,Female,EEE,7,64.1,65.1,65.8,60.9,13,10.0,53.8,21,18.0,35,63.5,7.85,0,2,7.0,Yes,70.4,70.8,Good,Low
STU103574,20,Female,CSE,8,77.1,61.3,86.8,74.0,17,13.8,100.0,34,18.0,58,78.9,6.66,2,6,12.0,No,72.9,62.8,Average,Medium
STU103575,24,Male,EEE,7,61.1,62.8,61.2,59.4,10,14.7,46.8,25,10.0,21,60.7,6.89,0,5,6.0,Yes,58.3,51.6,Average,Medium
STU103576,18,Male,CIVIL,3,68.8,39.2,59.2,36.6,10,9.6,51.5,19,13.0,25,63.5,6.03,1,5,6.0,Yes,46.8,48.8,Poor,High
STU103577,22,Female,AI&DS,8,56.8,81.2,67.5,69.9,9,14.5,73.7,27,15.0,34,63.6,7.84,1,3,9.0,Yes,57.2,55.7,Average,Medium
STU103578,24,Male,MECH,4,77.6,63.3,79.4,58.2,13,15.0,73.0,22,14.0,41,39.3,7.7,2,4,11.0,Yes,65.3,65.1,Good,Low
STU103579,23,Female,ECE,2,77.1,62.2,73.5,66.2,10,14.4,63.5,27,15.0,28,82.6,7.03,0,0,10.0,No,67.0,68.4,Good,Low
STU103580,20,Female,CSE,5,56.0,59.6,66.3,30.0,10,8.0,65.8,15,12.0,27,66.2,5.15,0,0,4.0,No,54.5,50.0,Average,Medium
STU103581,18,Male,AI&DS,8,88.0,75.0,62.2,58.9,9,10.0,71.6,19,11.0,44,42.2,6.93,1,3,12.0,No,74.0,52.2,Average,Medium
STU103582,20,Female,ECE,2,79.3,88.8,82.1,83.5,15,21.2,85.7,37,26.0,49,81.0,8.18,0,0,15.0,Yes,80.7,83.1,Excellent,Low
STU103583,22,Male,MECH,2,72.1,65.7,77.0,46.3,9,19.1,47.1,14,16.0,38,55.9,6.3,2,0,11.0,Yes,66.4,49.2,Poor,High
STU103584,23,Female,ECE,2,95.7,63.6,89.2,60.1,15,15.4,74.1,32,17.0,39,75.1,5.65,2,3,14.0,No,71.5,75.6,Good,Low
STU103585,18,Female,CSE,7,82.4,72.9,82.3,50.2,15,15.1,67.6,32,21.0,31,77.4,8.23,1,0,12.0,No,60.7,62.9,Average,Medium
STU103586,20,Female,CSE,3,87.8,80.4,91.5,88.7,18,,80.2,37,24.0,55,83.0,7.99,1,3,12.0,No,80.1,79.5,Good,Low
STU103587,22,Female,MECH,5,54.6,65.3,43.7,57.1,11,2.4,52.6,2,10.0,17,39.4,5.52,0,6,9.0,Yes,53.5,45.6,Poor,High
STU103588,23,Female,AI&DS,2,79.4,69.7,73.3,50.7,10,13.0,,21,16.0,43,63.9,6.74,1,0,10.0,No,66.3,59.0,Average,Medium
STU103589,20,Male,EEE,8,74.5,56.1,76.7,40.2,14,11.8,76.0,33,19.0,30,89.2,5.81,2,5,11.0,No,51.4,64.1,Average,Medium
STU103590,23,Female,AI&DS,7,71.7,55.9,75.5,65.5,16,6.6,82.2,37,23.0,56,72.6,5.93,0,4,11.0,No,71.0,65.9,Good,Low
STU103591,23,Female,MECH,5,70.6,55.5,69.3,64.1,12,14.4,87.2,31,16.0,42,65.9,6.82,1,1,9.0,No,67.9,59.6,Average,Medium
STU103592,20,Male,AI&DS,8,90.7,85.6,82.0,80.1,12,12.2,68.7,33,21.0,59,91.5,8.06,0,1,13.0,Yes,80.9,74.6,Good,Low
STU103593,21,Male,CSE,3,72.0,72.1,72.7,85.9,12,19.0,,30,24.0,44,82.6,8.49,0,2,16.0,No,74.9,67.0,Good,Low
STU103594,21,Female,ECE,4,65.6,64.6,70.8,63.4,9,14.1,56.2,24,14.0,30,45.6,6.67,1,3,11.0,No,61.0,64.8,Average,Medium
STU103595,22,Male,MECH,8,81.8,81.8,91.1,70.2,12,12.2,69.1,27,19.0,39,62.3,5.9,2,3,7.0,No,75.6,76.6,Good,Low
STU103596,20,Female,IT,5,71.1,68.6,62.7,95.2,9,20.4,65.1,29,22.0,56,,9.66,0,5,8.0,Yes,78.7,65.8,Good,Low
STU103597,20,Male,IT,4,57.0,54.0,53.1,69.3,7,10.5,39.2,21,12.0,30,39.8,6.61,2,3,4.0,Yes,67.0,50.6,Average,Medium
STU103598,20,Male,ECE,6,76.1,45.2,51.4,69.0,8,12.4,35.7,15,17.0,11,36.9,6.52,2,3,6.0,Yes,51.7,53.3,Average,Medium
STU103599,19,Female,EEE,8,71.9,43.2,65.2,36.8,9,9.8,58.7,26,14.0,21,74.2,5.08,1,3,10.0,No,47.0,57.7,Average,Medium
STU103600,22,Female,EEE,2,81.3,77.5,79.6,83.6,16,14.8,69.9,28,19.0,44,66.3,7.63,0,0,9.0,Yes,80.8,84.0,Excellent,Low
STU103601,24,Male,ECE,8,80.8,66.1,89.3,71.6,11,22.3,76.2,29,19.0,36,77.4,8.41,1,2,15.0,No,60.8,69.9,Good,Low
STU103602,20,Male,CSE,5,88.1,91.1,71.2,67.3,16,24.1,85.6,37,23.0,67,79.6,9.26,0,0,13.0,No,88.5,87.0,Excellent,Low
STU103603,24,Male,MECH,2,64.9,59.6,51.4,46.9,7,9.8,53.3,24,12.0,13,44.0,6.36,2,5,6.0,No,59.4,51.1,Average,Medium
STU103604,21,Female,IT,8,69.6,77.9,71.2,66.7,12,16.5,71.5,25,18.0,31,67.9,7.52,0,2,11.0,Yes,76.7,67.4,Good,Low
STU103605,19,Male,CSE,5,69.8,69.7,67.8,58.7,11,15.2,56.9,34,16.0,27,51.2,6.86,0,4,8.0,No,48.1,55.0,Average,Medium
STU103606,21,Female,AI&DS,3,73.1,84.8,76.2,54.3,11,19.6,62.4,20,12.0,38,59.4,7.5,0,0,9.0,No,76.6,59.8,Average,Medium
STU103607,21,Male,CSE,3,63.0,52.8,62.4,52.7,5,15.0,38.3,23,11.0,18,26.9,5.26,3,0,6.0,No,64.2,60.2,Average,Medium
STU103608,18,Male,ECE,2,71.4,59.1,87.2,64.2,12,15.4,57.0,31,20.0,54,52.0,8.67,0,3,11.0,No,70.8,68.1,Good,Low
STU103609,21,Male,ECE,5,85.2,74.5,92.0,62.5,15,19.5,89.7,37,19.0,31,76.5,6.36,0,1,13.0,No,80.9,83.0,Excellent,Low
STU103610,19,Male,AI&DS,3,83.3,46.2,78.4,70.9,15,14.1,80.4,27,15.0,36,68.4,4.91,0,3,14.0,Yes,66.7,54.0,Average,Medium
STU103611,23,Female,ECE,4,83.5,63.3,65.4,65.6,9,9.4,43.5,24,18.0,56,44.5,7.91,0,8,12.0,No,71.6,56.1,Average,Medium
STU103612,21,Other,CIVIL,5,75.5,46.3,73.0,66.9,9,14.7,52.0,23,12.0,33,54.4,5.94,2,2,8.0,No,63.4,58.4,Average,Medium
STU103613,20,Male,CSE,8,68.1,60.2,77.3,65.9,15,16.3,89.1,29,19.0,35,81.4,6.77,0,2,13.0,No,86.2,66.7,Good,Low
STU103614,18,Male,MECH,8,76.8,50.7,62.9,62.2,10,14.5,44.3,19,12.0,11,72.2,6.13,2,3,6.0,No,61.2,51.4,Average,Medium
STU103615,21,Female,CIVIL,2,63.8,46.8,48.5,31.7,7,7.1,35.7,13,7.0,16,37.7,4.25,2,1,8.0,No,42.4,41.3,Poor,High
STU103616,22,Male,EEE,4,84.6,80.2,88.8,71.9,11,17.6,67.0,29,16.0,42,60.0,7.36,1,1,11.0,Yes,73.6,66.4,Good,Low
STU103617,20,Male,AI&DS,3,79.5,67.0,81.1,91.1,14,18.4,73.4,31,20.0,60,97.1,7.54,0,3,13.0,No,88.3,75.5,Good,Low
STU103618,24,Female,IT,4,69.7,,79.4,43.1,9,12.9,70.0,22,18.0,22,58.2,5.72,1,2,6.0,No,54.5,54.4,Average,Medium
STU103619,19,Male,AI&DS,8,58.4,42.2,54.9,62.2,11,16.4,65.0,16,15.0,25,63.7,8.03,2,3,7.0,No,63.3,63.9,Average,Medium
STU103620,23,Male,CSE,4,74.6,50.2,74.1,56.0,14,16.0,58.9,24,24.0,32,65.4,6.74,1,0,14.0,No,57.6,57.6,Average,Medium
STU103621,21,Female,CSE,6,80.7,79.5,83.3,65.6,11,13.4,68.5,29,24.0,54,72.9,6.46,1,3,17.0,No,81.6,74.5,Good,Low
STU103622,20,Female,IT,7,76.5,51.9,69.0,59.5,11,12.2,62.8,19,14.0,40,50.3,5.8,0,5,11.0,No,67.1,53.6,Average,Medium
STU103623,20,Female,CSE,3,75.2,50.9,55.5,48.3,7,9.2,54.5,19,11.0,5,48.3,6.55,1,0,5.0,Yes,61.9,52.2,Average,Medium
STU103624,21,Male,ECE,5,95.6,70.4,90.0,91.8,18,17.9,79.5,36,20.0,48,80.1,7.36,0,2,17.0,No,95.8,74.5,Good,Low
STU103625,18,Male,MECH,7,84.2,51.4,75.1,40.2,16,8.0,75.9,29,17.0,45,81.4,6.82,1,3,17.0,Yes,51.7,60.7,Average,Medium
STU103626,22,Female,EEE,4,73.2,76.0,83.2,54.0,11,25.2,82.9,31,16.0,43,85.6,9.13,0,1,10.0,No,84.5,66.5,Good,Low
STU103627,20,Female,EEE,6,73.1,65.1,73.5,57.0,14,11.3,61.4,29,11.0,23,56.6,8.03,2,3,9.0,No,76.0,43.6,Poor,High
STU103628,22,Female,AI&DS,3,50.8,49.7,51.2,60.7,11,8.3,54.6,18,9.0,36,56.8,5.4,2,6,8.0,Yes,61.7,47.8,Poor,High
STU103629,21,Male,MECH,8,83.3,83.2,69.2,68.2,11,16.3,67.1,21,20.0,43,62.7,8.34,0,5,11.0,No,78.6,64.2,Average,Medium
STU103630,24,Female,CSE,2,70.0,63.5,63.6,57.8,11,9.9,47.1,22,14.0,42,56.4,7.24,3,3,7.0,Yes,70.8,60.7,Average,Medium
STU103631,18,Male,AI&DS,6,72.7,69.6,71.2,48.4,9,13.6,53.9,21,10.0,38,65.6,7.41,1,0,10.0,Yes,65.7,56.9,Average,Medium
STU103632,21,Female,CSE,8,66.6,67.9,72.4,68.4,16,15.7,68.3,20,15.0,38,74.1,7.85,1,2,11.0,No,72.5,59.9,Average,Medium
STU103633,21,Female,ECE,2,66.6,60.8,55.6,44.4,7,15.0,49.0,18,12.0,26,38.0,6.36,2,4,1.0,No,73.7,41.5,Poor,High
STU103634,19,Male,CSE,5,75.2,51.5,78.6,57.1,14,13.5,63.6,23,14.0,28,47.3,7.81,1,0,8.0,No,59.7,62.5,Average,Medium
STU103635,22,Male,EEE,8,80.6,68.5,80.6,59.2,13,12.6,68.2,33,,48,66.8,6.6,0,3,9.0,Yes,63.0,60.1,Average,Medium
STU103636,20,Female,CSE,2,69.6,54.6,81.5,54.2,8,6.2,57.1,17,8.0,46,56.3,6.18,0,2,10.0,No,59.6,59.4,Average,Medium
STU103637,23,Female,ECE,4,87.1,59.6,86.2,52.5,14,21.6,69.3,28,12.0,23,78.7,6.13,0,4,9.0,No,58.7,67.8,Good,Low
STU103638,24,Male,CSE,8,69.2,72.9,55.8,61.4,8,15.8,44.4,21,11.0,27,62.8,7.99,2,1,6.0,No,62.3,53.0,Average,Medium
STU103639,23,Male,ECE,2,88.7,70.6,74.6,63.9,12,14.8,81.3,34,19.0,55,88.8,5.55,1,6,10.0,No,72.9,65.4,Good,Low
STU103640,22,Female,CIVIL,8,81.2,47.1,94.5,45.6,11,6.1,72.3,14,15.0,34,57.9,4.0,2,1,8.0,Yes,58.0,52.5,Average,Medium
STU103641,23,Male,AI&DS,7,71.6,44.6,56.8,33.2,12,11.5,45.0,16,9.0,27,67.6,6.79,2,0,9.0,Yes,62.3,48.1,Poor,High
STU103642,24,Male,MECH,3,86.0,72.7,94.6,83.9,18,17.0,93.3,44,24.0,42,88.6,8.82,0,3,16.0,No,78.1,85.5,Excellent,Low
STU103643,24,Male,ECE,3,77.7,80.2,90.1,45.2,13,18.2,65.4,22,17.0,28,49.3,6.05,1,1,10.0,No,68.5,69.8,Good,Low
STU103644,23,Male,AI&DS,4,55.0,50.9,43.8,51.7,5,11.7,42.8,4,3.0,12,25.2,6.36,0,4,6.0,No,42.6,35.8,Poor,High
STU103645,24,Male,AI&DS,5,86.5,53.3,85.7,49.4,13,13.8,41.7,23,14.0,22,25.7,6.91,1,2,3.0,No,66.2,49.9,Poor,High
STU103646,24,Female,AI&DS,8,83.8,37.5,82.2,34.9,13,6.0,57.2,21,15.0,29,64.9,5.71,2,0,11.0,No,54.9,52.5,Average,Medium
STU103647,19,Female,MECH,7,83.0,69.9,73.6,99.4,11,16.2,66.2,26,21.0,29,86.6,6.33,0,0,10.0,No,74.6,84.8,Excellent,Low
STU103648,21,Female,CSE,2,60.1,61.3,49.2,53.4,10,11.2,49.0,27,,27,58.1,5.48,4,2,6.0,No,59.3,44.6,Poor,High
STU103649,20,Male,IT,6,65.4,71.1,70.2,79.9,10,15.6,46.1,20,14.0,39,60.7,7.63,0,4,13.0,No,67.1,66.6,Good,Low
STU103650,24,Female,MECH,4,78.9,69.5,77.0,58.5,10,8.2,79.8,15,15.0,29,75.2,6.1,1,1,9.0,No,49.0,56.1,Average,Medium
STU103651,23,Male,ECE,5,72.9,83.1,74.6,83.3,13,14.1,67.3,23,16.0,49,53.8,7.63,0,2,11.0,No,67.1,64.8,Average,Medium
STU103652,24,Female,IT,5,81.8,68.0,87.4,70.1,15,13.7,63.4,26,25.0,33,73.8,6.09,2,2,11.0,No,58.3,65.7,Good,Low
STU103653,20,Male,CSE,6,78.3,70.6,74.2,65.0,13,17.0,60.5,14,13.0,43,62.9,7.91,0,0,11.0,No,73.4,64.5,Average,Medium
STU103654,23,Female,CIVIL,7,69.7,79.3,50.1,74.3,8,7.3,71.2,26,11.0,49,64.1,7.37,0,2,12.0,Yes,71.2,55.1,Average,Medium
STU103655,18,Male,AI&DS,3,96.7,80.0,84.4,74.9,8,21.2,66.5,33,18.0,41,62.8,6.69,2,3,10.0,No,80.7,80.7,Excellent,Low
STU103656,24,Female,EEE,4,77.1,70.7,77.8,,12,18.4,79.7,29,14.0,27,86.1,6.72,0,1,10.0,Yes,71.0,72.4,Good,Low
STU103657,19,Female,CSE,2,64.9,56.6,67.8,57.0,10,8.5,65.6,22,10.0,50,74.0,6.47,2,3,13.0,No,59.7,54.1,Average,Medium
STU103658,21,Male,CIVIL,4,80.9,90.0,99.0,98.9,16,27.3,67.8,31,29.0,49,64.8,9.3,0,0,12.0,No,87.8,92.1,Excellent,Low
STU103659,23,Female,AI&DS,8,81.5,61.3,60.8,,6,13.1,54.4,24,16.0,38,84.5,5.45,1,1,12.0,Yes,68.1,56.6,Average,Medium
STU103660,23,Male,EEE,7,69.0,65.7,77.4,69.4,13,12.7,51.6,29,17.0,37,64.5,6.84,0,3,9.0,Yes,58.8,53.3,Average,Medium
STU103661,19,Male,IT,6,67.8,68.4,62.6,64.6,11,14.6,58.7,10,13.0,40,55.8,6.06,0,1,7.0,No,66.2,57.2,Average,Medium
STU103662,21,Female,CSE,7,70.5,70.1,72.9,71.8,13,15.6,77.7,23,18.0,42,66.6,6.04,0,5,12.0,No,73.4,66.2,Good,Low
STU103663,21,Female,IT,5,59.9,44.6,66.9,63.0,11,11.2,55.9,25,14.0,27,63.1,7.44,2,5,7.0,Yes,61.5,44.0,Poor,High
STU103664,23,Male,ECE,2,84.5,67.7,72.2,43.2,13,10.8,80.0,28,19.0,46,67.6,6.38,3,4,16.0,Yes,57.8,56.0,Average,Medium
STU103665,20,Male,CIVIL,6,76.3,55.2,70.1,49.7,8,12.3,59.9,25,14.0,31,64.3,5.59,0,2,9.0,Yes,52.5,55.7,Average,Medium
STU103666,23,Male,ECE,2,72.5,52.1,61.8,39.2,8,9.5,47.8,25,9.0,18,44.8,5.35,3,1,3.0,Yes,43.8,43.4,Poor,High
STU103667,22,Male,CIVIL,3,61.8,49.6,61.9,62.5,11,15.2,59.1,21,14.0,44,84.0,6.02,1,2,10.0,No,51.6,66.9,Good,Low
STU103668,23,Male,IT,6,72.0,51.1,62.0,39.3,7,14.2,53.7,12,10.0,39,30.1,5.85,1,4,7.0,No,56.6,41.1,Poor,High
STU103669,24,Male,AI&DS,8,68.9,49.6,60.8,42.9,12,8.1,69.5,22,11.0,33,60.2,4.27,1,4,6.0,No,,43.5,Poor,High
STU103670,20,Female,MECH,4,62.6,51.7,69.2,48.9,11,12.1,52.3,23,16.0,31,49.9,7.61,2,3,7.0,Yes,54.0,45.9,Poor,High
STU103671,21,Female,IT,4,80.4,68.2,80.3,45.9,13,12.6,56.3,38,12.0,45,67.3,6.76,0,0,12.0,No,61.2,72.0,Good,Low
STU103672,23,Female,MECH,6,96.8,79.5,82.1,91.1,15,20.1,86.8,29,21.0,55,75.9,6.93,1,2,13.0,No,78.6,74.4,Good,Low
STU103673,23,Female,IT,4,98.4,69.2,98.9,65.9,18,15.7,65.7,33,16.0,46,80.9,7.79,0,1,11.0,No,83.5,70.1,Good,Low
STU103674,24,Male,MECH,3,77.1,48.8,70.2,54.1,11,6.8,51.0,24,19.0,22,46.0,5.42,2,2,14.0,No,38.1,64.2,Average,Medium
STU103675,21,Male,AI&DS,3,70.0,56.3,60.3,53.0,11,10.6,55.9,22,14.0,15,51.5,5.62,3,3,10.0,No,66.7,48.2,Poor,High
STU103676,22,Male,CIVIL,7,100.0,76.5,93.8,76.3,16,14.1,86.5,33,20.0,41,86.2,9.53,0,1,9.0,No,94.1,90.4,Excellent,Low
STU103677,18,Male,MECH,6,70.9,53.2,68.7,62.4,8,11.8,57.9,13,13.0,30,60.0,5.92,0,3,6.0,No,58.2,61.1,Average,Medium
STU103678,21,Female,CSE,4,62.0,70.0,67.8,58.2,17,14.8,65.8,23,19.0,49,69.3,6.08,0,3,14.0,Yes,66.3,49.7,Poor,High
STU103679,19,Male,CSE,8,75.8,59.2,52.4,49.6,13,21.3,63.0,25,15.0,13,48.8,5.99,2,3,10.0,Yes,65.8,52.0,Average,Medium
STU103680,23,Female,AI&DS,4,,50.0,65.3,68.1,14,10.7,61.5,34,20.0,48,61.3,6.62,1,4,13.0,No,62.4,57.5,Average,Medium
STU103681,18,Female,MECH,6,71.3,47.3,64.4,53.6,14,11.1,67.9,18,19.0,40,52.4,5.19,3,1,3.0,Yes,56.1,56.2,Average,Medium
STU103682,23,Male,CIVIL,3,83.3,79.7,81.3,,13,18.3,63.6,33,23.0,54,62.9,,1,1,14.0,No,78.5,78.1,Good,Low
STU103683,23,Male,CIVIL,8,72.5,70.1,61.1,40.3,9,15.7,43.1,8,13.0,26,57.1,5.82,1,2,9.0,No,52.2,54.7,Average,Medium
STU103684,21,Female,CSE,3,66.5,60.9,63.1,61.9,13,15.3,67.1,25,13.0,47,63.1,6.03,1,4,14.0,No,61.0,51.8,Average,Medium
STU103685,22,Female,CSE,5,72.0,59.0,70.8,52.2,7,8.7,54.9,11,9.0,19,33.9,5.05,0,2,4.0,No,64.7,55.4,Average,Medium
STU103686,22,Male,AI&DS,6,65.8,55.8,81.6,56.6,13,10.3,57.4,25,8.0,31,47.7,7.41,2,3,10.0,No,64.0,43.8,Poor,High
STU103687,22,Female,MECH,5,60.5,51.2,53.7,53.8,12,19.0,61.7,13,9.0,16,67.8,4.44,2,3,12.0,Yes,54.0,43.1,Poor,High
STU103688,22,Male,CIVIL,6,72.2,66.5,88.2,66.9,10,16.6,51.9,32,19.0,39,65.1,7.19,1,3,13.0,No,71.8,65.9,Good,Low
STU103689,19,Female,IT,7,94.4,82.2,100.0,97.0,18,21.0,75.8,36,23.0,49,78.8,9.58,0,1,11.0,No,86.7,82.1,Excellent,Low
STU103690,22,Female,CSE,7,82.3,67.1,76.7,82.1,13,19.1,66.5,27,22.0,45,76.9,7.11,2,3,14.0,No,75.5,67.1,Good,Low
STU103691,24,Male,CIVIL,4,75.3,81.8,76.3,67.8,15,11.2,77.5,31,,43,75.2,7.38,0,1,11.0,No,85.0,85.7,Excellent,Low
STU103692,20,Male,EEE,6,72.7,58.8,59.2,79.0,11,12.0,72.8,31,18.0,22,80.7,5.46,0,0,11.0,Yes,85.0,58.5,Average,Medium
STU103693,20,Female,IT,5,62.2,47.3,47.9,33.9,13,4.2,46.3,22,13.0,32,50.0,4.26,1,3,10.0,No,44.5,44.3,Poor,High
STU103694,20,Female,CIVIL,4,69.8,56.4,74.2,22.9,15,11.5,63.2,31,20.0,40,60.5,4.77,2,3,11.0,Yes,56.3,44.0,Poor,High
STU103695,24,Female,ECE,5,86.7,85.1,74.7,47.6,13,12.5,74.2,30,16.0,37,66.6,9.11,0,4,11.0,Yes,68.7,69.9,Good,Low
STU103696,24,Female,CIVIL,7,82.8,63.0,65.2,53.3,7,13.7,46.0,16,9.0,30,52.3,5.3,2,2,10.0,No,62.3,62.4,Average,Medium
STU103697,20,Female,AI&DS,6,67.3,53.5,68.3,33.4,10,14.7,74.6,21,19.0,38,56.2,5.5,2,6,8.0,Yes,50.7,50.1,Average,Medium
STU103698,24,Female,CIVIL,2,70.8,50.2,79.3,52.0,10,15.7,53.2,36,16.0,22,55.6,6.57,1,3,12.0,No,54.1,59.5,Average,Medium
STU103699,23,Female,CIVIL,2,74.6,62.4,65.9,59.0,12,12.6,70.6,17,17.0,32,65.6,5.21,3,2,12.0,Yes,70.5,53.6,Average,Medium
STU103700,20,Male,CIVIL,6,75.5,61.0,57.2,23.4,9,10.3,60.0,9,18.0,28,64.7,6.18,0,3,10.0,Yes,52.6,52.7,Average,Medium
STU103701,23,Male,AI&DS,5,83.7,81.9,65.5,55.4,10,11.3,57.9,18,11.0,29,44.9,6.6,1,3,11.0,No,73.9,57.8,Average,Medium
STU103702,24,Female,CIVIL,5,75.3,65.2,73.5,53.4,9,13.3,73.9,28,22.0,22,69.6,5.67,1,5,16.0,Yes,77.1,55.7,Average,Medium
STU103703,24,Male,CSE,7,68.7,51.3,77.9,35.2,11,10.8,51.4,22,12.0,52,56.9,5.71,2,3,12.0,Yes,47.9,47.8,Poor,High
STU103704,21,Male,CIVIL,3,70.9,49.9,60.1,55.2,9,4.2,70.4,20,10.0,29,70.1,5.19,3,3,7.0,Yes,63.5,46.8,Poor,High
STU103705,19,Male,IT,3,88.4,55.4,91.3,64.5,13,14.1,54.6,35,21.0,37,86.9,7.85,0,0,6.0,No,65.1,74.4,Good,Low
STU103706,19,Female,CSE,6,57.9,52.6,80.6,58.8,9,14.1,44.1,14,13.0,27,33.9,,1,5,5.0,Yes,56.2,50.3,Average,Medium
STU103707,23,Female,EEE,7,65.6,54.2,88.9,55.2,13,10.2,60.6,25,11.0,26,56.7,7.63,0,0,13.0,No,68.7,59.3,Average,Medium
STU103708,23,Female,EEE,8,63.9,71.2,63.1,59.8,11,9.8,69.2,28,13.0,29,62.4,7.78,1,1,9.0,Yes,65.6,54.8,Average,Medium
STU103709,22,Female,CIVIL,8,78.8,71.0,70.2,62.6,13,12.6,62.3,24,16.0,48,56.7,6.15,2,0,13.0,Yes,68.7,73.3,Good,Low
STU103710,18,Female,CSE,4,66.9,78.2,58.5,67.1,12,5.2,38.7,26,11.0,18,58.0,5.99,2,1,9.0,No,68.8,55.6,Average,Medium
STU103711,24,Female,IT,3,58.7,89.2,63.7,76.6,6,15.2,38.1,18,18.0,30,44.1,8.09,1,4,8.0,No,68.5,53.4,Average,Medium
STU103712,18,Male,IT,6,71.8,72.3,59.7,68.4,12,17.1,57.7,22,19.0,26,47.2,7.09,0,2,12.0,No,65.0,63.7,Average,Medium
STU103713,22,Female,MECH,3,84.3,55.9,87.5,70.9,10,15.1,64.8,33,19.0,50,59.8,6.49,1,1,14.0,No,76.6,67.4,Good,Low
STU103714,24,Female,ECE,5,65.0,60.8,65.6,54.6,11,13.9,61.3,26,16.0,49,56.2,6.52,1,2,12.0,No,68.1,60.1,Average,Medium
STU103715,19,Female,EEE,4,74.2,52.7,73.9,50.1,13,9.4,52.8,27,17.0,22,37.1,5.88,1,3,16.0,No,66.7,62.1,Average,Medium
STU103716,21,Male,CSE,4,60.1,72.2,61.8,53.4,7,6.1,47.9,20,15.0,26,59.1,6.0,1,3,5.0,No,56.3,46.1,Poor,High
STU103717,23,Female,MECH,8,85.0,46.9,58.5,68.2,11,16.1,,9,11.0,21,63.0,8.15,0,0,10.0,Yes,72.4,64.2,Average,Medium
STU103718,19,Male,CSE,4,77.3,84.3,94.5,74.2,10,18.2,95.3,37,24.0,41,82.5,8.79,0,3,13.0,No,92.2,79.6,Good,Low
STU103719,18,Male,AI&DS,7,62.6,58.5,67.7,72.6,6,10.0,49.4,9,9.0,26,39.1,6.92,1,4,7.0,No,71.7,40.8,Poor,High
STU103720,21,Male,CSE,3,74.8,62.8,69.5,62.1,11,9.8,63.7,24,17.0,41,45.1,6.74,0,2,8.0,No,61.0,67.3,Good,Low
STU103721,23,Male,MECH,4,77.3,,75.6,43.7,8,13.9,48.2,25,13.0,8,59.9,6.66,0,4,7.0,No,57.8,64.9,Average,Medium
STU103722,22,Male,EEE,3,78.3,76.5,66.7,57.8,11,14.5,66.6,27,18.0,26,51.5,7.65,1,5,11.0,No,61.4,53.2,Average,Medium
STU103723,21,Female,MECH,7,81.9,77.9,71.6,69.6,15,18.2,59.8,32,17.0,43,61.0,7.28,0,0,13.0,No,78.2,77.8,Good,Low
STU103724,22,Male,CSE,7,75.2,64.8,71.9,63.3,14,18.2,75.3,27,15.0,42,70.6,6.42,0,3,11.0,No,74.2,62.1,Average,Medium
STU103725,18,Female,AI&DS,2,69.0,69.1,64.5,47.5,13,11.6,60.6,19,14.0,29,41.8,5.52,0,2,8.0,No,63.5,53.9,Average,Medium
STU103726,20,Male,ECE,4,80.7,86.0,81.7,67.5,11,20.9,56.9,14,15.0,26,56.6,8.89,0,0,9.0,No,74.5,71.1,Good,Low
STU103727,24,Male,EEE,8,69.6,61.0,63.1,54.5,9,12.4,46.3,30,13.0,29,61.3,6.44,1,3,10.0,Yes,57.4,52.1,Average,Medium
STU103728,20,Male,CSE,5,88.9,55.2,81.6,71.2,15,14.7,63.5,22,20.0,51,100.0,6.52,0,0,9.0,Yes,78.0,69.2,Good,Low
STU103729,24,Male,EEE,3,76.7,65.2,55.9,72.9,11,16.9,72.5,15,9.0,36,50.3,8.39,1,4,10.0,No,68.7,56.8,Average,Medium
STU103730,21,Male,AI&DS,3,91.2,75.5,88.2,76.2,16,17.4,63.0,32,28.0,59,55.9,7.21,1,2,13.0,No,82.9,79.6,Good,Low
STU103731,24,Male,IT,5,67.8,47.4,50.7,42.0,11,13.6,49.4,25,17.0,38,45.2,5.63,2,6,6.0,Yes,64.6,37.7,Poor,High
STU103732,22,Female,ECE,3,83.4,79.0,60.4,60.7,13,14.5,63.6,27,17.0,38,48.6,6.44,2,2,11.0,No,75.0,60.8,Average,Medium
STU103733,20,Male,CSE,5,70.5,81.5,83.8,69.3,16,20.5,78.4,30,22.0,47,90.1,9.63,0,2,8.0,No,73.2,79.5,Good,Low
STU103734,24,Female,CSE,6,66.6,57.1,64.3,65.4,9,8.5,60.7,18,13.0,33,73.3,5.37,1,3,4.0,Yes,67.3,50.7,Average,Medium
STU103735,19,Male,AI&DS,5,75.8,57.3,68.2,64.6,12,15.8,66.4,31,18.0,42,69.0,5.74,2,5,13.0,No,51.9,49.0,Poor,High
STU103736,20,Male,AI&DS,6,91.4,65.4,93.2,75.1,15,12.2,91.7,27,24.0,52,,6.46,1,2,10.0,Yes,77.3,76.3,Good,Low
STU103737,23,Male,CIVIL,2,80.5,64.5,64.9,61.6,6,5.1,58.2,18,16.0,40,66.1,5.39,0,3,16.0,No,60.1,59.4,Average,Medium
STU103738,24,Male,MECH,5,93.4,93.9,86.4,,15,16.9,88.6,32,22.0,62,81.9,7.24,0,4,15.0,No,83.6,71.8,Good,Low
STU103739,19,Female,CSE,2,66.4,59.6,71.7,40.6,15,9.0,57.9,26,21.0,33,59.4,6.28,2,1,9.0,Yes,42.1,47.6,Poor,High
STU103740,24,Male,CIVIL,6,74.7,46.3,81.6,57.9,14,3.1,54.2,21,15.0,37,67.9,6.4,2,3,8.0,No,66.5,65.3,Good,Low
STU103741,21,Female,CSE,5,83.0,56.8,71.5,65.6,12,8.6,54.6,32,18.0,29,70.3,4.13,2,3,12.0,No,55.0,60.7,Average,Medium
STU103742,20,Female,CIVIL,6,67.3,54.1,88.9,61.1,12,13.8,66.3,32,16.0,43,88.8,6.31,1,4,10.0,Yes,62.0,67.2,Good,Low
STU103743,18,Male,CSE,4,59.0,43.3,73.9,40.8,8,9.4,54.0,14,12.0,6,51.0,4.0,1,2,4.0,No,49.6,47.2,Poor,High
STU103744,18,Female,AI&DS,3,83.0,70.6,65.9,74.5,14,16.2,65.7,27,18.0,48,74.4,7.28,1,0,12.0,Yes,79.5,70.8,Good,Low
STU103745,21,Female,MECH,6,79.2,89.6,83.8,86.8,9,23.4,65.3,21,13.0,33,65.3,7.92,0,1,5.0,No,76.3,77.3,Good,Low
STU103746,22,Female,AI&DS,2,76.8,55.6,61.2,67.8,10,9.8,50.3,21,9.0,34,56.4,6.56,1,3,13.0,No,64.1,52.2,Average,Medium
STU103747,18,Female,CSE,5,56.5,49.1,51.3,30.6,4,3.7,48.2,14,6.0,16,39.3,5.13,3,3,2.0,Yes,45.4,30.2,Poor,High
STU103748,24,Male,CIVIL,3,66.6,77.7,66.1,68.9,12,18.1,67.5,29,17.0,26,58.0,7.03,1,2,8.0,Yes,70.7,60.5,Average,Medium
STU103749,21,Female,MECH,4,74.1,62.5,70.1,38.9,8,12.9,52.5,30,18.0,27,49.0,5.45,1,5,12.0,Yes,57.4,60.3,Average,Medium
STU103750,18,Male,IT,5,73.1,82.1,95.4,53.6,12,12.1,50.9,24,16.0,41,72.6,7.8,0,3,11.0,No,75.6,68.5,Good,Low
STU103751,23,Female,EEE,5,81.4,45.0,68.2,62.8,14,12.6,58.6,16,13.0,31,57.8,5.93,1,2,12.0,Yes,57.9,47.5,Poor,High
STU103752,19,Male,CSE,3,65.2,51.2,64.9,64.4,7,11.8,57.7,14,9.0,34,64.3,5.5,3,5,10.0,No,54.4,54.0,Average,Medium
STU103753,22,Male,EEE,2,73.9,63.4,79.3,58.1,11,14.8,,18,,44,66.9,6.26,0,1,11.0,No,73.0,63.3,Average,Medium
STU103754,22,Female,CIVIL,5,83.2,70.9,75.2,64.5,10,18.4,54.0,30,20.0,34,67.7,,3,0,7.0,Yes,82.3,58.5,Average,Medium
STU103755,23,Male,CSE,3,91.0,59.5,95.5,62.4,18,12.6,70.2,27,20.0,47,76.1,5.47,1,0,8.0,No,79.7,64.1,Average,Medium
STU103756,23,Male,CSE,2,78.7,55.2,69.3,64.5,14,8.0,63.9,24,20.0,22,75.6,5.73,1,2,10.0,No,64.0,59.0,Average,Medium
STU103757,24,Male,MECH,7,83.3,67.0,74.0,66.5,14,10.2,62.4,34,19.0,55,79.5,7.2,2,4,10.0,No,70.5,57.1,Average,Medium
STU103758,18,Female,CIVIL,5,61.1,55.9,66.2,46.2,9,12.9,48.0,11,10.0,8,48.1,5.15,1,4,8.0,Yes,48.6,33.2,Poor,High
STU103759,20,Male,AI&DS,2,71.3,66.5,79.6,69.4,14,17.0,71.4,23,12.0,30,72.3,8.52,2,4,8.0,No,67.6,54.4,Average,Medium
STU103760,20,Male,MECH,4,49.2,37.8,58.8,50.8,12,7.7,52.9,23,13.0,39,60.0,5.76,2,1,6.0,Yes,45.9,49.5,Poor,High
STU103761,20,Female,CSE,2,82.6,66.7,90.3,47.5,16,17.1,75.7,20,11.0,44,71.3,5.82,2,2,11.0,Yes,67.4,60.4,Average,Medium
STU103762,19,Male,ECE,8,83.4,79.5,66.0,70.4,12,15.7,64.3,30,18.0,40,84.9,6.68,1,3,9.0,No,73.0,65.0,Average,Medium
STU103763,19,Male,MECH,5,68.6,73.4,61.5,49.8,6,11.5,57.2,28,15.0,34,56.7,7.32,2,3,5.0,Yes,58.1,43.5,Poor,High
STU103764,24,Female,CSE,8,68.1,60.6,75.6,73.0,9,9.2,44.2,25,16.0,27,67.1,8.54,0,1,8.0,No,58.2,57.0,Average,Medium
STU103765,24,Male,AI&DS,4,75.7,91.8,64.7,64.9,12,12.7,64.5,25,14.0,19,62.9,5.91,1,4,14.0,No,,70.1,Good,Low
STU103766,22,Male,EEE,8,87.0,77.3,78.3,68.9,11,20.0,78.8,24,14.0,41,60.8,8.69,1,0,10.0,No,78.3,80.2,Excellent,Low
STU103767,21,Female,AI&DS,8,73.5,65.4,65.5,67.2,15,19.2,57.2,28,17.0,47,69.2,8.09,1,3,13.0,No,70.1,67.0,Good,Low
STU103768,21,Female,IT,6,85.4,89.0,69.4,76.0,12,18.7,64.6,36,18.0,46,75.6,6.39,2,0,16.0,No,65.1,76.4,Good,Low
STU103769,22,Male,IT,4,86.6,80.9,77.4,69.8,14,18.3,80.2,32,19.0,36,69.0,8.41,1,3,11.0,No,71.5,69.7,Good,Low
STU103770,24,Female,EEE,8,69.1,75.0,88.5,69.5,11,21.4,76.2,31,22.0,55,74.4,,1,1,13.0,No,75.4,73.2,Good,Low
STU103771,20,Female,CIVIL,6,67.3,62.2,64.4,57.4,12,9.0,53.0,18,13.0,36,60.9,6.57,1,4,8.0,No,52.0,46.9,Poor,High
STU103772,21,Female,IT,3,72.2,61.1,65.6,51.6,10,13.5,77.5,12,20.0,33,65.9,5.37,1,2,7.0,No,56.3,51.5,Average,Medium
STU103773,24,Female,MECH,2,91.9,72.7,76.8,73.0,10,16.5,61.1,32,20.0,38,75.2,5.85,1,0,9.0,No,74.2,70.8,Good,Low
STU103774,24,Female,CIVIL,5,84.8,54.8,78.0,49.4,12,15.2,62.5,33,15.0,54,72.6,6.55,1,1,13.0,Yes,52.2,65.7,Good,Low
STU103775,19,Male,CSE,3,73.8,75.5,67.2,67.9,10,12.2,69.1,23,18.0,31,72.4,7.93,0,0,10.0,No,77.8,65.5,Good,Low
STU103776,19,Female,CIVIL,7,81.1,64.1,69.5,28.7,11,12.8,58.8,25,11.0,16,69.3,6.51,1,2,7.0,No,56.9,45.2,Poor,High
STU103777,19,Male,AI&DS,5,81.9,56.2,69.2,54.9,11,15.2,67.3,14,15.0,33,60.3,5.49,2,2,8.0,No,59.7,67.7,Good,Low
STU103778,18,Male,CSE,5,74.0,58.3,61.1,58.2,12,6.8,81.5,28,13.0,37,52.0,6.65,2,5,10.0,No,64.9,53.1,Average,Medium
STU103779,22,Female,EEE,3,53.2,60.3,74.1,60.2,11,14.5,72.6,25,12.0,42,61.2,7.39,0,2,11.0,No,58.6,51.0,Average,Medium
STU103780,21,Male,AI&DS,3,61.8,52.1,48.6,35.8,12,1.0,74.2,20,15.0,30,53.4,6.26,1,2,14.0,Yes,61.3,44.4,Poor,High
STU103781,18,Male,CSE,3,85.6,80.2,86.5,59.3,14,10.8,72.7,43,18.0,52,91.7,7.48,2,0,9.0,No,79.6,68.5,Good,Low
STU103782,19,Male,EEE,6,57.1,35.4,57.4,32.2,8,7.3,40.6,10,5.0,24,10.9,4.82,1,5,3.0,No,58.3,27.1,Poor,High
STU103783,21,Female,CSE,7,66.7,49.5,76.5,51.9,17,17.7,82.5,32,20.0,31,62.2,6.18,2,2,12.0,Yes,58.4,58.6,Average,Medium
STU103784,23,Female,IT,8,83.5,77.8,99.4,80.4,13,17.1,72.0,41,23.0,61,57.3,8.14,0,0,15.0,No,94.3,85.6,Excellent,Low
STU103785,22,Male,IT,6,75.3,75.4,83.3,70.9,17,19.4,67.8,29,19.0,45,73.2,8.68,0,5,14.0,No,69.5,73.9,Good,Low
STU103786,21,Female,MECH,5,66.0,44.8,52.6,48.8,9,6.0,63.1,25,12.0,34,43.4,6.18,4,5,7.0,Yes,62.6,38.4,Poor,High
STU103787,19,Male,AI&DS,6,75.0,58.9,72.7,55.5,8,11.9,53.6,17,15.0,23,49.9,6.68,0,2,3.0,No,62.7,78.4,Good,Low
STU103788,20,Female,EEE,3,83.3,71.5,74.3,59.0,16,13.7,75.5,33,17.0,34,91.2,7.92,0,0,16.0,No,72.7,57.1,Average,Medium
STU103789,23,Female,CSE,8,76.5,72.4,74.3,82.8,13,22.4,78.7,27,21.0,48,75.3,8.41,0,2,14.0,No,79.4,75.0,Good,Low
STU103790,23,Male,EEE,2,68.0,48.6,73.2,40.6,11,9.1,36.3,20,8.0,42,63.2,5.7,2,2,8.0,Yes,56.1,49.4,Poor,High
STU103791,24,Female,AI&DS,8,63.1,50.4,64.4,45.0,10,8.7,49.6,20,10.0,15,63.5,6.82,0,3,9.0,Yes,54.5,53.9,Average,Medium
STU103792,21,Male,ECE,2,81.4,64.8,80.5,81.2,11,20.0,51.2,23,13.0,48,67.8,8.06,2,3,9.0,No,61.3,55.5,Average,Medium
STU103793,19,Male,CSE,8,66.8,60.0,47.5,34.7,10,11.2,72.5,28,16.0,15,40.9,6.6,1,4,10.0,Yes,54.2,49.0,Poor,High
STU103794,21,Male,IT,7,66.7,69.6,72.0,62.8,10,14.7,60.5,26,14.0,40,76.4,7.8,0,6,4.0,No,66.7,56.5,Average,Medium
STU103795,24,Male,CSE,4,64.2,54.7,64.9,41.4,8,9.4,41.5,8,7.0,28,37.9,5.97,3,2,6.0,Yes,53.5,44.6,Poor,High
STU103796,19,Other,ECE,5,77.7,52.7,60.6,61.8,12,10.3,76.6,30,16.0,25,72.8,,1,5,13.0,Yes,69.4,52.0,Average,Medium
STU103797,23,Female,AI&DS,4,68.0,47.6,63.2,47.7,13,1.8,74.6,21,15.0,24,62.4,5.47,3,2,10.0,Yes,54.8,43.4,Poor,High
STU103798,24,Female,EEE,3,73.2,53.7,56.8,46.4,12,12.8,55.7,21,13.0,40,45.4,5.26,2,5,6.0,Yes,52.4,50.8,Average,Medium
STU103799,23,Female,IT,4,90.1,58.5,78.9,64.1,9,15.4,57.7,27,16.0,34,56.0,7.33,0,2,10.0,No,76.7,59.3,Average,Medium
STU103800,22,Male,CSE,8,79.3,63.5,63.8,52.4,9,8.4,59.4,29,18.0,35,87.3,5.11,2,4,13.0,No,65.0,54.1,Average,Medium
STU103801,20,Male,CSE,3,69.7,63.5,78.6,70.0,11,15.3,64.9,25,21.0,30,51.8,6.84,2,4,11.0,Yes,68.0,65.4,Good,Low
STU103802,23,Female,CSE,5,72.2,54.4,60.3,56.0,7,17.2,52.4,21,15.0,12,49.8,6.47,1,1,8.0,No,58.9,56.7,Average,Medium
STU103803,19,Male,EEE,6,77.1,52.8,95.2,58.2,10,17.1,51.9,23,20.0,32,77.9,7.09,1,0,11.0,No,60.0,54.2,Average,Medium
STU103804,23,Female,EEE,7,80.5,69.4,85.2,61.3,11,22.2,48.8,39,16.0,48,62.2,7.03,3,2,12.0,No,63.6,68.9,Good,Low
STU103805,20,Male,CIVIL,4,79.2,59.4,100.0,65.0,18,12.7,59.2,29,21.0,45,88.7,6.85,1,0,11.0,No,59.6,73.3,Good,Low
STU103806,21,Male,CIVIL,7,62.1,40.7,61.3,31.7,10,6.9,35.6,13,10.0,28,52.2,4.0,2,5,6.0,No,47.0,33.9,Poor,High
STU103807,21,Male,CSE,3,79.2,62.8,67.7,42.6,10,12.7,59.0,27,21.0,28,75.5,6.51,2,3,12.0,No,64.4,50.3,Average,Medium
STU103808,18,Male,IT,7,81.4,63.0,68.6,69.8,6,13.1,49.9,17,14.0,30,70.7,,2,0,8.0,Yes,66.4,65.1,Good,Low
STU103809,24,Male,CIVIL,2,80.8,73.5,77.1,52.1,12,12.2,53.2,32,19.0,47,68.4,6.55,2,3,8.0,No,60.0,56.2,Average,Medium
STU103810,22,Male,EEE,8,80.3,62.1,55.7,52.5,10,4.8,63.8,20,,40,43.7,6.91,0,3,9.0,Yes,60.5,62.4,Average,Medium
STU103811,22,Male,AI&DS,2,77.6,60.6,85.9,94.7,18,19.4,97.3,36,22.0,41,62.2,7.49,0,0,12.0,Yes,82.3,77.6,Good,Low
STU103812,18,Female,MECH,8,76.5,59.6,73.5,54.1,11,7.7,63.1,26,22.0,24,61.5,5.54,2,3,6.0,No,69.0,59.6,Average,Medium
STU103813,23,Male,EEE,7,61.3,76.6,73.5,46.9,10,14.7,80.2,19,12.0,34,55.4,5.87,1,2,7.0,Yes,54.1,54.9,Average,Medium
STU103814,24,Male,AI&DS,2,93.8,64.0,94.4,70.2,17,14.8,87.3,40,24.0,56,84.2,7.27,1,0,20.0,No,80.4,76.0,Good,Low
STU103815,23,Male,CSE,7,89.5,94.3,74.7,60.0,12,17.2,74.8,21,23.0,43,83.9,6.65,2,3,12.0,No,87.6,75.6,Good,Low
STU103816,19,Male,EEE,4,79.4,54.7,63.5,45.4,10,9.9,58.6,22,11.0,39,39.6,6.47,2,3,12.0,Yes,63.9,46.8,Poor,High
STU103817,19,Male,EEE,8,76.1,58.0,73.4,63.7,14,14.3,74.0,28,13.0,46,54.0,5.92,0,4,11.0,No,60.5,46.1,Poor,High
STU103818,20,Male,CSE,8,75.9,77.5,55.7,84.4,12,14.2,85.2,25,21.0,55,52.9,6.41,2,2,9.0,No,70.8,63.5,Average,Medium
STU103819,18,Male,IT,8,85.1,83.2,98.0,82.3,13,21.7,75.5,27,17.0,36,50.5,7.89,1,1,10.0,Yes,81.0,73.1,Good,Low
STU103820,21,Female,CSE,6,78.7,56.0,79.0,63.9,10,11.0,65.3,20,12.0,33,70.4,6.53,1,4,7.0,No,75.0,57.8,Average,Medium
STU103821,21,Male,AI&DS,8,90.8,80.7,75.4,81.0,11,12.3,59.4,30,,52,70.7,7.51,2,3,12.0,No,85.7,63.1,Average,Medium
STU103822,21,Male,AI&DS,5,91.0,86.7,85.3,69.4,15,13.0,59.2,33,19.0,45,53.9,8.03,0,1,12.0,No,78.1,72.1,Good,Low
STU103823,24,Female,MECH,2,74.5,59.2,70.2,42.2,7,,49.6,23,12.0,27,59.4,7.0,1,3,4.0,No,66.3,61.1,Average,Medium
STU103824,22,Male,CSE,8,74.4,69.3,71.2,54.2,13,12.0,85.9,34,23.0,40,44.3,5.84,2,1,11.0,No,63.2,61.2,Average,Medium
STU103825,20,Male,MECH,2,57.2,54.1,52.7,67.7,8,7.1,69.6,17,10.0,24,46.0,6.13,1,6,8.0,No,58.2,40.4,Poor,High
STU103826,23,Male,ECE,6,59.4,51.5,52.3,43.2,12,9.3,36.1,18,8.0,18,63.2,6.2,0,0,8.0,No,49.4,51.3,Average,Medium
STU103827,20,Female,CSE,5,86.0,67.3,84.4,70.2,14,15.6,91.2,28,21.0,44,66.1,8.02,1,4,11.0,Yes,68.5,62.2,Average,Medium
STU103828,23,Female,CSE,4,61.2,52.2,54.5,61.1,8,7.8,72.2,17,14.0,30,58.9,6.59,1,2,7.0,No,55.5,40.5,Poor,High
STU103829,24,Male,ECE,7,79.6,67.1,79.4,66.6,13,13.9,79.0,26,13.0,44,73.2,5.98,1,0,11.0,No,60.0,59.8,Average,Medium
STU103830,24,Female,ECE,3,65.8,51.7,58.0,55.2,11,13.4,55.8,29,13.0,29,53.7,5.29,1,7,9.0,No,50.9,50.7,Average,Medium
STU103831,21,Female,CSE,8,65.6,64.7,60.9,56.4,14,10.8,69.4,20,16.0,31,57.1,6.4,0,2,7.0,No,83.3,57.0,Average,Medium
STU103832,21,Female,ECE,7,85.2,89.8,69.2,100.0,10,12.6,,24,13.0,34,49.1,8.78,0,2,9.0,No,93.2,74.7,Good,Low
STU103833,20,Male,ECE,8,86.2,63.0,86.5,66.2,15,17.4,59.9,25,17.0,35,81.3,6.75,2,3,11.0,Yes,67.7,70.5,Good,Low
STU103834,21,Female,IT,7,73.5,53.7,61.3,64.2,8,14.3,78.9,15,11.0,32,48.9,5.18,1,4,10.0,No,61.5,55.5,Average,Medium
STU103835,24,Male,MECH,7,75.6,73.4,74.3,74.3,16,21.2,67.4,36,18.0,19,64.5,8.79,0,2,11.0,No,69.7,68.8,Good,Low
STU103836,24,Male,CSE,8,68.9,66.8,84.2,80.2,14,14.0,53.5,31,17.0,49,53.8,7.2,0,3,11.0,No,78.9,66.2,Good,Low
STU103837,22,Female,ECE,8,60.5,63.1,48.2,54.7,10,20.3,46.8,14,11.0,29,76.2,7.39,2,2,9.0,No,55.3,48.3,Poor,High
STU103838,19,Female,CSE,7,74.5,62.4,80.3,67.7,14,15.1,80.2,23,12.0,26,79.7,6.25,0,3,11.0,No,69.0,66.7,Good,Low
STU103839,20,Male,ECE,7,70.1,72.3,75.9,52.0,10,21.9,62.0,20,10.0,15,55.7,7.28,1,6,9.0,No,63.4,57.5,Average,Medium
STU103840,19,Male,AI&DS,3,84.5,74.9,79.0,66.0,12,17.4,55.2,19,17.0,33,63.4,5.5,3,3,9.0,No,71.6,72.0,Good,Low
STU103841,19,Female,IT,3,71.8,44.2,66.9,50.4,7,12.9,53.7,23,13.0,1,68.5,4.34,1,3,5.0,No,44.9,57.8,Average,Medium
STU103842,18,Female,ECE,4,64.8,67.1,61.2,72.8,12,10.1,72.6,20,13.0,52,,6.12,2,2,8.0,Yes,70.2,49.0,Poor,High
STU103843,23,Female,CIVIL,4,96.7,72.3,68.5,65.2,13,11.2,66.2,21,21.0,25,49.8,6.65,1,2,10.0,Yes,67.3,62.0,Average,Medium
STU103844,23,Male,EEE,4,91.3,79.7,100.0,81.8,19,19.6,92.9,36,27.0,68,99.9,8.27,0,0,20.0,No,84.7,96.4,Excellent,Low
STU103845,19,Male,AI&DS,4,91.4,78.2,88.9,71.8,16,13.9,65.3,33,22.0,46,93.0,6.91,2,4,11.0,No,86.2,71.8,Good,Low
STU103846,22,Female,AI&DS,3,54.6,27.3,55.9,26.7,6,4.4,40.8,21,8.0,15,36.4,5.17,0,3,9.0,Yes,42.0,43.0,Poor,High
STU103847,19,Male,CSE,5,65.0,67.0,51.9,40.0,12,10.7,39.5,12,12.0,35,52.8,6.55,1,5,3.0,Yes,57.0,46.7,Poor,High
STU103848,19,Female,CIVIL,7,92.7,86.5,76.8,61.4,13,19.2,77.8,27,17.0,38,75.2,8.45,2,6,12.0,No,67.4,66.7,Good,Low
STU103849,19,Female,IT,7,69.7,64.0,68.9,85.7,15,13.7,70.8,32,20.0,40,73.4,7.23,1,1,8.0,No,84.4,60.6,Average,Medium
STU103850,18,Female,AI&DS,2,85.7,56.0,64.3,51.6,16,13.9,58.0,20,15.0,42,59.5,6.38,0,2,6.0,Yes,70.2,56.0,Average,Medium
STU103851,23,Female,ECE,5,76.7,85.7,78.5,73.0,14,13.0,71.5,31,15.0,52,76.2,6.79,0,2,10.0,Yes,74.5,67.0,Good,Low
STU103852,18,Male,AI&DS,5,64.2,75.5,64.2,47.0,11,10.6,58.2,23,16.0,34,26.5,5.87,2,5,10.0,Yes,64.9,64.0,Average,Medium
STU103853,20,Female,ECE,7,60.2,43.7,69.9,46.1,5,5.4,53.5,7,13.0,20,46.5,5.05,2,2,11.0,Yes,59.7,39.9,Poor,High
STU103854,21,Other,IT,8,65.6,58.8,83.7,50.1,11,12.1,48.6,23,17.0,26,69.2,6.66,0,4,5.0,No,60.8,60.7,Average,Medium
STU103855,22,Female,CSE,4,65.0,61.2,77.3,58.7,12,13.3,63.9,22,12.0,31,61.8,7.09,1,4,6.0,No,66.2,53.7,Average,Medium
STU103856,19,Male,AI&DS,7,53.6,44.4,47.9,23.8,8,4.7,39.8,18,12.0,11,45.7,5.56,2,2,13.0,Yes,43.1,36.2,Poor,High
STU103857,21,Male,MECH,6,71.1,64.1,56.7,33.0,11,9.7,55.3,20,10.0,19,71.5,5.49,2,3,14.0,Yes,53.1,48.6,Poor,High
STU103858,23,Female,AI&DS,3,74.1,60.3,62.9,48.2,12,12.8,72.2,30,18.0,36,63.9,6.59,1,4,11.0,Yes,57.2,38.9,Poor,High
STU103859,20,Female,CSE,5,80.9,57.1,88.2,47.9,13,12.2,60.4,28,17.0,26,70.1,5.52,1,1,10.0,Yes,61.0,56.1,Average,Medium
STU103860,24,Male,AI&DS,2,89.6,66.2,86.8,76.5,9,13.8,71.4,12,,43,64.2,5.92,0,0,9.0,No,73.3,75.1,Good,Low
STU103861,21,Male,MECH,2,74.2,48.9,53.3,65.6,11,10.7,40.8,16,5.0,12,37.5,5.27,2,3,4.0,Yes,70.7,39.6,Poor,High
STU103862,23,Male,IT,4,76.9,80.3,85.5,78.3,12,16.8,62.4,30,18.0,26,77.9,7.1,0,3,11.0,No,75.2,68.3,Good,Low
STU103863,18,Male,IT,8,74.4,51.2,61.4,18.9,8,12.2,67.3,25,12.0,34,54.9,5.43,1,0,10.0,Yes,62.5,53.2,Average,Medium
STU103864,23,Male,EEE,6,90.9,87.7,94.9,94.8,13,15.5,96.8,42,23.0,58,80.7,8.74,0,1,14.0,No,84.6,94.0,Excellent,Low
STU103865,21,Female,CIVIL,6,53.8,54.4,70.0,39.6,8,7.5,59.6,21,14.0,31,50.4,4.23,2,4,8.0,Yes,61.3,36.9,Poor,High
STU103866,24,Female,EEE,7,79.7,54.0,75.7,33.5,11,9.7,56.3,19,,23,35.7,4.59,2,2,15.0,No,60.0,46.9,Poor,High
STU103867,22,Male,ECE,5,89.5,71.9,87.7,83.5,18,16.6,80.4,38,20.0,54,67.1,5.86,1,0,13.0,Yes,66.9,77.6,Good,Low
STU103868,23,Female,CSE,5,80.1,80.7,75.3,72.7,12,17.2,80.4,35,16.0,44,66.9,7.84,2,2,11.0,No,73.9,71.0,Good,Low
STU103869,19,Male,AI&DS,3,85.4,64.9,81.0,54.8,14,11.6,66.5,31,23.0,40,69.7,7.91,2,0,15.0,No,64.5,63.8,Average,Medium
STU103870,21,Female,ECE,3,77.3,68.8,75.6,59.8,13,16.3,60.2,25,14.0,42,67.5,7.9,1,5,12.0,Yes,62.3,65.1,Good,Low
STU103871,23,Female,IT,8,69.8,71.6,69.1,57.9,10,19.9,64.1,31,19.0,27,78.5,7.3,2,1,11.0,No,72.1,63.7,Average,Medium
STU103872,23,Male,EEE,6,61.8,54.9,75.2,53.4,6,11.1,34.8,16,10.0,26,49.3,5.32,1,4,3.0,Yes,55.5,43.2,Poor,High
STU103873,20,Female,IT,2,77.0,68.4,80.3,60.2,12,8.8,77.6,30,16.0,40,58.7,5.4,1,1,17.0,No,69.2,59.4,Average,Medium
STU103874,21,Male,AI&DS,4,72.9,46.9,73.4,45.9,17,10.0,74.8,28,24.0,43,87.6,5.81,1,3,14.0,Yes,38.6,55.5,Average,Medium
STU103875,19,Female,CSE,7,67.3,52.4,78.2,30.7,9,8.1,67.1,26,17.0,34,63.8,6.56,0,3,11.0,No,46.4,57.2,Average,Medium
STU103876,21,Female,IT,7,93.4,74.0,83.7,60.4,14,13.0,75.3,32,23.0,57,73.6,6.84,0,1,17.0,No,72.8,71.0,Good,Low
STU103877,21,Female,AI&DS,6,67.2,56.0,67.6,46.3,9,12.8,33.1,15,14.0,33,28.2,5.05,2,5,9.0,No,70.9,49.8,Poor,High
STU103878,18,Male,ECE,2,77.6,64.0,81.0,52.9,11,8.0,56.1,23,14.0,27,78.3,6.57,2,1,7.0,Yes,62.7,66.4,Good,Low
STU103879,24,Male,CSE,4,62.7,37.8,75.5,46.4,7,9.9,40.5,25,11.0,7,48.3,5.18,1,1,12.0,Yes,47.5,42.6,Poor,High
STU103880,22,Male,IT,4,76.2,76.6,86.0,62.8,14,18.6,72.4,30,16.0,19,70.9,8.02,0,1,9.0,Yes,73.7,78.4,Good,Low
STU103881,19,Male,CSE,3,52.0,44.5,62.3,64.2,11,14.5,61.0,25,,41,45.4,6.1,0,3,3.0,No,65.8,46.7,Poor,High
STU103882,24,Male,IT,4,72.0,64.0,66.2,72.9,9,19.1,76.9,27,14.0,27,,8.61,0,4,8.0,No,78.2,48.5,Poor,High
STU103883,22,Male,CSE,4,76.8,71.7,79.0,73.5,10,12.1,87.0,29,19.0,41,86.5,7.33,2,0,9.0,No,81.7,73.0,Good,Low
STU103884,22,Female,CSE,6,85.8,76.1,96.5,74.7,19,22.7,91.0,39,30.0,63,83.6,8.1,0,0,16.0,No,83.4,93.8,Excellent,Low
STU103885,24,Male,CIVIL,4,61.9,59.1,77.6,69.4,14,13.0,67.6,28,20.0,39,63.9,6.71,2,0,9.0,No,59.2,50.0,Average,Medium
STU103886,20,Male,AI&DS,4,69.4,55.9,77.8,58.6,15,18.8,82.2,31,17.0,62,74.4,7.49,2,0,13.0,No,75.4,61.0,Average,Medium
STU103887,20,Female,AI&DS,8,81.1,56.2,59.6,42.2,8,13.9,61.3,21,19.0,38,58.6,5.56,1,6,8.0,No,43.8,49.1,Poor,High
STU103888,22,Male,EEE,4,64.5,63.9,62.3,65.2,14,12.0,47.5,18,10.0,23,62.0,5.51,1,3,8.0,Yes,67.1,44.0,Poor,High
STU103889,24,Female,AI&DS,3,70.2,51.4,72.7,51.3,10,12.9,47.3,25,16.0,28,64.4,6.22,1,0,8.0,No,45.5,72.7,Good,Low
STU103890,23,Female,AI&DS,7,69.5,58.8,58.5,47.1,13,18.9,95.0,27,20.0,50,80.0,5.68,2,2,11.0,No,72.1,48.1,Poor,High
STU103891,23,Female,CSE,3,67.4,59.0,56.6,35.8,11,4.2,62.8,7,15.0,22,46.1,6.4,2,2,3.0,No,53.3,49.8,Poor,High
STU103892,23,Male,ECE,3,66.2,38.0,55.4,39.1,9,8.3,55.5,18,14.0,29,39.9,5.62,2,2,7.0,No,42.8,41.9,Poor,High
STU103893,18,Female,CSE,7,64.9,43.2,56.9,35.2,11,2.9,58.4,30,11.0,41,48.2,4.0,1,4,11.0,Yes,50.8,37.2,Poor,High
STU103894,21,Female,CIVIL,3,82.8,53.2,67.7,55.0,9,10.5,,28,18.0,23,56.7,5.14,1,6,12.0,Yes,54.2,47.8,Poor,High
STU103895,20,Female,MECH,2,94.6,74.1,67.2,71.0,9,16.7,71.4,24,14.0,26,79.7,6.83,1,3,8.0,No,78.0,73.5,Good,Low
STU103896,20,Female,AI&DS,2,73.0,47.7,57.3,42.4,10,7.6,41.0,13,14.0,9,47.7,,2,1,8.0,No,55.2,45.4,Poor,High
STU103897,23,Female,ECE,7,66.3,39.6,74.9,52.5,8,8.1,49.9,15,9.0,10,46.4,5.03,1,2,6.0,No,51.4,50.6,Average,Medium
STU103898,20,Male,EEE,3,88.7,78.9,91.8,85.8,19,14.2,83.7,23,23.0,41,84.1,8.92,0,0,12.0,No,88.3,82.4,Excellent,Low
STU103899,23,Male,MECH,4,62.6,52.9,71.6,47.2,10,12.9,78.1,29,15.0,34,74.0,5.28,2,4,5.0,No,59.0,55.2,Average,Medium
STU103900,24,Female,ECE,5,94.5,71.0,96.0,52.1,12,14.7,63.2,22,19.0,28,54.6,5.63,0,2,11.0,No,70.0,57.2,Average,Medium
STU103901,21,Female,EEE,3,78.0,78.8,69.1,64.8,15,16.0,88.4,36,19.0,48,72.2,7.3,0,1,13.0,Yes,84.6,58.2,Average,Medium
STU103902,19,Female,CSE,3,74.5,60.2,86.5,47.4,13,14.2,59.1,17,21.0,38,45.8,6.02,0,2,13.0,Yes,53.4,64.7,Average,Medium
STU103903,22,Male,ECE,2,70.8,58.7,71.1,49.8,12,10.8,70.8,27,19.0,46,78.0,5.07,2,4,18.0,No,57.3,43.0,Poor,High
STU103904,24,Male,CSE,2,77.4,75.6,82.3,55.8,12,15.0,62.5,30,17.0,63,70.9,6.52,1,3,7.0,No,72.6,70.0,Good,Low
STU103905,20,Female,IT,8,53.0,61.2,62.3,57.0,13,10.2,60.5,12,10.0,22,58.0,5.83,1,2,10.0,Yes,50.7,47.3,Poor,High
STU103906,19,Female,ECE,8,81.9,100.0,79.8,95.8,15,20.5,95.4,29,23.0,51,100.0,9.25,0,2,16.0,Yes,76.1,78.9,Good,Low
STU103907,21,Male,EEE,6,61.9,49.6,71.7,39.3,6,8.5,62.2,15,6.0,15,55.0,4.39,2,4,5.0,No,51.5,49.7,Poor,High
STU103908,24,Female,ECE,5,69.4,52.6,54.3,53.0,8,11.3,29.5,8,11.0,3,42.7,4.98,1,3,7.0,Yes,62.6,53.5,Average,Medium
STU103909,21,Female,CSE,7,92.5,43.6,67.7,46.6,11,10.4,62.0,21,21.0,21,62.2,4.84,1,3,9.0,Yes,61.1,57.8,Average,Medium
STU103910,21,Female,CSE,7,72.0,48.6,77.5,47.4,7,9.1,39.8,8,13.0,24,47.3,4.87,2,4,8.0,Yes,52.2,43.8,Poor,High
STU103911,21,Female,AI&DS,5,57.0,85.9,80.8,52.5,13,18.0,61.2,29,18.0,35,81.5,8.68,1,6,7.0,Yes,63.4,59.8,Average,Medium
STU103912,23,Male,MECH,7,82.6,77.1,81.9,79.4,17,25.2,95.5,38,19.0,67,98.1,10.0,1,1,13.0,No,79.4,76.1,Good,Low
STU103913,20,Male,EEE,2,97.4,53.6,67.5,51.0,7,10.6,65.7,13,13.0,24,41.6,6.34,2,3,3.0,Yes,73.6,46.6,Poor,High
STU103914,23,Male,CSE,3,60.7,49.0,54.0,42.4,5,5.6,53.4,8,12.0,35,37.3,5.32,2,2,8.0,No,66.1,42.6,Poor,High
STU103915,24,Male,ECE,7,41.9,27.7,48.5,48.3,10,7.7,52.2,13,13.0,17,50.0,4.38,1,5,11.0,Yes,45.8,37.3,Poor,High
STU103916,23,Male,AI&DS,5,79.6,72.2,52.4,60.4,9,14.8,56.5,26,15.0,20,57.3,5.9,2,3,7.0,Yes,64.7,55.2,Average,Medium
STU103917,24,Female,EEE,7,64.0,65.8,69.0,60.7,11,15.2,59.1,26,15.0,38,59.6,5.05,1,2,10.0,Yes,64.9,67.1,Good,Low
STU103918,23,Female,AI&DS,5,78.0,61.3,78.4,54.4,11,12.1,73.4,20,14.0,38,62.1,6.86,2,0,8.0,No,65.5,54.1,Average,Medium
STU103919,23,Male,IT,2,59.3,69.7,70.1,60.1,11,16.6,48.3,23,12.0,23,38.6,7.11,2,2,4.0,Yes,61.6,53.6,Average,Medium
STU103920,18,Male,ECE,3,99.3,67.7,76.9,72.0,14,9.7,67.4,20,23.0,21,67.2,6.76,1,1,11.0,No,72.8,68.0,Good,Low
STU103921,20,Female,ECE,5,62.5,67.8,76.0,79.1,15,16.8,64.6,25,17.0,23,65.6,7.18,0,0,10.0,Yes,63.9,66.7,Good,Low
STU103922,19,Female,MECH,2,62.8,51.1,74.7,35.2,11,10.6,46.6,13,12.0,37,42.5,6.56,0,4,10.0,Yes,47.9,36.4,Poor,High
STU103923,24,Female,CIVIL,7,76.1,34.4,58.2,39.5,7,12.3,62.9,24,18.0,30,70.4,6.29,0,4,11.0,No,43.0,57.1,Average,Medium
STU103924,19,Male,ECE,3,83.4,73.4,90.9,67.6,14,19.8,88.0,28,22.0,40,68.0,7.42,0,2,13.0,No,80.5,82.1,Excellent,Low
STU103925,24,Male,CSE,6,72.4,74.6,65.6,71.4,11,13.1,65.7,22,17.0,41,57.3,6.52,2,3,10.0,No,78.2,62.5,Average,Medium
STU103926,22,Female,CSE,3,94.0,88.3,85.0,80.6,16,17.0,80.4,37,25.0,50,100.0,7.45,1,4,11.0,No,82.7,68.6,Good,Low
STU103927,18,Male,AI&DS,7,83.5,71.4,79.8,60.1,16,14.8,,19,23.0,25,52.9,6.8,1,6,19.0,Yes,76.6,67.2,Good,Low
STU103928,22,Female,MECH,3,59.3,47.9,69.4,40.4,10,14.9,41.1,19,11.0,18,51.4,4.67,1,3,3.0,Yes,53.9,37.1,Poor,High
STU103929,20,Male,EEE,5,61.2,37.5,52.3,50.2,5,10.5,50.3,24,10.0,48,41.1,5.84,3,3,11.0,Yes,59.6,31.8,Poor,High
STU103930,20,Male,AI&DS,3,67.0,65.1,65.4,43.9,9,12.0,44.3,19,9.0,36,55.5,7.16,1,3,5.0,Yes,59.5,48.0,Poor,High
STU103931,24,Female,CSE,8,71.2,55.9,60.7,52.6,11,14.8,62.5,29,16.0,35,64.9,5.06,0,2,9.0,No,60.0,55.3,Average,Medium
STU103932,23,Female,EEE,5,90.5,72.3,82.1,59.6,11,14.9,60.6,25,19.0,30,67.3,6.24,0,0,14.0,No,58.3,77.8,Good,Low
STU103933,23,Male,EEE,5,74.9,50.7,68.5,66.2,13,13.1,48.1,25,13.0,39,51.4,5.94,1,2,14.0,No,65.5,62.0,Average,Medium
STU103934,20,Female,CIVIL,4,82.4,59.3,68.5,75.5,14,18.9,48.4,28,19.0,50,56.6,7.23,1,3,10.0,No,63.7,69.4,Good,Low
STU103935,22,Female,MECH,3,68.6,70.4,91.4,37.1,12,20.7,66.7,27,16.0,36,55.2,6.49,0,2,8.0,Yes,52.0,53.4,Average,Medium
STU103936,20,Female,AI&DS,7,67.6,50.6,40.1,73.7,10,12.7,36.1,22,15.0,27,38.6,7.37,1,2,4.0,No,70.6,55.9,Average,Medium
STU103937,22,Female,MECH,2,80.8,80.2,83.2,88.1,16,17.9,73.0,21,23.0,38,73.1,8.44,2,4,10.0,No,89.3,58.9,Average,Medium
STU103938,20,Female,ECE,2,79.8,72.4,78.6,48.2,15,9.2,66.2,26,17.0,54,66.4,8.14,0,3,10.0,Yes,74.8,58.2,Average,Medium
STU103939,22,Female,EEE,6,93.4,58.8,86.3,58.6,15,19.7,73.7,32,17.0,37,72.9,7.55,0,6,16.0,No,78.4,70.2,Good,Low
STU103940,23,Female,AI&DS,6,84.5,81.5,93.1,64.1,17,15.0,87.5,40,21.0,53,82.4,8.32,1,2,13.0,No,82.0,79.8,Good,Low
STU103941,20,Female,CIVIL,4,76.1,57.7,79.4,43.3,12,12.0,71.3,28,18.0,39,82.4,6.01,2,3,8.0,Yes,47.3,54.1,Average,Medium
STU103942,18,Female,CSE,7,86.1,69.5,69.6,64.9,17,13.6,75.3,40,11.0,31,76.5,6.51,0,2,9.0,No,62.1,62.9,Average,Medium
STU103943,18,Female,CSE,2,77.9,83.2,70.5,71.5,15,9.5,66.7,31,16.0,42,72.3,5.4,2,4,17.0,Yes,78.8,63.5,Average,Medium
STU103944,24,Male,AI&DS,5,75.4,69.0,70.7,66.4,11,8.7,79.9,28,20.0,24,71.2,5.79,0,0,9.0,Yes,66.7,58.2,Average,Medium
STU103945,24,Male,CIVIL,8,73.9,88.2,83.9,86.7,14,12.9,79.5,23,,39,82.4,7.69,0,2,13.0,Yes,85.7,75.4,Good,Low
STU103946,22,Female,MECH,4,77.2,71.2,74.3,53.0,11,13.3,59.6,29,18.0,28,62.6,6.21,1,2,12.0,No,66.2,61.1,Average,Medium
STU103947,18,Other,AI&DS,7,70.1,74.7,69.9,63.9,18,21.0,79.4,35,23.0,60,74.2,7.0,0,3,11.0,No,64.7,76.2,Good,Low
STU103948,22,Male,CSE,4,62.0,48.5,58.3,35.3,8,12.3,51.2,18,13.0,25,56.8,4.5,2,4,7.0,Yes,39.3,48.8,Poor,High
STU103949,21,Female,CSE,3,67.6,52.3,62.4,50.3,7,14.0,53.5,31,17.0,53,,7.8,1,3,9.0,Yes,51.9,63.2,Average,Medium
STU103950,19,Male,MECH,4,80.3,65.4,67.4,64.3,14,14.1,52.9,27,17.0,36,52.3,7.22,1,4,12.0,No,73.0,62.3,Average,Medium
STU103951,20,Male,ECE,4,61.9,53.0,58.1,59.7,8,13.3,42.4,24,14.0,32,46.9,7.16,1,6,9.0,No,51.1,41.2,Poor,High
STU103952,23,Female,MECH,2,86.4,98.3,78.5,75.4,12,24.1,74.5,41,26.0,37,95.2,8.83,1,4,13.0,No,71.6,72.5,Good,Low
STU103953,24,Female,MECH,8,73.2,60.0,62.5,47.6,15,14.3,66.5,27,19.0,37,69.7,5.47,0,3,10.0,Yes,63.7,63.8,Average,Medium
STU103954,24,Female,CIVIL,6,71.8,51.9,70.8,62.7,9,12.9,49.1,16,15.0,26,42.6,5.06,1,3,9.0,No,63.8,59.9,Average,Medium
STU103955,19,Female,ECE,8,84.9,58.9,88.6,58.0,12,15.3,78.9,26,22.0,27,64.8,5.77,1,3,18.0,No,68.2,62.6,Average,Medium
STU103956,21,Female,CIVIL,6,56.3,49.9,50.8,41.9,6,10.5,39.3,17,1.0,15,33.8,6.28,2,5,1.0,Yes,40.3,32.0,Poor,High
STU103957,21,Female,ECE,8,66.7,54.2,72.7,44.5,11,6.5,55.1,21,6.0,46,48.3,6.04,1,5,8.0,No,67.9,46.5,Poor,High
STU103958,20,Female,MECH,4,82.6,60.8,85.0,62.8,12,16.4,60.3,21,17.0,43,53.7,7.68,0,2,11.0,No,64.2,67.1,Good,Low
STU103959,21,Male,EEE,3,77.4,64.1,61.6,69.0,16,12.1,78.1,34,16.0,34,57.7,6.03,0,4,11.0,No,70.4,54.0,Average,Medium
STU103960,20,Male,IT,8,85.5,47.3,70.7,58.6,14,6.6,72.2,20,21.0,12,62.4,6.13,2,4,12.0,No,61.6,44.2,Poor,High
STU103961,18,Male,AI&DS,7,72.2,72.4,67.1,84.3,11,19.9,51.1,23,23.0,43,71.6,7.03,0,3,9.0,No,72.9,77.9,Good,Low
STU103962,20,Male,MECH,8,93.3,78.3,87.1,68.4,13,21.7,52.6,21,18.0,32,43.6,7.56,1,2,11.0,Yes,81.0,64.8,Average,Medium
STU103963,20,Male,EEE,8,87.1,59.6,79.5,79.7,15,8.2,66.3,36,15.0,34,95.2,5.83,0,2,10.0,No,76.2,63.9,Average,Medium
STU103964,20,Male,IT,4,69.0,43.0,60.1,57.9,12,9.5,42.6,27,10.0,36,43.7,6.43,2,4,5.0,Yes,45.9,43.0,Poor,High
STU103965,22,Male,CSE,5,54.6,67.7,61.4,58.7,11,11.3,42.8,14,11.0,41,59.3,6.72,1,1,7.0,Yes,60.7,57.3,Average,Medium
STU103966,22,Female,EEE,7,74.0,61.7,68.1,44.2,8,8.5,61.4,25,15.0,17,66.2,5.38,1,3,8.0,No,50.8,60.2,Average,Medium
STU103967,18,Male,AI&DS,8,81.7,55.2,74.3,56.6,16,8.5,62.2,27,9.0,41,48.2,4.37,0,3,10.0,No,47.3,47.8,Poor,High
STU103968,20,Male,IT,2,67.7,56.9,72.2,47.8,12,8.9,58.3,21,20.0,25,59.1,5.44,0,3,10.0,Yes,40.7,63.4,Average,Medium
STU103969,18,Male,CIVIL,8,87.3,42.6,67.4,69.8,11,12.9,59.4,18,13.0,30,67.2,6.64,1,1,12.0,Yes,67.9,51.4,Average,Medium
STU103970,23,Male,MECH,7,45.3,54.6,58.9,49.0,9,13.0,53.1,28,11.0,38,42.4,4.81,2,7,6.0,No,49.6,46.2,Poor,High
STU103971,24,Female,ECE,5,67.7,51.9,71.8,42.0,10,10.8,48.1,14,14.0,18,68.1,4.55,3,3,3.0,Yes,55.6,47.6,Poor,High
STU103972,21,Female,MECH,7,75.0,67.2,59.0,74.1,13,9.9,60.6,29,16.0,38,37.7,6.74,1,1,6.0,Yes,73.5,71.2,Good,Low
STU103973,24,Female,EEE,3,71.1,67.2,61.9,63.7,14,15.4,67.0,28,12.0,30,64.8,6.86,2,2,9.0,Yes,69.3,65.4,Good,Low
STU103974,22,Female,AI&DS,4,87.6,89.0,77.6,72.3,16,20.1,72.3,45,27.0,56,88.7,8.48,0,0,11.0,No,76.3,84.3,Excellent,Low
STU103975,24,Other,CIVIL,3,65.0,,65.5,38.8,6,2.3,62.7,29,13.0,35,55.0,6.95,1,2,10.0,Yes,58.5,49.4,Poor,High
STU103976,24,Female,ECE,4,79.0,70.2,91.5,52.6,11,19.3,34.3,17,15.0,20,71.3,6.31,1,2,5.0,No,55.6,52.8,Average,Medium
STU103977,22,Male,AI&DS,4,84.4,57.8,71.4,,12,15.3,66.2,20,20.0,29,60.4,6.13,1,4,8.0,Yes,58.4,62.4,Average,Medium
STU103978,21,Male,MECH,6,67.8,70.0,74.1,,12,14.5,74.0,26,14.0,50,71.8,6.05,1,1,9.0,No,64.8,61.1,Average,Medium
STU103979,23,Female,CSE,5,81.7,65.4,57.7,70.7,8,9.6,46.4,21,12.0,36,63.6,6.56,2,0,6.0,No,77.2,60.7,Average,Medium
STU103980,19,Female,MECH,3,73.3,65.8,75.1,58.2,9,20.2,64.2,12,17.0,32,41.7,6.71,0,0,6.0,Yes,70.5,56.2,Average,Medium
STU103981,20,Female,ECE,4,94.0,68.5,87.9,87.9,17,17.3,88.4,34,21.0,51,82.8,6.8,2,2,13.0,No,85.1,66.7,Good,Low
STU103982,21,Male,EEE,6,77.1,51.3,79.6,47.7,14,14.4,72.8,30,15.0,35,65.3,5.93,2,1,12.0,No,,55.9,Average,Medium
STU103983,19,Other,CSE,7,91.1,57.2,71.5,57.5,6,7.1,63.8,15,10.0,22,55.7,6.99,2,3,6.0,No,80.8,55.0,Average,Medium
STU103984,21,Female,MECH,8,74.0,55.8,51.0,49.3,6,10.7,46.5,26,11.0,18,44.8,4.55,1,1,7.0,Yes,57.9,46.3,Poor,High
STU103985,23,Female,MECH,3,,47.9,67.6,46.3,7,13.2,64.4,24,9.0,13,66.2,,0,2,8.0,Yes,60.6,50.7,Average,Medium
STU103986,23,Female,MECH,5,79.3,55.1,70.1,50.9,10,10.0,67.1,26,8.0,23,20.2,5.04,1,3,4.0,No,60.8,54.6,Average,Medium
STU103987,24,Male,ECE,6,53.1,59.3,62.5,,8,6.6,49.5,36,14.0,28,49.3,5.77,1,2,10.0,Yes,58.8,59.9,Average,Medium
STU103988,24,Male,EEE,3,71.8,48.2,78.8,70.7,10,14.2,57.6,17,8.0,36,76.9,7.17,1,1,7.0,Yes,61.7,68.8,Good,Low
STU103989,20,Male,EEE,7,82.7,91.1,58.3,77.8,13,13.8,51.0,28,13.0,48,69.7,8.95,1,0,5.0,No,77.7,64.1,Average,Medium
STU103990,22,Male,AI&DS,5,69.1,52.0,66.9,40.8,11,,63.8,18,9.0,28,46.2,6.44,1,4,6.0,Yes,61.3,50.5,Average,Medium
STU103991,20,Female,CSE,2,85.1,61.8,75.1,66.6,12,18.9,82.7,31,16.0,42,56.6,5.79,0,1,8.0,No,77.7,71.6,Good,Low
STU103992,24,Male,ECE,6,62.0,52.7,66.8,53.3,11,10.0,41.6,14,12.0,30,41.3,6.01,1,5,6.0,No,55.6,38.6,Poor,High
STU103993,19,Male,CIVIL,3,86.7,56.9,71.8,66.0,12,12.8,68.6,26,16.0,46,67.3,6.2,0,2,12.0,No,67.2,66.2,Good,Low
STU103994,19,Male,AI&DS,5,61.0,54.3,66.6,38.7,10,6.7,48.6,14,12.0,22,50.7,6.34,1,4,5.0,Yes,49.5,32.9,Poor,High
STU103995,24,Female,MECH,4,70.3,61.5,71.8,67.9,11,13.8,84.0,27,18.0,31,73.4,6.64,1,2,9.0,No,67.2,52.3,Average,Medium
STU103996,19,Male,EEE,2,92.3,69.4,70.7,56.0,12,12.4,56.9,34,13.0,32,86.0,6.53,2,2,13.0,No,65.7,67.1,Good,Low
STU103997,22,Male,AI&DS,6,82.3,93.6,79.6,79.9,14,12.2,59.0,22,17.0,60,65.7,7.48,0,1,9.0,No,83.9,68.8,Good,Low
STU103998,20,Female,CSE,6,77.7,68.9,80.4,56.5,15,16.8,75.1,18,22.0,46,73.0,6.0,1,2,12.0,No,60.9,59.9,Average,Medium
STU103999,19,Male,ECE,3,72.6,58.8,52.8,40.1,6,14.7,51.4,23,17.0,22,48.8,5.32,2,3,7.0,Yes,56.0,45.3,Poor,High
STU104000,22,Female,AI&DS,2,80.3,47.5,66.4,34.5,6,7.6,68.3,22,14.0,19,35.8,4.62,2,1,6.0,Yes,55.6,51.1,Average,Medium
STU104001,23,Male,CSE,8,56.1,71.2,58.2,64.7,12,13.7,76.3,35,12.0,38,65.4,6.26,2,4,9.0,Yes,71.5,54.2,Average,Medium
STU104002,19,Female,CIVIL,4,76.7,68.3,85.5,79.5,11,10.6,77.6,29,17.0,31,72.8,7.13,0,3,13.0,No,64.9,74.3,Good,Low
STU104003,24,Female,IT,7,66.8,67.7,68.6,56.1,8,14.4,63.1,20,15.0,23,67.0,7.43,1,5,8.0,No,65.0,52.3,Average,Medium
STU104004,18,Male,CSE,4,81.0,79.7,84.5,82.3,13,21.0,72.4,29,20.0,47,58.6,9.43,0,2,8.0,No,69.8,77.5,Good,Low
STU104005,18,Female,AI&DS,7,88.9,67.7,87.3,56.5,16,13.5,83.5,26,22.0,53,73.7,7.15,0,1,12.0,No,66.8,63.6,Average,Medium
STU104006,24,Male,EEE,7,69.3,60.1,64.5,35.3,12,12.9,62.0,18,8.0,28,42.6,6.0,1,0,9.0,Yes,61.1,62.5,Average,Medium
STU104007,18,Male,IT,6,63.8,52.6,61.8,57.0,6,12.7,41.6,23,7.0,21,50.6,5.7,2,2,5.0,No,57.3,40.3,Poor,High
STU104008,20,Female,IT,8,70.6,80.8,75.3,70.9,14,24.0,66.8,24,23.0,47,77.3,6.09,1,3,12.0,No,66.5,64.1,Average,Medium
STU104009,18,Female,IT,2,54.0,46.4,64.5,55.6,8,17.9,58.2,13,12.0,17,43.0,5.93,2,3,6.0,No,54.1,38.2,Poor,High
STU104010,19,Male,ECE,7,75.3,73.3,74.6,55.7,14,17.1,73.8,26,21.0,42,79.2,8.35,2,0,15.0,No,69.0,50.8,Average,Medium
STU104011,18,Female,IT,7,65.0,63.5,79.8,76.4,10,12.7,79.9,24,16.0,64,70.7,7.46,1,1,17.0,No,76.5,66.0,Good,Low
STU104012,20,Male,AI&DS,7,66.1,54.1,74.0,57.8,15,13.7,,24,14.0,32,46.3,6.91,2,3,10.0,Yes,64.1,59.8,Average,Medium
STU104013,20,Male,CSE,6,69.5,75.6,74.0,60.7,12,18.6,55.3,25,16.0,47,53.0,7.37,1,2,12.0,No,67.9,72.7,Good,Low
STU104014,19,Male,MECH,3,85.5,82.3,96.7,77.2,9,13.6,48.3,21,12.0,29,57.3,7.8,0,3,11.0,No,85.0,79.0,Good,Low
STU104015,23,Female,EEE,6,85.1,83.9,64.8,59.3,11,6.9,44.3,25,13.0,36,50.6,6.79,1,3,9.0,No,64.5,57.2,Average,Medium
STU104016,18,Female,CIVIL,7,65.5,72.2,77.5,73.2,11,9.8,70.2,24,23.0,42,73.5,5.84,1,1,6.0,No,65.7,65.6,Good,Low
STU104017,21,Female,EEE,8,86.2,77.7,79.9,82.7,16,19.2,84.7,27,20.0,34,78.4,9.04,0,2,9.0,No,70.1,78.4,Good,Low
STU104018,20,Female,CIVIL,7,78.7,72.4,63.6,79.2,8,16.8,48.6,13,10.0,31,53.7,8.48,0,2,6.0,Yes,92.2,70.5,Good,Low
STU104019,22,Female,AI&DS,7,82.7,,55.3,52.2,11,14.3,62.4,23,14.0,22,68.9,5.88,1,3,7.0,No,56.5,58.7,Average,Medium
STU104020,20,Male,AI&DS,7,70.8,53.9,61.9,67.9,10,16.1,56.1,29,12.0,21,60.1,7.01,2,3,5.0,No,62.1,53.7,Average,Medium
STU104021,21,Male,MECH,2,91.3,56.5,65.3,42.1,15,14.2,77.2,29,12.0,50,62.6,6.97,2,2,8.0,Yes,51.6,65.5,Good,Low
STU104022,23,Female,ECE,7,81.3,59.1,69.7,62.5,10,13.5,62.8,35,19.0,30,71.6,7.26,1,1,12.0,No,72.3,60.3,Average,Medium
STU104023,19,Male,CSE,6,94.5,68.1,83.2,35.0,10,13.8,72.4,17,23.0,23,,4.99,2,0,6.0,Yes,57.0,68.7,Good,Low
STU104024,21,Male,AI&DS,3,66.8,50.1,80.6,47.1,12,14.3,59.6,19,16.0,36,68.0,4.22,1,3,11.0,Yes,54.6,59.4,Average,Medium
STU104025,21,Male,CIVIL,3,64.8,60.1,74.7,52.9,12,12.5,47.8,15,14.0,58,58.5,6.56,1,3,13.0,No,56.6,43.0,Poor,High
STU104026,23,Male,IT,3,75.3,59.4,55.2,60.1,11,9.8,74.1,24,14.0,29,42.4,6.46,2,5,11.0,Yes,67.2,51.7,Average,Medium
STU104027,21,Female,CIVIL,6,92.8,57.4,72.3,54.2,11,13.5,61.4,25,14.0,22,44.6,5.85,2,3,6.0,Yes,61.6,47.3,Poor,High
STU104028,23,Female,MECH,7,86.1,68.1,90.6,64.7,17,20.8,85.0,42,24.0,50,88.2,5.96,2,1,16.0,No,84.5,75.7,Good,Low
STU104029,23,Female,CIVIL,8,64.1,75.3,60.1,50.7,11,10.4,43.0,22,11.0,34,41.0,5.67,1,6,8.0,Yes,59.3,51.8,Average,Medium
STU104030,23,Female,CSE,3,72.9,68.9,68.5,62.1,11,11.9,53.3,28,16.0,43,47.2,7.15,0,2,5.0,No,71.1,58.1,Average,Medium
STU104031,22,Female,EEE,8,67.1,41.6,69.7,43.0,12,9.8,52.7,25,16.0,20,73.7,5.46,3,1,13.0,Yes,47.6,52.6,Average,Medium
STU104032,24,Male,EEE,2,74.9,48.2,80.9,67.2,11,15.9,59.4,25,21.0,52,81.1,5.72,2,2,11.0,Yes,60.0,57.6,Average,Medium
STU104033,18,Female,IT,6,74.7,73.5,71.7,63.5,12,11.5,59.8,23,12.0,47,57.5,6.97,1,3,13.0,No,66.3,67.0,Good,Low
STU104034,21,Male,CSE,8,77.6,62.5,81.0,76.6,15,16.9,67.1,37,15.0,36,87.4,6.78,0,1,8.0,No,,77.4,Good,Low
STU104035,23,Female,IT,4,71.9,57.1,73.4,40.8,9,7.2,57.4,19,13.0,16,39.6,6.98,2,1,8.0,Yes,53.9,45.9,Poor,High
STU104036,18,Female,MECH,8,80.7,49.0,84.8,70.6,12,13.4,82.8,31,20.0,49,79.3,5.48,2,2,15.0,Yes,55.8,56.4,Average,Medium
STU104037,23,Male,CSE,6,87.4,,86.9,80.2,17,19.4,69.2,33,21.0,50,60.1,9.04,1,0,19.0,No,87.9,67.4,Good,Low
STU104038,18,Female,ECE,4,78.9,74.0,80.7,72.8,15,20.3,61.8,37,19.0,41,84.7,6.4,2,1,11.0,No,70.6,63.8,Average,Medium
STU104039,23,Male,CSE,8,58.9,,56.0,64.6,11,12.5,30.3,9,3.0,38,22.5,6.26,1,3,0.0,Yes,51.6,49.5,Poor,High
STU104040,19,Other,EEE,2,71.8,51.1,59.4,60.2,14,10.9,75.2,26,16.0,40,46.7,6.4,0,3,11.0,No,49.7,55.1,Average,Medium
STU104041,22,Male,ECE,7,65.1,61.7,47.6,76.2,10,11.4,64.6,22,15.0,29,60.4,7.1,1,3,6.0,No,73.3,59.5,Average,Medium
STU104042,23,Male,CIVIL,4,84.8,65.4,65.2,57.9,11,11.9,68.4,35,27.0,34,54.0,6.93,1,1,14.0,No,75.5,72.1,Good,Low
STU104043,23,Female,EEE,7,76.4,62.9,62.8,61.7,11,10.6,68.2,26,18.0,52,66.7,5.69,1,1,8.0,No,50.6,64.5,Average,Medium
STU104044,22,Male,CIVIL,2,75.2,38.3,71.2,44.3,10,15.1,68.5,26,18.0,30,44.4,5.43,2,3,10.0,No,50.7,47.5,Poor,High
STU104045,24,Male,AI&DS,8,63.6,56.0,60.1,37.8,12,7.6,47.4,12,10.0,13,57.2,5.22,2,3,5.0,No,53.5,44.4,Poor,High
STU104046,18,Female,CIVIL,3,81.9,59.8,82.2,71.0,12,19.3,85.1,20,20.0,32,72.7,5.28,1,1,12.0,No,69.7,70.4,Good,Low
STU104047,19,Female,IT,6,73.2,63.1,72.4,58.7,12,12.9,61.2,17,13.0,33,51.9,7.1,1,3,10.0,No,64.5,46.3,Poor,High
STU104048,18,Male,EEE,3,75.4,51.8,80.8,51.0,12,12.1,56.7,31,13.0,25,71.7,7.26,0,5,12.0,No,58.6,63.1,Average,Medium
STU104049,23,Male,AI&DS,8,84.0,74.6,88.2,53.6,14,14.2,54.5,33,15.0,54,64.9,6.32,0,2,14.0,No,69.7,59.9,Average,Medium
STU104050,24,Male,IT,7,90.1,73.5,88.9,77.5,12,18.8,73.2,35,16.0,25,77.2,5.93,2,2,13.0,No,84.2,78.5,Good,Low
STU104051,24,Male,CIVIL,7,75.8,68.7,78.9,64.5,14,12.5,57.0,26,13.0,49,60.1,8.06,1,1,6.0,No,67.2,68.9,Good,Low
STU104052,21,Male,CIVIL,4,73.1,64.6,82.0,57.3,13,14.4,54.4,25,12.0,25,75.3,5.86,1,2,13.0,No,55.3,59.4,Average,Medium
STU104053,18,Male,CSE,3,89.4,85.4,100.0,78.4,15,16.2,94.5,37,27.0,53,81.7,5.84,0,0,16.0,No,80.8,94.6,Excellent,Low
STU104054,19,Female,CIVIL,2,71.6,71.8,82.7,71.7,12,14.8,79.1,37,11.0,52,75.6,5.33,2,1,14.0,No,68.4,53.4,Average,Medium
STU104055,22,Female,CSE,3,64.5,77.9,71.1,53.7,8,12.6,37.3,17,10.0,21,45.4,8.5,0,4,4.0,No,70.1,65.5,Good,Low
STU104056,24,Male,ECE,6,62.5,70.4,63.3,69.2,14,12.3,66.7,21,15.0,31,79.4,7.74,1,3,12.0,Yes,74.2,62.0,Average,Medium
STU104057,24,Male,MECH,4,85.6,71.4,83.4,76.4,14,18.8,78.9,31,26.0,48,80.8,7.94,0,3,14.0,No,68.9,86.1,Excellent,Low
STU104058,23,Male,ECE,2,63.7,72.4,79.5,65.0,11,9.4,71.3,26,15.0,43,53.1,6.96,1,3,11.0,No,58.2,51.3,Average,Medium
STU104059,24,Male,AI&DS,8,62.6,79.7,64.7,61.1,13,17.8,60.5,23,14.0,49,42.1,6.23,2,2,7.0,No,61.7,55.9,Average,Medium
STU104060,21,Female,ECE,8,66.9,66.9,54.4,52.3,12,13.0,56.5,27,18.0,22,56.9,6.14,1,3,11.0,No,65.2,50.6,Average,Medium
STU104061,19,Male,AI&DS,5,81.4,60.2,65.6,72.7,13,12.4,81.0,32,15.0,32,69.5,6.94,1,1,12.0,No,80.9,58.5,Average,Medium
STU104062,21,Female,EEE,3,73.1,71.8,60.7,70.2,12,16.1,48.9,19,14.0,55,37.2,,2,1,5.0,No,63.8,69.7,Good,Low
STU104063,18,Female,CSE,5,76.3,64.6,63.2,56.2,13,9.8,56.5,23,21.0,39,69.3,5.91,0,2,9.0,No,60.7,56.2,Average,Medium
STU104064,22,Female,ECE,3,79.7,59.1,71.7,46.3,10,11.8,53.7,15,15.0,34,66.8,6.1,1,6,10.0,Yes,50.5,53.4,Average,Medium
STU104065,20,Female,EEE,2,90.6,69.8,58.1,68.5,12,13.2,39.5,21,17.0,38,41.5,6.04,0,4,10.0,No,67.2,61.0,Average,Medium
STU104066,20,Female,IT,4,94.0,67.5,86.3,69.4,14,20.4,66.2,43,20.0,46,73.2,6.18,1,0,16.0,No,80.3,73.0,Good,Low
STU104067,18,Female,ECE,3,71.8,53.0,55.5,39.3,7,11.5,43.5,15,8.0,32,22.7,4.76,1,3,3.0,Yes,45.0,38.2,Poor,High
STU104068,24,Male,ECE,2,79.2,67.3,62.7,54.3,15,10.1,61.3,24,17.0,38,55.5,4.8,2,4,10.0,No,59.1,48.3,Poor,High
STU104069,20,Female,IT,8,68.3,62.5,48.9,64.0,8,13.3,52.0,22,10.0,32,47.5,6.72,0,4,5.0,Yes,59.6,54.5,Average,Medium
STU104070,23,Male,IT,2,49.3,35.3,64.3,25.6,15,8.8,66.7,25,13.0,18,70.5,6.28,2,4,9.0,Yes,40.3,38.9,Poor,High
STU104071,21,Male,MECH,7,53.5,42.1,71.1,55.2,11,7.5,52.9,16,14.0,39,55.5,7.28,2,0,7.0,No,45.3,46.7,Poor,High
STU104072,22,Female,EEE,8,59.8,40.6,44.3,60.2,9,9.6,31.6,14,13.0,39,53.3,6.8,1,0,8.0,Yes,54.5,26.3,Poor,High
STU104073,21,Female,AI&DS,5,61.3,59.2,56.3,58.6,11,18.1,61.6,19,16.0,42,62.8,7.04,1,3,11.0,Yes,61.9,70.6,Good,Low
STU104074,22,Male,EEE,8,94.7,80.1,90.1,82.1,17,16.5,76.5,40,21.0,28,99.4,7.95,0,3,17.0,No,78.5,82.0,Excellent,Low
STU104075,19,Female,CIVIL,5,64.8,48.0,63.6,29.8,13,8.0,64.6,29,16.0,42,59.6,5.88,3,6,9.0,Yes,50.4,39.9,Poor,High
STU104076,24,Male,IT,8,70.8,56.2,88.1,44.6,14,11.0,80.3,25,24.0,48,64.9,6.41,0,2,11.0,No,49.7,60.2,Average,Medium
STU104077,20,Female,CSE,7,68.1,51.7,58.0,43.6,11,4.4,67.0,29,17.0,25,47.8,4.28,2,5,4.0,No,42.7,46.1,Poor,High
STU104078,18,Female,AI&DS,6,71.6,54.0,68.4,58.5,10,5.8,52.3,32,14.0,21,63.9,4.91,1,2,11.0,No,65.8,53.6,Average,Medium
STU104079,24,Male,IT,6,52.0,59.2,49.7,50.8,8,7.0,39.2,20,13.0,21,55.2,6.9,0,5,10.0,No,48.3,52.2,Average,Medium
STU104080,18,Male,IT,2,73.2,70.8,54.7,60.5,13,9.2,69.2,26,24.0,45,72.8,5.64,0,0,15.0,No,72.3,64.9,Average,Medium
STU104081,21,Female,MECH,3,75.5,62.5,69.1,75.7,13,13.0,62.0,25,18.0,37,56.3,7.08,0,1,9.0,No,70.2,64.8,Average,Medium
STU104082,23,Male,CSE,8,94.0,86.8,72.9,62.6,10,13.3,76.1,34,16.0,56,79.1,7.19,0,0,10.0,No,82.1,80.9,Excellent,Low
STU104083,20,Female,MECH,8,75.4,72.9,93.7,53.1,8,9.0,66.3,18,22.0,19,60.9,6.7,1,0,10.0,No,76.4,61.7,Average,Medium
STU104084,19,Male,ECE,6,82.0,57.4,60.9,40.6,7,10.4,53.0,17,16.0,25,42.6,6.85,0,3,7.0,Yes,50.2,57.8,Average,Medium
STU104085,19,Male,AI&DS,5,71.0,51.5,67.1,82.2,11,18.7,53.4,28,20.0,25,77.5,8.39,1,1,7.0,Yes,69.3,63.9,Average,Medium
STU104086,22,Female,AI&DS,4,94.5,76.3,75.4,59.4,15,11.7,57.2,23,15.0,19,82.0,6.83,1,0,7.0,No,70.1,66.6,Good,Low
STU104087,22,Male,AI&DS,4,71.1,71.5,79.5,66.4,11,11.1,50.8,18,14.0,23,81.5,6.42,1,2,13.0,No,64.7,55.5,Average,Medium
STU104088,21,Male,ECE,7,66.5,40.4,64.0,28.5,9,12.8,40.7,11,15.0,5,35.3,5.08,1,1,10.0,No,44.7,43.1,Poor,High
STU104089,21,Female,CSE,3,67.8,72.4,47.7,53.0,11,9.1,50.9,11,9.0,30,67.4,5.55,1,1,5.0,No,55.1,55.2,Average,Medium
STU104090,20,Male,ECE,5,79.8,55.0,75.5,52.8,8,23.9,57.6,18,8.0,24,48.4,8.24,1,4,10.0,No,58.0,51.1,Average,Medium
STU104091,24,Male,CSE,6,99.2,89.5,86.6,99.7,19,22.8,87.0,43,24.0,43,74.3,7.87,1,2,15.0,Yes,91.4,85.9,Excellent,Low
STU104092,19,Female,ECE,6,75.7,66.0,58.6,84.8,14,15.0,75.0,34,23.0,36,71.4,5.84,2,3,11.0,No,66.5,67.1,Good,Low
STU104093,23,Female,IT,3,70.7,46.9,69.0,61.4,8,10.9,61.2,21,9.0,25,52.9,5.86,2,4,9.0,Yes,58.4,38.4,Poor,High
STU104094,23,Female,MECH,7,78.5,48.7,50.8,35.9,8,13.7,45.1,22,17.0,22,44.4,5.43,1,2,10.0,Yes,57.7,55.8,Average,Medium
STU104095,18,Female,CSE,5,82.3,70.3,88.4,55.8,12,13.1,64.7,30,17.0,38,67.0,7.18,0,2,10.0,No,63.3,58.4,Average,Medium
STU104096,19,Female,MECH,8,68.3,35.4,61.5,43.5,10,6.4,71.6,22,16.0,34,61.2,6.13,1,6,9.0,Yes,53.0,44.8,Poor,High
STU104097,21,Male,CSE,5,70.7,75.3,83.3,64.6,12,20.2,58.8,25,19.0,40,58.1,6.93,0,3,8.0,No,69.3,67.8,Good,Low
STU104098,19,Female,ECE,7,73.3,64.9,81.5,73.0,11,13.7,64.6,26,17.0,32,75.1,6.69,0,1,7.0,No,66.8,68.7,Good,Low
STU104099,23,Male,AI&DS,2,78.8,67.3,77.8,70.6,15,13.9,74.8,25,22.0,58,74.1,7.27,2,2,15.0,No,85.1,71.0,Good,Low
STU104100,21,Female,IT,8,91.6,78.0,83.6,55.5,12,12.6,49.0,24,15.0,29,53.7,7.54,1,0,7.0,No,74.3,65.4,Good,Low
STU104101,23,Female,CSE,2,79.6,63.0,80.3,63.3,10,8.1,64.0,22,20.0,50,53.4,7.72,0,2,11.0,No,64.0,64.5,Average,Medium
STU104102,18,Female,IT,5,97.3,52.4,87.8,53.8,14,19.2,56.5,26,23.0,37,74.7,6.84,1,1,13.0,No,67.5,73.6,Good,Low
STU104103,18,Male,MECH,7,59.3,53.5,55.5,54.3,11,10.7,53.8,19,10.0,30,49.2,,1,4,6.0,No,58.0,36.4,Poor,High
STU104104,22,Male,AI&DS,4,85.9,81.9,91.3,57.9,14,21.3,71.7,24,18.0,36,79.8,8.87,0,1,14.0,No,77.3,78.8,Good,Low
STU104105,23,Male,IT,8,68.0,56.6,64.2,56.8,12,11.0,53.9,17,13.0,23,59.9,5.44,0,0,7.0,No,63.8,55.8,Average,Medium
STU104106,24,Female,ECE,6,72.9,82.2,81.6,71.0,13,15.8,60.3,32,22.0,38,81.8,7.01,0,0,18.0,No,75.3,74.1,Good,Low
STU104107,23,Male,MECH,8,60.5,42.3,66.8,29.3,9,4.1,40.6,6,4.0,1,30.7,4.0,3,4,2.0,Yes,36.4,33.4,Poor,High
STU104108,23,Male,CIVIL,5,88.0,70.6,60.9,80.2,15,18.5,92.4,26,20.0,47,68.9,8.85,1,0,18.0,No,85.8,59.7,Average,Medium
STU104109,18,Female,AI&DS,6,98.0,84.9,80.2,87.1,18,15.2,79.3,40,24.0,53,100.0,9.34,1,1,12.0,No,,83.8,Excellent,Low
STU104110,22,Male,CSE,2,83.8,70.3,77.7,66.6,15,15.7,81.3,33,23.0,38,84.4,7.56,1,0,12.0,No,82.8,73.5,Good,Low
STU104111,22,Male,IT,2,87.9,73.8,87.0,89.2,17,15.4,92.0,29,21.0,51,88.6,6.95,1,1,12.0,No,67.9,69.3,Good,Low
STU104112,20,Female,AI&DS,6,78.7,67.6,68.1,56.3,12,11.3,79.5,26,16.0,40,45.0,6.06,1,1,11.0,Yes,62.8,65.5,Good,Low
STU104113,24,Male,IT,4,75.5,63.2,72.2,49.7,14,11.6,55.9,18,15.0,14,61.6,6.13,1,0,10.0,No,62.4,61.4,Average,Medium
STU104114,24,Male,AI&DS,4,63.5,67.4,74.3,60.3,14,13.6,71.2,16,7.0,46,52.4,6.68,0,2,14.0,Yes,58.2,68.6,Good,Low
STU104115,23,Male,ECE,6,73.0,,76.0,61.9,10,10.5,36.5,17,17.0,37,49.4,5.86,2,1,9.0,No,59.3,49.0,Poor,High
STU104116,24,Female,ECE,4,65.3,60.5,60.2,54.5,12,17.2,24.1,16,8.0,12,51.8,6.14,1,4,9.0,No,68.1,56.6,Average,Medium
STU104117,21,Female,ECE,8,72.6,76.9,69.7,49.9,12,16.1,39.5,13,14.0,27,50.8,8.53,0,0,8.0,Yes,75.9,63.3,Average,Medium
STU104118,23,Male,IT,7,81.3,79.7,72.4,65.9,11,16.1,66.4,37,15.0,34,67.7,7.56,2,1,9.0,No,71.4,72.7,Good,Low
STU104119,18,Female,AI&DS,6,66.2,59.3,59.2,48.4,14,9.1,42.9,11,18.0,26,61.6,6.2,1,2,7.0,Yes,46.7,46.2,Poor,High
STU104120,19,Male,EEE,8,50.8,33.9,53.5,67.7,9,8.5,66.6,23,11.0,45,50.8,6.85,2,5,9.0,No,50.3,40.0,Poor,High
STU104121,22,Female,AI&DS,2,83.3,65.1,58.8,46.4,12,9.7,63.0,23,14.0,28,67.1,6.24,1,4,10.0,Yes,66.3,61.5,Average,Medium
STU104122,18,Male,CSE,3,65.8,63.2,62.5,67.5,14,12.6,75.4,29,21.0,21,78.9,6.91,1,4,4.0,No,76.2,60.7,Average,Medium
STU104123,23,Female,AI&DS,7,61.8,60.2,55.0,35.8,8,11.3,53.3,19,15.0,28,38.0,4.97,0,7,10.0,No,60.8,52.9,Average,Medium
STU104124,19,Female,EEE,7,67.9,53.5,74.5,65.9,14,17.9,60.7,25,19.0,35,61.4,7.21,1,0,10.0,No,65.9,67.4,Good,Low
STU104125,20,Female,EEE,6,86.6,87.3,89.4,83.6,13,15.4,70.0,24,16.0,32,78.9,7.79,2,0,15.0,No,82.2,86.4,Excellent,Low
STU104126,19,Male,AI&DS,3,70.2,46.2,68.0,51.3,10,14.7,82.0,31,13.0,38,57.4,6.8,2,4,9.0,No,58.1,51.2,Average,Medium
STU104127,21,Female,IT,4,76.1,78.0,100.0,82.7,15,14.6,86.6,30,25.0,39,100.0,7.82,0,0,15.0,No,95.8,80.3,Excellent,Low
STU104128,18,Male,AI&DS,6,85.6,62.0,72.3,54.8,9,14.6,69.0,26,17.0,50,83.7,7.53,3,4,11.0,No,57.0,64.8,Average,Medium
STU104129,23,Female,CIVIL,2,76.6,67.2,79.2,57.2,10,9.3,55.1,38,13.0,33,54.4,6.55,2,2,8.0,No,69.9,70.6,Good,Low
STU104130,24,Female,CSE,7,80.2,71.0,69.6,55.1,14,9.2,52.5,28,16.0,29,57.4,5.64,1,2,10.0,No,61.1,56.7,Average,Medium
STU104131,23,Female,MECH,4,61.8,73.3,79.8,58.3,9,12.2,59.6,20,24.0,37,69.3,8.37,2,2,11.0,Yes,60.1,51.8,Average,Medium
STU104132,19,Female,AI&DS,8,73.4,60.7,55.9,43.5,10,9.3,56.9,25,11.0,41,67.2,5.93,1,5,10.0,No,63.1,52.2,Average,Medium
STU104133,20,Female,ECE,5,79.5,80.8,75.2,55.5,12,11.0,71.8,29,15.0,33,73.6,6.8,1,3,10.0,No,76.5,73.1,Good,Low
STU104134,19,Female,CIVIL,4,,58.3,77.7,72.7,13,6.0,41.7,21,13.0,34,62.5,7.07,2,3,7.0,No,64.1,44.7,Poor,High
STU104135,22,Male,MECH,2,74.7,58.1,68.1,57.6,11,6.8,61.7,26,12.0,30,60.1,5.11,1,0,12.0,No,60.7,52.7,Average,Medium
STU104136,24,Male,AI&DS,7,55.6,64.6,60.0,60.1,6,9.2,55.0,24,14.0,24,53.1,4.99,1,2,10.0,Yes,62.2,53.4,Average,Medium
STU104137,24,Female,MECH,6,78.6,81.8,83.3,83.3,16,15.2,80.7,28,25.0,51,75.7,8.42,0,0,10.0,Yes,76.3,70.1,Good,Low
STU104138,24,Female,ECE,8,91.1,63.4,58.8,70.3,13,13.0,77.0,27,20.0,48,72.1,8.02,0,3,11.0,No,78.2,67.7,Good,Low
STU104139,22,Female,CSE,3,78.3,59.2,85.0,33.8,12,11.9,62.1,19,15.0,33,54.9,7.0,2,4,10.0,Yes,51.2,54.4,Average,Medium
STU104140,19,Female,MECH,3,68.7,65.0,65.6,52.5,9,10.3,51.0,20,11.0,25,47.2,6.46,1,2,2.0,Yes,58.0,64.3,Average,Medium
STU104141,20,Female,IT,3,78.5,67.7,72.5,57.4,11,13.2,56.4,32,23.0,35,66.3,6.38,2,2,10.0,No,62.3,57.2,Average,Medium
STU104142,20,Male,CSE,4,88.6,82.1,94.0,86.0,15,26.2,87.7,36,24.0,54,93.0,7.54,0,1,13.0,No,80.8,70.3,Good,Low
STU104143,18,Male,MECH,4,59.5,67.0,58.7,50.9,9,12.1,71.7,16,19.0,28,63.3,6.74,1,5,8.0,No,61.5,64.5,Average,Medium
STU104144,23,Female,CIVIL,7,70.4,57.3,58.4,44.9,12,10.9,75.9,35,12.0,27,64.6,8.24,1,3,11.0,Yes,62.9,56.2,Average,Medium
STU104145,22,Male,EEE,8,82.3,71.3,58.5,61.5,11,17.3,62.1,19,19.0,39,79.1,7.53,1,1,7.0,No,66.7,69.9,Good,Low
STU104146,24,Male,ECE,2,72.5,56.0,59.7,35.9,8,5.5,57.9,24,16.0,41,40.2,6.24,1,3,11.0,No,45.1,47.4,Poor,High
STU104147,23,Female,AI&DS,5,64.4,59.5,63.0,57.0,12,11.1,56.6,24,19.0,40,58.6,5.79,2,3,9.0,No,55.4,59.0,Average,Medium
STU104148,22,Male,CSE,6,75.3,74.2,67.6,78.8,10,17.0,39.5,16,19.0,25,56.8,8.55,0,3,7.0,No,74.3,72.6,Good,Low
STU104149,18,Male,AI&DS,3,59.3,50.6,51.7,57.3,9,12.5,69.5,25,13.0,36,60.1,6.6,1,2,11.0,Yes,58.5,48.3,Poor,High
STU104150,21,Female,EEE,4,,49.0,62.0,51.3,7,6.8,39.2,20,13.0,29,58.2,5.71,2,1,10.0,Yes,52.4,54.0,Average,Medium
STU104151,21,Male,AI&DS,7,61.6,56.9,66.3,59.6,6,13.2,51.4,24,10.0,28,61.0,5.98,1,0,9.0,Yes,59.4,48.3,Poor,High
STU104152,22,Female,ECE,5,75.8,84.0,89.8,70.2,17,22.3,64.6,27,22.0,43,71.6,6.68,0,0,15.0,No,82.3,52.4,Average,Medium
STU104153,21,Female,EEE,2,69.2,54.1,63.4,67.2,11,6.6,71.9,25,12.0,69,49.4,7.95,2,4,6.0,No,74.7,55.9,Average,Medium
STU104154,23,Female,CSE,4,68.9,43.8,66.0,48.6,11,13.0,62.6,30,9.0,43,66.2,5.24,2,3,10.0,Yes,45.4,41.9,Poor,High
STU104155,18,Female,MECH,4,58.2,40.5,63.5,42.5,10,10.4,37.9,14,6.0,20,37.9,5.33,1,5,3.0,Yes,45.2,24.7,Poor,High
STU104156,18,Male,EEE,3,75.4,61.9,79.4,57.2,19,10.8,67.8,20,16.0,45,68.8,5.71,1,0,15.0,No,64.5,69.2,Good,Low
STU104157,24,Male,EEE,2,62.7,74.5,78.5,66.4,10,14.8,60.8,29,13.0,35,67.1,6.15,0,3,11.0,Yes,57.5,58.5,Average,Medium
STU104158,21,Female,ECE,4,81.7,85.8,85.1,80.8,12,21.9,74.1,32,18.0,38,45.4,7.17,1,1,14.0,No,91.8,82.3,Excellent,Low
STU104159,23,Female,AI&DS,8,50.3,63.5,50.7,87.7,8,14.1,45.0,13,15.0,45,51.3,7.49,0,4,11.0,Yes,69.0,52.3,Average,Medium
STU104160,24,Male,EEE,8,65.9,68.4,72.1,77.6,13,17.2,73.5,23,15.0,51,50.4,7.63,2,2,13.0,No,69.1,63.0,Average,Medium
STU104161,18,Male,CIVIL,3,68.6,30.8,57.0,33.4,4,8.7,41.1,12,13.0,25,41.2,5.24,1,3,4.0,No,52.8,31.8,Poor,High
STU104162,22,Male,MECH,6,62.7,63.0,41.7,31.5,12,10.5,76.9,16,14.0,25,34.7,4.59,1,3,5.0,No,57.2,40.4,Poor,High
STU104163,19,Male,MECH,7,83.0,82.5,85.3,75.3,14,14.8,61.0,26,21.0,53,79.5,6.11,2,2,11.0,Yes,83.3,67.9,Good,Low
STU104164,19,Male,CSE,5,68.0,56.1,71.0,43.0,8,9.0,59.7,16,12.0,13,43.2,6.08,1,5,5.0,Yes,52.1,34.5,Poor,High
STU104165,19,Female,CIVIL,2,84.9,55.1,64.3,48.1,7,12.1,51.1,20,17.0,29,47.8,5.78,1,0,8.0,Yes,66.5,68.0,Good,Low
STU104166,23,Female,AI&DS,6,84.7,66.7,65.1,75.9,15,15.7,63.7,32,13.0,24,86.0,7.21,1,2,12.0,No,68.2,57.2,Average,Medium
STU104167,18,Female,AI&DS,3,77.6,51.9,61.1,45.9,10,5.2,69.2,32,,29,54.9,5.33,2,1,8.0,Yes,60.0,45.6,Poor,High
STU104168,22,Male,CSE,3,61.2,65.8,55.3,48.3,14,6.2,61.4,15,11.0,27,64.6,5.99,2,3,11.0,No,64.0,56.0,Average,Medium
STU104169,20,Male,CIVIL,3,64.2,67.5,68.3,50.9,9,15.3,52.0,20,14.0,43,41.3,6.97,1,3,8.0,No,66.5,56.8,Average,Medium
STU104170,19,Male,EEE,2,80.6,68.5,98.6,46.2,13,19.7,64.6,33,19.0,39,57.2,7.29,0,3,9.0,No,62.9,72.7,Good,Low
STU104171,19,Female,CIVIL,8,92.9,82.4,90.1,64.4,14,12.1,93.7,40,25.0,61,79.5,7.21,1,0,16.0,Yes,68.7,84.3,Excellent,Low
STU104172,20,Female,EEE,5,81.1,62.0,63.4,56.1,12,12.9,51.7,13,15.0,29,48.1,7.16,0,3,7.0,No,62.1,64.1,Average,Medium
STU104173,20,Male,IT,7,70.5,55.6,68.0,45.5,9,12.0,63.4,27,20.0,32,60.3,6.4,1,2,12.0,No,67.0,58.2,Average,Medium
STU104174,20,Female,EEE,2,73.0,59.7,83.5,50.1,12,13.7,50.3,26,14.0,29,54.4,6.66,3,3,8.0,Yes,56.0,51.0,Average,Medium
STU104175,21,Female,EEE,3,64.4,44.4,68.9,48.1,11,10.2,65.3,13,10.0,3,41.0,5.98,1,2,4.0,Yes,56.0,45.3,Poor,High
STU104176,24,Male,CSE,3,59.3,43.0,71.6,62.9,8,13.1,47.9,20,18.0,30,42.7,5.09,2,4,11.0,Yes,51.3,60.7,Average,Medium
STU104177,21,Female,MECH,2,76.3,67.6,66.9,55.7,13,9.9,64.3,29,13.0,37,65.1,7.54,1,1,6.0,No,70.1,64.2,Average,Medium
STU104178,19,Male,EEE,7,80.1,66.4,87.8,43.2,14,15.9,61.8,20,13.0,52,57.4,7.15,0,0,11.0,No,65.0,68.9,Good,Low
STU104179,22,Female,AI&DS,3,65.1,35.1,62.2,37.7,12,6.4,48.3,26,17.0,34,52.9,4.0,3,4,11.0,No,46.6,38.5,Poor,High
STU104180,23,Female,CSE,8,77.5,56.2,71.7,42.2,14,10.2,66.6,37,18.0,19,85.5,5.42,1,0,13.0,Yes,49.4,66.1,Good,Low
STU104181,22,Male,AI&DS,7,83.3,76.9,53.3,67.2,11,17.2,52.0,22,12.0,27,62.0,8.41,0,3,11.0,No,66.1,72.3,Good,Low
STU104182,21,Male,CSE,3,72.3,61.9,62.2,64.6,10,12.3,46.9,17,16.0,18,47.3,6.83,2,0,8.0,No,59.2,52.3,Average,Medium
STU104183,22,Female,EEE,3,64.6,50.3,57.4,41.3,8,8.8,58.4,25,6.0,33,54.3,6.17,2,3,13.0,Yes,51.6,54.5,Average,Medium
STU104184,24,Female,EEE,4,88.7,86.1,77.5,82.9,15,24.2,80.4,35,24.0,59,54.1,9.09,0,1,14.0,No,84.6,89.6,Excellent,Low
STU104185,18,Female,IT,5,85.6,78.9,81.7,44.3,14,14.1,73.4,29,14.0,30,65.9,6.79,0,1,10.0,No,59.1,52.2,Average,Medium
STU104186,24,Male,ECE,6,71.8,75.6,61.6,61.5,16,19.4,85.2,28,17.0,52,69.6,7.32,1,4,11.0,Yes,85.5,68.8,Good,Low
STU104187,24,Female,MECH,5,69.2,68.0,64.6,78.8,13,6.6,61.5,31,20.0,32,82.1,6.71,1,3,9.0,Yes,60.8,70.6,Good,Low
STU104188,24,Male,MECH,7,73.9,50.1,49.5,58.2,9,10.7,51.6,19,13.0,19,41.5,6.95,1,3,9.0,No,64.3,44.9,Poor,High
STU104189,21,Male,MECH,7,72.4,51.4,54.2,46.0,12,7.4,62.4,20,13.0,22,57.2,6.03,2,2,10.0,Yes,64.2,58.4,Average,Medium
STU104190,23,Male,AI&DS,3,70.1,72.0,70.4,68.6,13,15.1,70.9,30,18.0,38,65.1,8.66,1,2,9.0,Yes,69.2,59.2,Average,Medium
STU104191,18,Female,ECE,4,77.5,70.5,84.2,72.9,15,15.3,85.4,35,20.0,50,85.4,8.39,1,1,18.0,Yes,69.4,68.1,Good,Low
STU104192,20,Female,CSE,7,90.7,79.6,81.5,73.7,16,19.5,67.4,29,16.0,55,63.2,7.93,3,1,13.0,No,75.2,72.4,Good,Low
STU104193,24,Male,EEE,7,86.4,65.0,76.8,56.6,11,13.7,67.6,16,13.0,23,48.9,7.42,1,3,11.0,No,80.8,62.1,Average,Medium
STU104194,19,Female,AI&DS,8,67.4,50.4,72.7,49.2,12,5.9,60.1,30,12.0,22,85.0,5.28,1,2,8.0,Yes,55.0,53.4,Average,Medium
STU104195,23,Female,EEE,2,92.0,87.3,94.4,59.7,15,19.5,95.1,40,26.0,62,70.0,7.48,1,1,19.0,No,77.2,75.4,Good,Low
STU104196,20,Male,IT,2,65.5,56.7,44.0,57.4,9,5.8,59.4,17,20.0,25,65.1,5.85,1,7,2.0,No,57.7,37.9,Poor,High
STU104197,22,Male,MECH,5,77.0,67.2,81.2,56.1,16,19.4,74.9,31,19.0,35,73.1,5.74,0,2,12.0,No,56.0,66.5,Good,Low
STU104198,22,Male,AI&DS,3,53.9,47.0,69.6,47.0,13,4.8,58.2,24,10.0,24,48.7,5.56,1,2,9.0,Yes,59.0,52.0,Average,Medium
STU104199,24,Male,ECE,7,62.0,43.4,68.4,41.4,11,7.3,47.1,24,8.0,17,54.5,4.52,4,3,7.0,Yes,44.8,30.6,Poor,High
STU104200,20,Male,EEE,7,78.4,73.8,64.9,63.4,8,20.1,54.9,18,11.0,21,71.0,7.11,1,2,7.0,No,67.6,63.1,Average,Medium
STU104201,23,Female,CIVIL,5,79.6,60.2,83.5,48.7,8,10.9,70.7,19,12.0,27,61.3,5.47,2,2,14.0,Yes,60.0,56.7,Average,Medium
STU104202,21,Male,CIVIL,2,61.9,42.0,51.4,53.5,10,9.1,52.5,15,8.0,24,55.3,5.82,3,4,9.0,No,48.1,36.0,Poor,High
STU104203,20,Female,AI&DS,4,78.9,60.0,89.4,63.6,20,14.9,74.5,36,20.0,39,98.1,6.21,1,2,13.0,No,60.3,69.5,Good,Low
STU104204,18,Female,IT,3,86.1,88.9,90.0,92.4,12,19.3,55.8,19,16.0,49,74.7,6.87,1,0,8.0,No,72.7,82.1,Excellent,Low
STU104205,18,Male,CSE,4,83.8,81.9,87.6,75.7,14,15.2,79.7,39,16.0,42,55.6,8.52,1,3,11.0,No,82.4,65.7,Good,Low
STU104206,23,Male,AI&DS,7,73.9,48.5,57.3,61.0,14,14.0,65.9,31,22.0,39,53.9,5.36,0,2,8.0,No,57.9,57.8,Average,Medium
STU104207,18,Male,CSE,7,76.0,63.0,73.2,56.9,17,17.7,61.7,30,19.0,29,64.4,5.97,1,1,11.0,No,57.6,66.6,Good,Low
STU104208,18,Female,AI&DS,6,71.8,74.5,80.9,69.4,13,9.2,80.0,23,17.0,37,59.0,6.09,1,3,7.0,No,77.7,72.4,Good,Low
STU104209,19,Male,ECE,2,73.0,68.2,64.0,69.3,11,11.4,51.7,24,9.0,32,61.0,8.33,0,5,11.0,No,76.9,46.0,Poor,High
STU104210,20,Female,AI&DS,6,69.5,74.7,65.7,69.3,9,10.4,64.8,17,14.0,38,57.5,6.81,1,4,9.0,No,53.7,65.3,Good,Low
STU104211,19,Female,CSE,5,64.2,72.0,52.6,44.5,8,8.6,36.2,6,12.0,27,62.5,7.22,1,3,2.0,Yes,56.4,57.4,Average,Medium
STU104212,22,Female,CSE,6,75.6,56.6,67.3,59.4,14,16.1,71.7,27,12.0,30,57.2,,1,3,14.0,No,59.9,56.3,Average,Medium
STU104213,23,Female,IT,4,76.6,63.4,60.8,54.4,9,11.2,56.7,27,9.0,26,53.1,7.62,3,3,10.0,No,67.7,54.3,Average,Medium
STU104214,21,Female,MECH,5,73.7,68.7,75.8,53.2,13,12.5,46.2,36,20.0,31,50.0,6.24,2,1,9.0,Yes,60.9,53.2,Average,Medium
STU104215,22,Female,MECH,4,70.9,60.2,58.2,56.5,12,16.9,43.9,22,11.0,34,53.6,6.61,1,2,5.0,No,69.6,56.3,Average,Medium
STU104216,24,Female,CIVIL,7,89.5,85.3,87.4,86.3,12,12.2,64.0,27,17.0,39,60.2,8.36,1,0,8.0,Yes,73.7,82.6,Excellent,Low
STU104217,24,Male,MECH,4,91.6,69.2,52.3,75.4,14,17.0,67.8,31,14.0,39,71.5,7.95,0,6,11.0,No,74.1,76.1,Good,Low
STU104218,22,Female,CSE,8,70.9,53.8,63.5,55.8,16,13.2,73.7,22,14.0,39,59.2,6.56,0,2,12.0,No,49.5,65.5,Good,Low
STU104219,18,Female,IT,8,85.6,86.7,87.5,73.6,11,17.8,75.2,26,17.0,39,68.3,8.18,1,2,12.0,No,77.2,75.1,Good,Low
STU104220,23,Female,ECE,7,67.3,55.7,70.0,63.3,9,8.6,43.4,18,11.0,26,58.8,6.34,1,4,5.0,No,53.2,57.0,Average,Medium
STU104221,23,Female,ECE,5,74.6,100.0,77.3,71.5,16,,90.1,28,17.0,66,76.8,8.67,1,1,10.0,No,86.8,63.8,Average,Medium
STU104222,20,Male,IT,5,76.7,75.6,75.7,69.0,15,14.3,72.9,26,12.0,47,81.3,7.25,0,3,16.0,Yes,75.6,68.0,Good,Low
STU104223,19,Female,CSE,5,97.3,79.8,94.7,88.5,14,19.6,73.2,42,23.0,55,74.4,8.92,0,0,15.0,No,83.6,90.7,Excellent,Low
STU104224,18,Female,AI&DS,7,80.7,61.2,66.6,43.5,8,13.9,54.8,17,12.0,17,63.4,5.03,2,3,6.0,Yes,49.7,54.4,Average,Medium
STU104225,19,Female,CIVIL,8,78.6,55.5,50.6,43.8,9,7.5,56.9,25,10.0,37,45.8,6.26,2,2,8.0,Yes,63.2,44.5,Poor,High
STU104226,23,Male,ECE,7,75.4,70.6,54.4,61.2,9,9.3,41.8,14,11.0,21,58.0,6.73,0,2,10.0,No,66.9,50.7,Average,Medium
STU104227,24,Male,ECE,7,70.8,58.5,50.8,84.1,10,6.5,69.4,23,15.0,40,53.8,7.32,2,4,9.0,No,69.2,53.0,Average,Medium
STU104228,19,Male,IT,5,86.3,83.8,83.0,74.8,15,18.3,68.1,31,22.0,28,59.9,8.26,1,1,13.0,No,93.1,66.6,Good,Low
STU104229,20,Male,IT,3,71.3,65.4,65.0,45.4,12,13.7,44.5,20,4.0,18,53.3,5.47,1,4,11.0,Yes,69.1,61.9,Average,Medium
STU104230,23,Female,IT,4,73.1,78.0,68.0,73.8,10,11.4,68.0,20,15.0,32,78.5,7.27,1,1,13.0,No,75.7,52.6,Average,Medium
STU104231,18,Male,CSE,8,81.9,84.9,72.7,92.1,14,12.8,72.9,33,17.0,38,69.3,7.29,1,4,14.0,No,69.9,66.3,Good,Low
STU104232,24,Female,CIVIL,4,67.5,97.4,90.7,61.6,15,22.0,84.5,33,18.0,42,77.6,6.97,1,4,14.0,No,72.3,74.6,Good,Low
STU104233,18,Female,EEE,5,76.4,48.6,59.9,41.4,17,13.9,69.4,16,18.0,45,48.8,5.67,2,3,11.0,Yes,45.2,41.9,Poor,High
STU104234,19,Female,MECH,5,83.1,93.4,83.9,79.2,12,22.0,61.8,32,18.0,39,93.6,,1,3,14.0,No,91.5,86.7,Excellent,Low
STU104235,18,Female,CSE,4,65.9,75.5,62.5,78.5,13,16.6,63.4,26,16.0,52,52.0,6.72,2,3,11.0,No,81.2,60.0,Average,Medium
STU104236,23,Female,EEE,3,,64.7,58.7,55.8,15,16.3,41.2,23,13.0,28,64.1,7.95,1,1,10.0,No,62.4,62.0,Average,Medium
STU104237,20,Male,CSE,3,91.7,66.8,84.7,60.9,10,13.4,73.2,31,22.0,30,74.9,6.46,0,4,11.0,No,76.2,61.2,Average,Medium
STU104238,21,Male,IT,3,84.5,76.3,81.7,51.8,16,10.6,71.9,20,13.0,51,68.2,7.84,2,0,13.0,No,76.6,70.3,Good,Low
STU104239,21,Female,EEE,3,70.4,58.0,66.2,55.6,10,7.8,59.2,20,18.0,27,66.3,6.85,1,3,5.0,No,63.6,59.7,Average,Medium
STU104240,20,Male,EEE,2,95.3,55.2,80.5,64.9,11,15.4,63.9,31,16.0,45,80.4,6.44,0,1,9.0,Yes,73.7,74.3,Good,Low
STU104241,23,Male,AI&DS,8,78.6,70.4,76.7,66.9,12,16.1,68.4,18,13.0,30,40.0,6.05,0,4,12.0,No,85.0,65.7,Good,Low
STU104242,21,Female,ECE,2,75.2,59.3,83.6,64.9,14,11.3,59.4,32,22.0,27,86.8,6.05,1,2,15.0,Yes,64.2,63.9,Average,Medium
STU104243,23,Female,ECE,2,61.7,51.1,60.7,47.6,12,13.1,72.3,16,18.0,15,50.8,5.02,2,2,10.0,Yes,47.6,47.5,Poor,High
STU104244,22,Male,CIVIL,5,68.6,44.4,57.2,63.1,10,10.1,36.2,17,12.0,18,45.5,6.63,0,4,9.0,Yes,56.7,46.5,Poor,High
STU104245,22,Female,EEE,8,75.0,70.8,68.1,69.9,12,15.6,62.9,33,18.0,32,57.3,7.17,0,4,14.0,No,69.3,70.7,Good,Low
STU104246,24,Male,CSE,6,89.8,77.3,84.3,50.3,18,17.2,56.0,28,20.0,46,65.0,8.05,1,3,9.0,No,74.7,70.0,Good,Low
STU104247,21,Male,ECE,2,82.6,61.7,76.5,70.9,15,19.4,58.7,26,20.0,35,78.1,7.11,2,4,5.0,Yes,83.7,54.2,Average,Medium
STU104248,20,Male,AI&DS,6,86.0,72.7,78.2,74.3,16,16.3,78.0,27,22.0,41,72.7,6.45,2,1,10.0,No,77.4,64.0,Average,Medium
STU104249,23,Male,ECE,6,74.9,74.7,62.4,68.7,10,17.5,56.9,12,15.0,37,62.5,6.51,1,5,5.0,Yes,80.1,68.7,Good,Low
STU104250,22,Male,ECE,7,65.6,84.4,72.2,75.4,15,15.9,63.7,29,14.0,53,74.8,7.98,1,1,9.0,No,62.0,72.5,Good,Low
STU104251,21,Female,CSE,4,68.1,58.7,83.8,74.2,12,15.7,58.8,25,16.0,38,78.3,6.38,2,0,18.0,No,71.5,69.2,Good,Low
STU104252,20,Male,CSE,4,66.5,57.2,46.6,37.3,7,13.2,73.5,20,12.0,23,39.3,6.54,1,2,3.0,No,53.8,42.8,Poor,High
STU104253,24,Male,MECH,8,82.6,65.7,76.7,62.5,14,9.1,73.0,32,17.0,43,67.7,6.48,2,1,10.0,No,71.8,74.3,Good,Low
STU104254,19,Male,EEE,7,66.9,45.8,46.9,23.2,9,12.5,78.6,16,12.0,27,57.6,5.28,1,1,11.0,Yes,55.9,44.7,Poor,High
STU104255,18,Male,CSE,3,70.0,52.8,65.7,46.3,10,8.2,65.7,13,17.0,12,62.0,6.28,2,6,12.0,Yes,65.5,49.2,Poor,High
STU104256,22,Female,EEE,7,67.7,68.6,57.6,71.1,10,13.9,59.9,27,18.0,41,56.4,7.7,2,1,11.0,No,66.3,59.5,Average,Medium
STU104257,18,Male,ECE,8,52.4,44.4,54.7,39.7,6,10.7,41.8,23,10.0,20,35.1,4.0,1,4,1.0,No,51.0,32.6,Poor,High
STU104258,23,Female,CSE,6,78.9,65.4,82.0,80.4,18,15.4,92.1,34,20.0,36,84.0,7.67,0,0,12.0,Yes,78.4,77.5,Good,Low
STU104259,23,Male,CSE,6,92.7,80.3,99.3,100.0,18,18.3,75.7,31,23.0,50,88.7,7.04,1,2,14.0,No,86.3,79.4,Good,Low
STU104260,23,Male,AI&DS,7,77.2,82.6,57.7,51.5,10,14.6,71.7,37,15.0,24,52.0,5.42,2,2,9.0,No,71.0,52.4,Average,Medium
STU104261,19,Female,CIVIL,5,77.4,57.0,66.0,75.3,13,11.9,69.6,23,18.0,51,56.0,6.13,0,2,11.0,No,60.8,74.3,Good,Low
STU104262,24,Female,CSE,3,84.9,86.8,67.0,77.7,13,15.3,48.0,20,22.0,32,59.9,7.47,1,3,17.0,Yes,60.6,59.9,Average,Medium
STU104263,18,Female,IT,5,,64.3,60.9,58.0,10,9.3,45.8,30,12.0,35,61.8,6.0,0,2,10.0,Yes,64.8,45.4,Poor,High
STU104264,18,Male,EEE,5,80.5,78.7,79.7,75.9,10,19.1,66.8,24,21.0,55,79.9,8.38,1,3,11.0,Yes,74.0,61.9,Average,Medium
STU104265,20,Male,MECH,7,44.0,47.6,46.4,47.3,7,13.9,40.9,13,8.0,25,55.9,6.57,1,4,6.0,No,59.6,49.8,Poor,High
STU104266,21,Female,IT,7,67.5,66.3,72.0,64.8,12,8.2,55.4,30,19.0,46,52.2,6.97,1,0,5.0,Yes,64.3,54.6,Average,Medium
STU104267,22,Female,AI&DS,2,74.4,70.5,45.5,37.4,10,11.0,41.9,29,20.0,29,66.2,6.45,1,2,4.0,Yes,47.2,59.0,Average,Medium
STU104268,20,Male,EEE,2,80.2,74.7,64.3,62.3,7,11.8,56.7,21,21.0,37,69.8,6.14,0,6,14.0,No,67.5,63.0,Average,Medium
STU104269,24,Female,AI&DS,3,89.6,81.1,88.9,71.3,16,18.0,96.3,39,26.0,37,86.3,7.17,2,2,13.0,No,86.2,79.6,Good,Low
STU104270,23,Male,CSE,3,88.7,66.2,80.8,80.2,13,19.9,80.7,36,24.0,46,68.4,4.71,1,1,5.0,No,69.5,74.2,Good,Low
STU104271,19,Female,CIVIL,3,80.5,48.2,66.8,35.9,9,11.6,65.8,15,10.0,22,61.0,5.45,1,3,10.0,Yes,58.0,42.2,Poor,High
STU104272,18,Male,CSE,5,60.9,53.7,66.0,55.8,10,8.0,63.0,27,14.0,34,49.0,6.59,3,4,14.0,Yes,54.0,46.1,Poor,High
STU104273,22,Male,IT,7,81.8,74.8,78.9,70.6,11,10.8,66.3,19,14.0,25,37.5,6.99,1,2,13.0,No,78.9,65.7,Good,Low
STU104274,19,Male,CIVIL,4,93.1,85.1,100.0,76.8,18,22.4,73.3,32,26.0,49,86.6,7.53,0,4,15.0,No,69.7,87.8,Excellent,Low
STU104275,19,Female,EEE,5,75.8,65.2,69.8,61.9,11,11.7,61.9,26,13.0,40,54.9,6.42,2,4,9.0,No,77.8,51.0,Average,Medium
STU104276,23,Female,EEE,8,66.7,60.2,56.8,51.4,16,9.7,76.7,31,16.0,30,32.8,6.56,1,4,10.0,No,60.5,57.2,Average,Medium
STU104277,19,Female,CIVIL,7,83.7,88.1,84.9,62.2,14,16.9,72.6,30,20.0,30,68.0,6.98,2,3,10.0,No,71.3,72.1,Good,Low
STU104278,20,Female,CSE,7,64.2,61.4,60.2,70.0,8,13.5,37.9,22,12.0,22,62.1,7.01,1,2,7.0,No,68.8,61.0,Average,Medium
STU104279,24,Male,MECH,7,80.2,63.8,69.8,41.7,16,11.6,63.8,28,17.0,31,85.3,6.79,1,3,7.0,No,61.6,54.5,Average,Medium
STU104280,22,Male,CSE,2,85.1,37.8,62.2,,14,8.4,66.9,32,21.0,52,76.0,5.58,1,2,10.0,Yes,56.6,50.5,Average,Medium
STU104281,22,Female,CSE,7,86.5,84.1,70.7,55.0,13,20.6,58.8,31,19.0,45,63.3,7.14,1,1,10.0,No,70.0,72.0,Good,Low
STU104282,24,Male,AI&DS,5,66.8,43.3,54.7,42.3,6,8.0,44.8,29,9.0,12,59.8,4.68,2,5,2.0,Yes,45.1,53.2,Average,Medium
STU104283,23,Male,AI&DS,6,66.9,74.9,76.5,64.6,14,17.8,65.9,19,16.0,34,78.6,6.89,1,4,7.0,No,72.5,68.4,Good,Low
STU104284,21,Male,CSE,7,78.7,67.8,70.8,43.3,14,12.1,74.4,29,22.0,51,78.3,6.51,0,2,11.0,No,69.1,62.4,Average,Medium
STU104285,22,Male,MECH,2,,49.1,50.0,48.8,9,7.8,32.5,12,6.0,23,47.6,6.63,1,7,6.0,Yes,55.9,50.5,Average,Medium
STU104286,21,Male,EEE,6,91.5,80.1,81.2,67.3,17,16.7,88.8,36,17.0,36,86.1,7.78,1,2,12.0,No,77.9,78.4,Good,Low
STU104287,20,Female,IT,8,57.9,68.0,50.2,59.2,7,4.8,47.2,25,7.0,1,70.0,7.0,2,6,6.0,Yes,75.3,40.1,Poor,High
STU104288,24,Female,CIVIL,5,48.8,42.1,37.0,56.1,4,8.3,23.4,16,3.0,18,5.0,5.82,1,4,2.0,Yes,43.6,22.5,Poor,High
STU104289,22,Male,CIVIL,6,38.4,49.8,53.0,47.0,11,9.5,52.5,20,10.0,45,65.0,7.11,1,0,8.0,No,50.7,40.7,Poor,High
STU104290,23,Male,IT,2,70.7,58.0,77.4,73.2,18,14.6,75.7,37,23.0,41,78.8,7.5,2,0,13.0,No,61.0,65.2,Good,Low
STU104291,20,Female,CIVIL,7,67.6,58.3,70.5,47.5,12,12.0,38.7,20,12.0,34,55.7,6.02,2,3,6.0,Yes,52.3,49.0,Poor,High
STU104292,19,Female,CSE,8,67.1,62.7,63.3,42.3,14,9.6,56.3,24,17.0,45,67.7,4.42,1,1,14.0,Yes,41.8,52.9,Average,Medium
STU104293,18,Female,CSE,4,66.8,55.6,50.7,71.3,12,7.8,74.5,30,16.0,24,63.1,5.84,2,4,7.0,No,71.2,51.7,Average,Medium
STU104294,23,Male,ECE,4,85.1,85.7,76.1,69.6,16,12.9,69.3,16,19.0,35,74.3,8.27,2,2,11.0,No,66.9,70.6,Good,Low
STU104295,21,Female,AI&DS,5,86.8,47.9,57.5,73.8,14,8.2,61.3,24,16.0,33,61.0,6.54,1,1,9.0,Yes,56.6,56.0,Average,Medium
STU104296,21,Female,IT,3,67.8,61.7,74.7,76.1,14,14.9,58.3,15,15.0,32,58.7,6.78,1,3,9.0,No,69.9,56.2,Average,Medium
STU104297,18,Male,ECE,2,54.7,55.2,76.0,52.3,11,12.4,49.4,16,11.0,32,58.9,6.67,0,4,10.0,Yes,64.7,49.9,Poor,High
STU104298,23,Female,IT,2,66.3,71.2,70.3,57.4,12,7.1,56.2,23,18.0,35,56.5,6.18,1,1,11.0,Yes,71.0,55.8,Average,Medium
STU104299,19,Male,AI&DS,3,92.4,81.1,83.4,73.1,17,21.9,79.9,21,21.0,71,78.4,7.62,1,2,12.0,No,85.6,81.2,Excellent,Low
STU104300,22,Female,IT,7,83.2,65.8,74.4,58.7,11,16.9,68.9,34,21.0,43,76.6,5.5,1,5,10.0,Yes,57.9,63.9,Average,Medium
STU104301,20,Female,CSE,6,72.2,59.2,62.9,61.2,13,7.6,,35,8.0,30,60.8,6.59,1,3,9.0,No,66.8,52.0,Average,Medium
STU104302,19,Male,ECE,6,81.5,74.5,83.4,74.8,20,17.6,88.9,38,25.0,52,97.3,7.09,2,0,11.0,No,73.9,69.8,Good,Low
STU104303,19,Male,IT,2,65.0,72.9,71.9,54.6,12,10.6,57.7,29,15.0,24,53.8,5.64,2,1,10.0,Yes,48.1,52.4,Average,Medium
STU104304,23,Male,ECE,3,62.9,75.0,67.1,51.0,12,12.8,56.1,26,17.0,51,62.1,6.76,1,4,16.0,Yes,61.1,64.1,Average,Medium
STU104305,18,Female,MECH,8,68.3,72.2,66.0,52.0,12,13.2,41.0,31,14.0,22,63.9,8.33,3,2,19.0,No,68.4,47.3,Poor,High
STU104306,18,Female,AI&DS,5,70.9,70.5,59.0,60.4,16,14.5,67.0,28,17.0,43,72.6,7.94,1,4,14.0,No,63.5,63.7,Average,Medium
STU104307,20,Male,CIVIL,2,73.6,60.5,67.8,60.7,11,17.6,76.1,17,11.0,13,38.9,6.85,0,2,3.0,No,72.4,57.1,Average,Medium
STU104308,24,Other,EEE,8,86.5,87.6,74.8,93.6,15,19.4,98.4,33,23.0,54,84.0,9.45,0,1,17.0,No,93.2,78.9,Good,Low
STU104309,22,Male,CIVIL,5,97.2,54.7,77.1,60.6,13,17.1,79.9,36,15.0,40,86.3,5.99,0,2,11.0,No,63.5,74.2,Good,Low
STU104310,23,Male,ECE,5,70.5,41.5,59.6,38.8,16,13.0,46.5,25,17.0,6,52.8,4.3,2,3,8.0,No,45.4,38.6,Poor,High
STU104311,19,Male,EEE,6,81.9,56.3,75.9,57.5,13,12.8,68.1,39,17.0,30,69.3,6.62,2,3,12.0,Yes,56.5,71.7,Good,Low
STU104312,24,Female,ECE,4,68.2,66.5,70.1,68.7,9,9.3,51.6,18,10.0,38,42.3,6.25,0,3,13.0,No,67.8,64.9,Average,Medium
STU104313,18,Female,EEE,6,77.7,66.6,82.6,59.5,13,16.6,64.3,26,17.0,46,79.3,6.77,1,4,11.0,No,73.5,81.2,Excellent,Low
STU104314,18,Female,MECH,4,70.8,70.6,73.6,58.6,15,8.9,62.6,19,13.0,20,66.5,7.08,1,4,8.0,No,62.2,50.4,Average,Medium
STU104315,21,Female,CSE,4,66.0,67.6,58.0,57.9,12,9.7,70.5,28,14.0,28,51.5,6.34,1,2,5.0,No,69.2,56.1,Average,Medium
STU104316,21,Male,CIVIL,3,82.1,71.7,66.4,54.2,10,17.3,59.2,28,16.0,41,60.1,6.67,1,2,9.0,No,70.5,58.0,Average,Medium
STU104317,20,Male,AI&DS,3,69.5,63.5,80.5,56.0,17,9.0,61.0,18,13.0,44,48.6,6.55,0,3,12.0,No,61.0,59.7,Average,Medium
STU104318,19,Female,CSE,8,65.7,43.7,56.1,57.6,8,12.2,48.7,20,14.0,27,59.7,4.3,2,1,10.0,Yes,41.6,36.8,Poor,High
STU104319,20,Male,EEE,3,49.1,67.0,61.8,55.6,7,4.4,43.6,12,9.0,17,34.0,5.83,1,3,7.0,No,39.2,50.0,Poor,High
STU104320,20,Female,EEE,3,91.3,83.8,99.3,75.2,15,21.1,79.1,37,28.0,36,92.6,9.03,0,3,11.0,No,85.1,87.3,Excellent,Low
STU104321,22,Male,MECH,5,64.2,58.5,60.3,53.5,11,17.7,45.0,33,13.0,21,59.0,6.56,2,1,5.0,Yes,64.2,58.4,Average,Medium
STU104322,20,Male,IT,2,79.6,75.2,96.4,66.2,16,10.8,77.3,31,21.0,47,73.6,5.86,0,1,14.0,No,73.9,69.9,Good,Low
STU104323,19,Male,ECE,4,57.3,47.3,58.5,40.7,10,2.3,46.0,18,13.0,24,64.9,4.33,0,3,14.0,Yes,39.5,47.7,Poor,High
STU104324,22,Male,IT,2,58.7,52.8,48.2,59.1,14,13.0,59.3,20,20.0,46,52.7,5.34,0,4,8.0,No,58.1,38.0,Poor,High
STU104325,22,Other,EEE,3,69.8,,62.6,60.8,11,9.5,63.8,29,18.0,49,81.8,6.0,1,3,12.0,No,66.2,46.9,Poor,High
STU104326,21,Male,AI&DS,3,69.8,53.5,58.5,72.5,9,10.4,33.0,18,,27,56.3,5.72,0,3,7.0,Yes,,60.6,Average,Medium
STU104327,18,Female,MECH,8,86.9,92.3,81.6,83.2,16,18.4,62.5,27,27.0,26,76.1,7.11,2,2,15.0,No,77.5,78.8,Good,Low
STU104328,24,Male,CSE,4,83.9,74.2,76.4,74.1,20,17.2,84.1,39,23.0,45,77.4,7.41,1,0,15.0,No,63.9,81.4,Excellent,Low
STU104329,21,Female,IT,2,79.4,77.4,62.1,76.8,14,16.3,57.5,26,22.0,51,77.3,8.04,0,1,11.0,No,85.9,69.1,Good,Low
STU104330,19,Female,ECE,8,53.1,52.1,41.7,47.5,9,7.0,54.8,19,14.0,39,49.7,4.67,1,7,6.0,Yes,55.4,39.1,Poor,High
STU104331,23,Male,CSE,8,77.2,81.6,100.0,74.4,18,20.6,76.6,30,23.0,37,95.4,8.81,1,1,14.0,Yes,78.1,73.2,Good,Low
STU104332,20,Male,EEE,2,64.2,59.1,70.5,51.1,11,10.0,61.9,13,15.0,21,73.2,5.85,2,3,10.0,No,55.2,60.1,Average,Medium
STU104333,19,Male,CSE,2,86.5,97.6,94.0,64.0,16,17.3,63.1,36,15.0,45,69.1,8.96,0,0,11.0,No,69.7,76.9,Good,Low
STU104334,22,Female,CSE,3,89.8,88.8,80.3,64.9,15,17.6,71.1,35,18.0,54,83.5,7.76,1,2,15.0,No,77.2,72.4,Good,Low
STU104335,18,Male,CSE,3,85.4,,75.5,75.9,12,17.2,88.6,32,21.0,35,59.4,6.68,1,0,11.0,Yes,89.9,75.9,Good,Low
STU104336,19,Male,IT,5,69.7,62.8,57.5,45.7,8,9.3,52.6,17,16.0,27,60.1,5.41,2,2,14.0,Yes,55.0,57.0,Average,Medium
STU104337,22,Female,CSE,7,80.5,64.6,65.7,54.3,15,14.0,73.5,23,14.0,13,69.2,7.71,2,1,13.0,Yes,67.5,60.1,Average,Medium
STU104338,23,Female,ECE,8,76.7,54.2,78.6,48.8,12,10.9,60.3,24,17.0,29,58.6,7.44,2,2,11.0,Yes,66.3,56.9,Average,Medium
STU104339,24,Male,ECE,8,59.6,76.0,61.7,47.9,11,10.2,47.2,26,17.0,22,39.4,6.04,2,2,8.0,Yes,47.5,71.0,Good,Low
STU104340,22,Male,IT,8,56.8,57.7,70.7,62.9,14,15.9,64.4,31,20.0,38,77.2,5.19,1,4,13.0,No,63.0,45.8,Poor,High
STU104341,19,Female,IT,2,52.2,39.6,48.2,32.6,7,8.4,37.3,11,8.0,3,43.2,5.03,2,3,7.0,No,43.0,32.9,Poor,High
STU104342,22,Male,IT,8,70.1,72.3,70.9,65.7,10,16.0,50.5,26,14.0,36,45.5,6.82,0,2,4.0,No,76.6,66.0,Good,Low
STU104343,23,Female,ECE,6,80.7,53.4,70.4,64.3,13,10.5,81.9,29,13.0,44,72.8,5.71,1,2,12.0,No,62.9,67.2,Good,Low
STU104344,22,Male,ECE,2,63.4,54.8,69.0,54.1,9,10.2,45.2,17,17.0,26,61.7,5.63,1,6,12.0,Yes,63.0,39.9,Poor,High
STU104345,23,Other,CIVIL,8,54.0,47.3,44.3,38.3,4,11.1,26.0,9,15.0,31,54.0,5.72,1,7,0.0,No,37.3,48.1,Poor,High
STU104346,23,Female,CSE,6,86.4,56.6,93.9,55.1,15,15.4,66.0,27,20.0,44,69.7,5.86,1,1,16.0,No,60.7,61.5,Average,Medium
STU104347,21,Female,CSE,7,67.4,45.0,72.9,49.9,10,18.6,61.2,23,14.0,31,45.7,6.3,1,2,12.0,Yes,62.3,48.9,Poor,High
STU104348,24,Female,IT,6,68.7,43.6,61.5,42.8,7,8.4,39.9,13,14.0,17,63.7,4.41,1,3,5.0,No,50.8,52.2,Average,Medium
STU104349,22,Other,CSE,7,87.5,76.9,73.4,56.7,11,12.3,72.9,23,21.0,39,49.2,7.26,2,3,8.0,No,74.5,70.6,Good,Low
STU104350,18,Female,AI&DS,2,66.8,70.5,86.7,56.8,10,13.9,71.9,20,15.0,26,49.2,6.63,0,4,11.0,No,66.2,61.5,Average,Medium
STU104351,19,Female,CSE,5,83.0,53.6,69.3,55.8,12,9.8,45.6,19,10.0,24,60.6,6.5,1,2,3.0,No,65.7,62.4,Average,Medium
STU104352,21,Female,CSE,6,45.1,46.3,63.3,47.9,9,7.3,56.4,20,14.0,35,,5.49,2,4,8.0,Yes,57.2,44.4,Poor,High
STU104353,21,Male,IT,8,63.7,66.9,82.1,56.9,8,13.2,61.6,13,13.0,44,59.9,7.01,0,3,10.0,Yes,66.9,54.5,Average,Medium
STU104354,23,Female,CSE,6,60.4,58.5,61.7,48.3,6,7.4,45.6,29,14.0,24,52.6,4.54,2,3,10.0,No,56.2,46.8,Poor,High
STU104355,22,Female,ECE,3,57.0,62.3,47.3,39.5,9,14.8,49.6,20,14.0,29,60.1,6.25,1,3,7.0,No,45.4,38.8,Poor,High
STU104356,18,Female,AI&DS,6,69.2,59.1,67.9,65.7,13,14.0,57.2,26,13.0,24,71.4,5.89,2,2,9.0,No,55.6,64.3,Average,Medium
STU104357,21,Female,ECE,3,76.1,84.1,82.9,66.0,14,17.9,72.2,33,16.0,36,74.1,6.88,2,0,12.0,No,72.6,71.6,Good,Low
STU104358,21,Female,CIVIL,3,78.4,56.9,72.3,71.7,10,11.5,77.1,35,10.0,13,43.1,6.4,2,6,10.0,No,64.1,64.6,Average,Medium
STU104359,24,Female,EEE,6,80.4,51.9,62.9,36.4,12,15.4,63.0,27,16.0,40,59.5,6.92,2,5,11.0,No,54.3,55.7,Average,Medium
STU104360,22,Female,EEE,4,80.7,79.7,76.2,63.9,14,21.1,57.7,25,17.0,43,81.2,8.84,1,4,16.0,Yes,76.6,78.2,Good,Low
STU104361,19,Female,ECE,4,86.3,78.9,87.3,62.9,16,19.6,52.0,21,16.0,54,61.4,7.5,2,1,10.0,No,72.4,73.9,Good,Low
STU104362,19,Male,CSE,5,73.3,70.7,54.0,72.6,12,11.2,56.7,28,19.0,32,73.3,6.94,0,2,14.0,No,70.4,63.1,Average,Medium
STU104363,20,Male,ECE,3,66.2,69.4,49.4,51.9,6,12.1,40.4,13,14.0,19,47.5,5.7,1,5,10.0,Yes,66.6,38.3,Poor,High
STU104364,20,Female,IT,2,76.2,59.4,65.5,53.8,13,9.8,76.4,34,13.0,41,69.4,5.95,2,1,8.0,No,53.7,57.0,Average,Medium
STU104365,18,Male,CIVIL,5,65.0,46.9,74.3,39.5,11,16.8,37.4,16,16.0,43,65.6,4.66,2,6,6.0,Yes,54.7,57.6,Average,Medium
STU104366,23,Female,CSE,3,67.7,71.0,57.2,70.8,15,14.6,70.2,25,17.0,37,69.8,8.15,1,3,6.0,Yes,68.8,56.3,Average,Medium
STU104367,18,Female,CIVIL,7,80.8,63.2,74.9,78.8,12,19.0,71.5,17,14.0,27,65.9,6.48,0,5,5.0,No,76.7,67.6,Good,Low
STU104368,18,Male,CIVIL,6,66.0,64.5,76.9,52.2,16,13.8,65.0,36,14.0,34,60.1,7.15,2,0,7.0,No,70.9,50.6,Average,Medium
STU104369,18,Female,CIVIL,8,66.8,60.0,63.8,66.9,7,15.0,41.4,27,10.0,25,56.8,7.12,1,2,6.0,No,64.4,58.4,Average,Medium
STU104370,18,Female,CIVIL,3,63.2,68.1,64.9,62.3,14,15.2,75.0,25,23.0,51,83.2,8.12,1,4,13.0,No,70.1,60.0,Average,Medium
STU104371,21,Other,IT,7,54.1,50.4,48.9,37.2,6,10.2,37.4,10,5.0,18,29.8,5.71,1,4,2.0,No,52.4,37.3,Poor,High
STU104372,23,Male,CSE,2,54.9,56.2,46.4,42.3,6,10.9,59.1,15,15.0,37,50.6,6.05,1,4,5.0,Yes,58.7,44.4,Poor,High
STU104373,24,Male,AI&DS,6,69.0,62.9,62.3,56.5,8,15.0,64.2,14,16.0,28,47.6,5.21,3,3,13.0,No,76.6,62.9,Average,Medium
STU104374,23,Female,IT,3,74.5,72.5,65.8,87.5,12,17.9,69.4,27,19.0,52,63.6,9.1,1,0,14.0,No,76.8,66.3,Good,Low
STU104375,22,Female,EEE,7,83.3,72.4,83.6,64.9,12,14.3,70.0,29,14.0,36,61.0,7.73,0,0,11.0,Yes,74.0,66.8,Good,Low
STU104376,22,Female,MECH,2,56.4,26.1,51.1,43.5,8,7.7,51.8,20,19.0,30,45.2,4.0,2,7,13.0,Yes,49.6,35.0,Poor,High
STU104377,20,Female,AI&DS,2,64.6,42.5,55.1,47.0,8,9.4,53.6,23,15.0,32,70.3,6.04,2,0,8.0,Yes,49.6,53.2,Average,Medium
STU104378,20,Male,CSE,3,74.1,69.7,79.6,65.2,11,10.3,75.4,26,15.0,38,69.6,6.5,1,2,10.0,No,68.4,72.5,Good,Low
STU104379,24,Male,IT,4,72.1,67.7,71.8,67.2,12,13.7,61.3,25,17.0,30,93.8,6.4,1,3,13.0,No,69.5,64.1,Average,Medium
STU104380,18,Female,AI&DS,7,66.4,57.4,65.4,34.8,9,7.7,55.9,21,12.0,32,53.9,6.63,3,2,9.0,Yes,52.9,35.8,Poor,High
STU104381,23,Male,EEE,3,86.0,96.2,89.4,69.9,16,18.7,83.1,39,20.0,38,,8.24,0,2,14.0,No,76.5,79.4,Good,Low
STU104382,23,Female,AI&DS,7,74.4,70.6,75.4,56.3,10,13.6,47.2,21,15.0,40,67.2,5.62,1,5,7.0,No,65.4,54.8,Average,Medium
STU104383,18,Female,IT,5,65.6,70.2,79.6,60.9,12,8.2,65.6,24,17.0,45,73.3,7.18,2,3,11.0,Yes,83.6,57.9,Average,Medium
STU104384,19,Female,AI&DS,2,55.8,61.9,65.1,52.9,10,9.4,66.8,15,9.0,47,63.5,5.64,2,4,8.0,Yes,60.7,47.8,Poor,High
STU104385,20,Female,IT,8,96.8,67.9,65.3,66.1,14,19.1,79.3,37,14.0,46,63.5,7.07,1,0,9.0,No,81.7,67.7,Good,Low
STU104386,24,Male,AI&DS,5,81.6,52.2,78.4,55.1,12,13.5,74.0,38,19.0,19,67.2,5.79,2,1,10.0,No,60.1,62.1,Average,Medium
STU104387,21,Male,IT,7,63.3,57.4,46.3,58.7,17,5.8,66.1,28,11.0,31,71.0,5.28,1,2,9.0,Yes,53.6,47.9,Poor,High
STU104388,23,Female,AI&DS,2,68.5,65.1,53.4,68.8,8,13.1,62.9,27,22.0,42,64.7,7.58,0,4,9.0,Yes,67.6,53.9,Average,Medium
STU104389,22,Female,IT,5,78.9,51.8,78.8,39.8,14,,61.6,26,17.0,30,80.0,6.12,2,5,10.0,Yes,49.2,48.3,Poor,High
STU104390,18,Female,EEE,3,91.2,75.8,79.3,55.5,16,17.4,69.8,23,21.0,46,59.8,8.35,2,2,11.0,No,80.9,62.7,Average,Medium
STU104391,22,Male,CSE,5,73.2,63.8,82.3,48.8,12,13.8,65.0,20,12.0,15,63.0,6.23,3,0,5.0,No,71.7,60.5,Average,Medium
STU104392,22,Female,AI&DS,7,84.7,85.9,79.1,84.6,16,16.3,73.6,26,26.0,32,100.0,7.72,0,0,12.0,No,100.0,88.2,Excellent,Low
STU104393,24,Male,CIVIL,7,69.4,46.0,65.2,23.1,7,13.0,40.7,15,10.0,15,61.7,7.31,1,3,9.0,No,39.2,45.7,Poor,High
STU104394,24,Male,MECH,8,78.0,57.5,72.2,59.4,15,9.2,66.8,20,20.0,46,68.3,6.22,0,3,10.0,Yes,65.8,56.8,Average,Medium
STU104395,22,Other,AI&DS,3,68.2,49.2,74.0,38.0,5,12.2,40.1,20,10.0,27,44.8,5.6,2,1,6.0,Yes,57.8,37.4,Poor,High
STU104396,24,Male,CSE,3,70.3,54.6,80.0,67.6,9,13.4,50.2,23,10.0,27,48.6,6.04,2,2,8.0,No,53.9,52.3,Average,Medium
STU104397,18,Male,CIVIL,7,58.6,58.3,52.4,47.4,7,15.7,47.8,12,9.0,29,27.1,6.74,0,2,5.0,Yes,55.4,58.8,Average,Medium
STU104398,22,Male,EEE,7,67.6,52.4,60.5,31.0,8,10.1,52.8,27,14.0,21,61.3,5.92,1,3,6.0,Yes,38.5,47.9,Poor,High
STU104399,22,Female,MECH,4,78.2,51.3,64.0,40.2,7,6.8,53.5,19,11.0,33,52.8,6.18,3,0,8.0,Yes,46.4,54.6,Average,Medium
STU104400,19,Male,ECE,4,64.7,52.4,79.9,45.2,8,11.5,58.8,16,17.0,17,42.7,5.41,3,4,9.0,Yes,48.4,40.9,Poor,High
STU104401,21,Male,AI&DS,3,100.0,47.8,75.2,65.4,10,15.1,75.7,33,16.0,38,90.3,7.39,2,1,16.0,No,70.8,66.6,Good,Low
STU104402,22,Male,AI&DS,7,79.8,71.9,71.4,43.5,14,14.8,72.8,29,15.0,29,64.9,7.09,1,2,13.0,No,73.6,58.2,Average,Medium
STU104403,20,Female,CSE,2,48.1,78.9,47.5,51.8,6,12.7,43.7,3,6.0,19,44.5,4.86,3,4,7.0,Yes,67.1,45.6,Poor,High
STU104404,22,Male,IT,5,92.3,74.8,85.7,77.4,16,15.3,64.2,35,22.0,52,82.9,8.28,1,2,15.0,No,70.5,84.0,Excellent,Low
STU104405,23,Female,AI&DS,4,82.8,59.9,73.9,53.3,13,10.7,64.4,22,18.0,35,72.0,7.5,1,4,11.0,No,65.8,63.7,Average,Medium
STU104406,22,Female,ECE,5,80.3,69.2,66.0,73.6,13,20.3,56.8,24,14.0,53,74.3,8.44,0,2,10.0,Yes,69.5,75.4,Good,Low
STU104407,20,Female,AI&DS,8,66.4,48.6,67.8,54.6,9,12.1,49.5,20,16.0,22,47.3,4.65,0,6,6.0,Yes,50.3,45.8,Poor,High
STU104408,19,Male,AI&DS,7,64.8,80.0,57.9,67.3,13,11.1,55.4,16,18.0,16,48.0,8.05,2,4,12.0,Yes,80.4,54.0,Average,Medium
STU104409,22,Female,MECH,8,71.6,62.0,79.3,59.1,10,7.5,62.6,21,14.0,32,57.6,5.61,3,0,13.0,No,66.6,49.9,Poor,High
STU104410,24,Male,MECH,6,46.2,52.8,59.1,42.2,7,4.2,32.9,19,9.0,37,46.2,4.0,2,2,5.0,No,55.4,37.5,Poor,High
STU104411,21,Male,CIVIL,4,88.9,88.0,77.6,95.1,16,14.0,78.5,30,23.0,43,88.7,6.78,1,0,13.0,No,95.5,86.9,Excellent,Low
STU104412,21,Female,CSE,8,58.2,67.5,33.0,38.9,12,9.2,50.3,18,10.0,36,44.8,6.84,1,2,7.0,Yes,53.4,33.6,Poor,High
STU104413,24,Male,IT,5,85.0,81.1,69.7,53.1,10,16.3,67.1,24,16.0,31,63.7,6.65,1,2,12.0,No,69.3,74.8,Good,Low
STU104414,20,Male,IT,4,64.5,46.2,63.6,61.3,12,6.5,57.2,24,12.0,22,66.7,5.42,1,2,9.0,No,73.2,50.5,Average,Medium
STU104415,23,Male,IT,7,64.7,67.9,60.3,41.9,7,10.0,55.1,22,10.0,21,37.0,6.08,2,3,8.0,No,65.1,38.4,Poor,High
STU104416,19,Male,CSE,8,66.0,49.5,55.8,54.3,7,5.2,40.8,10,4.0,24,44.7,6.59,3,3,6.0,Yes,50.9,43.4,Poor,High
STU104417,19,Male,ECE,5,88.4,89.5,72.4,74.5,14,15.0,83.0,26,19.0,54,70.0,8.17,1,5,10.0,No,90.0,70.6,Good,Low
STU104418,19,Male,IT,7,89.5,63.0,85.8,54.5,14,22.7,73.9,25,20.0,56,73.3,6.02,1,2,14.0,No,67.1,76.3,Good,Low
STU104419,18,Female,MECH,5,61.3,58.2,63.2,72.2,11,17.7,84.9,22,19.0,45,48.5,6.43,2,0,7.0,No,79.0,52.3,Average,Medium
STU104420,21,Male,CSE,5,67.9,75.9,81.6,84.9,12,18.0,65.5,36,23.0,47,48.1,6.79,0,3,16.0,Yes,72.3,57.2,Average,Medium
STU104421,20,Male,IT,5,77.8,79.1,76.1,66.8,8,13.9,59.7,15,11.0,26,50.0,7.17,0,2,10.0,No,72.6,57.2,Average,Medium
STU104422,19,Female,CIVIL,5,80.8,60.0,85.4,67.7,15,13.0,87.7,37,16.0,51,76.8,7.56,0,0,17.0,Yes,82.2,67.3,Good,Low
STU104423,23,Female,CIVIL,8,66.3,46.8,67.1,56.5,13,8.9,51.8,15,14.0,38,58.5,5.12,1,2,9.0,Yes,52.5,50.7,Average,Medium
STU104424,21,Female,ECE,8,69.0,48.0,60.3,35.3,10,6.0,,23,17.0,23,47.6,5.22,1,3,7.0,No,39.1,44.4,Poor,High
STU104425,19,Male,EEE,7,68.6,61.0,60.8,55.7,10,12.2,44.2,23,,25,68.9,6.27,2,3,4.0,No,77.6,47.0,Poor,High
STU104426,19,Male,MECH,6,67.1,65.5,69.0,54.6,16,13.9,97.4,36,15.0,45,78.3,7.28,2,0,10.0,No,81.7,55.9,Average,Medium
STU104427,23,Male,AI&DS,2,73.5,72.2,71.9,64.0,7,12.4,50.8,8,12.0,21,49.1,6.13,2,5,8.0,No,64.3,61.1,Average,Medium
STU104428,19,Female,CIVIL,4,54.4,41.5,54.7,44.5,12,2.6,64.5,15,17.0,29,50.2,6.33,3,5,6.0,Yes,53.6,45.5,Poor,High
STU104429,20,Female,AI&DS,2,87.4,68.1,74.4,60.1,14,14.3,67.8,39,18.0,23,73.3,6.64,2,3,11.0,Yes,81.5,63.7,Average,Medium
STU104430,18,Male,CSE,2,64.9,38.8,60.9,58.1,10,8.5,39.0,20,14.0,33,53.4,5.22,2,3,5.0,No,55.7,54.5,Average,Medium
STU104431,23,Male,CIVIL,6,84.3,62.2,62.5,42.8,12,9.7,49.7,24,13.0,31,60.3,6.83,1,2,8.0,Yes,52.2,53.2,Average,Medium
STU104432,20,Male,AI&DS,4,74.8,39.1,61.1,48.2,10,9.4,52.2,14,16.0,24,67.3,4.16,2,5,5.0,No,44.6,35.3,Poor,High
STU104433,22,Male,CSE,2,97.0,83.2,78.0,66.4,14,14.0,75.5,26,21.0,48,64.5,6.1,2,2,14.0,No,86.9,64.8,Average,Medium
STU104434,20,Male,CIVIL,3,79.5,74.1,52.4,61.4,11,14.1,47.6,26,15.0,27,50.0,6.44,1,4,8.0,No,64.1,51.8,Average,Medium
STU104435,23,Other,CIVIL,2,85.2,85.1,75.3,88.6,15,20.6,76.1,34,21.0,61,82.6,8.88,1,2,11.0,No,87.3,80.5,Excellent,Low
STU104436,20,Male,CIVIL,2,70.5,79.4,67.3,74.0,11,11.5,63.3,41,13.0,48,53.6,6.95,0,2,13.0,No,73.1,63.4,Average,Medium
STU104437,24,Male,AI&DS,5,77.3,61.0,92.9,61.2,13,14.5,60.9,28,19.0,40,63.4,5.96,1,4,13.0,No,65.8,55.3,Average,Medium
STU104438,23,Female,EEE,6,84.0,78.8,64.0,58.9,14,16.4,62.1,31,19.0,45,85.5,8.63,1,3,9.0,No,87.3,62.5,Average,Medium
STU104439,21,Male,CSE,7,64.3,49.3,62.2,49.0,7,13.1,39.1,23,9.0,51,60.4,4.28,1,5,3.0,Yes,54.1,44.0,Poor,High
STU104440,21,Other,CSE,4,80.4,62.6,90.6,59.9,12,14.9,79.3,32,18.0,51,76.9,6.31,2,1,13.0,No,68.3,68.7,Good,Low
STU104441,22,Male,AI&DS,7,71.4,69.7,80.9,64.1,7,13.5,44.7,26,15.0,24,55.5,6.14,0,0,11.0,No,66.1,68.3,Good,Low
STU104442,22,Female,ECE,2,57.9,39.8,50.3,43.7,8,4.7,45.9,24,6.0,24,40.1,5.27,2,4,6.0,No,46.9,43.4,Poor,High
STU104443,22,Male,EEE,2,76.3,50.5,74.9,64.1,17,14.1,81.4,32,19.0,29,84.8,6.07,1,1,15.0,No,69.7,62.4,Average,Medium
STU104444,18,Male,CSE,4,66.8,49.3,71.7,40.0,18,6.9,67.1,21,16.0,38,70.6,5.58,1,6,9.0,No,38.9,62.0,Average,Medium
STU104445,19,Female,IT,6,74.0,79.7,80.7,53.7,10,10.4,43.9,25,13.0,24,47.0,6.1,0,0,10.0,No,68.0,76.4,Good,Low
STU104446,21,Female,IT,2,60.9,50.8,62.0,40.9,11,7.9,,23,11.0,36,50.3,4.72,1,7,7.0,Yes,47.8,43.2,Poor,High
STU104447,21,Male,CSE,2,63.3,61.9,71.0,62.4,11,6.4,63.8,20,9.0,40,44.5,6.26,0,3,5.0,Yes,68.3,54.5,Average,Medium
STU104448,18,Male,CIVIL,6,66.8,64.1,78.5,56.5,12,9.7,69.4,34,16.0,32,72.6,6.51,0,4,10.0,No,65.7,68.6,Good,Low
STU104449,19,Male,EEE,4,92.6,68.4,88.1,91.0,15,17.1,76.2,27,16.0,47,66.4,7.51,1,4,9.0,Yes,79.2,71.6,Good,Low
STU104450,21,Male,ECE,4,61.5,56.6,57.8,60.6,9,20.3,53.2,18,13.0,38,58.8,5.82,0,6,6.0,Yes,56.6,55.1,Average,Medium
STU104451,21,Female,ECE,4,,56.4,64.2,48.8,9,8.2,54.9,10,10.0,32,58.6,6.16,1,4,2.0,No,54.1,38.7,Poor,High
STU104452,22,Female,MECH,8,64.8,61.4,50.2,57.5,8,12.7,72.6,9,9.0,23,68.3,5.12,2,4,8.0,Yes,57.1,46.2,Poor,High
STU104453,18,Female,CSE,2,59.4,51.3,78.9,48.8,12,7.8,34.4,17,8.0,37,58.1,5.48,1,5,3.0,No,54.6,50.9,Average,Medium
STU104454,23,Male,EEE,6,78.0,82.8,85.1,88.0,18,16.8,87.0,38,25.0,29,100.0,6.62,2,2,14.0,No,83.4,75.7,Good,Low
STU104455,20,Female,AI&DS,7,71.2,64.6,70.7,67.5,10,11.3,66.9,23,15.0,22,51.9,7.47,0,3,10.0,Yes,72.0,64.0,Average,Medium
STU104456,21,Female,CSE,7,84.6,74.9,87.5,78.6,15,14.4,73.6,38,20.0,46,59.7,9.65,0,3,9.0,No,73.9,72.3,Good,Low
STU104457,24,Male,EEE,2,56.3,56.2,76.1,41.0,11,16.3,61.3,13,11.0,21,54.0,5.64,0,1,9.0,Yes,57.5,48.1,Poor,High
STU104458,20,Male,AI&DS,4,84.6,60.2,73.3,60.3,11,9.6,78.5,28,12.0,39,55.6,6.12,0,3,12.0,No,58.7,60.4,Average,Medium
STU104459,20,Female,MECH,8,76.8,59.7,52.4,71.8,13,16.2,61.9,19,19.0,21,84.8,6.43,0,1,8.0,No,76.3,72.5,Good,Low
STU104460,19,Female,EEE,7,79.5,63.7,66.7,58.2,13,12.5,56.9,20,16.0,25,71.4,6.82,1,2,11.0,No,63.2,60.7,Average,Medium
STU104461,22,Male,AI&DS,8,80.7,68.0,71.3,54.2,12,11.1,43.3,21,18.0,26,54.5,7.43,0,4,10.0,No,71.0,57.8,Average,Medium
STU104462,24,Female,IT,7,68.5,65.0,64.1,66.0,14,11.6,77.3,20,9.0,20,47.3,6.02,1,0,9.0,No,65.3,51.3,Average,Medium
STU104463,21,Female,AI&DS,2,82.8,80.2,72.6,72.7,16,20.5,49.6,28,26.0,44,70.3,7.92,0,0,12.0,No,79.5,78.8,Good,Low
STU104464,19,Female,MECH,8,91.2,63.7,86.9,44.8,16,11.8,91.6,30,26.0,36,85.3,6.13,1,1,11.0,Yes,70.8,70.8,Good,Low
STU104465,24,Other,AI&DS,7,82.1,78.5,72.7,73.0,16,16.0,81.0,37,28.0,41,61.8,7.69,0,0,13.0,Yes,76.6,69.1,Good,Low
STU104466,18,Male,CSE,6,74.0,81.5,72.6,75.2,15,16.8,51.9,31,16.0,35,64.5,6.78,2,3,10.0,No,90.6,63.3,Average,Medium
STU104467,20,Male,IT,2,70.4,48.9,70.4,38.9,9,13.7,76.6,22,14.0,31,58.1,6.36,1,2,8.0,Yes,51.2,56.9,Average,Medium
STU104468,18,Female,IT,8,80.0,62.1,66.3,59.4,8,18.8,59.5,17,13.0,10,71.0,5.67,0,3,4.0,No,62.9,55.2,Average,Medium
STU104469,18,Female,AI&DS,8,98.0,87.4,91.3,75.0,18,23.7,88.4,35,19.0,60,89.1,9.09,0,3,16.0,No,91.8,73.4,Good,Low
STU104470,24,Male,AI&DS,8,69.4,58.0,65.7,50.7,12,9.4,53.4,30,18.0,27,75.3,5.88,1,0,9.0,No,53.0,55.2,Average,Medium
STU104471,18,Female,MECH,4,74.6,70.8,67.6,57.2,16,17.7,75.0,18,16.0,37,66.8,6.89,0,5,11.0,No,64.7,59.3,Average,Medium
STU104472,24,Female,AI&DS,8,84.0,54.0,84.4,64.5,17,6.7,86.8,32,19.0,35,77.1,5.31,2,2,9.0,No,70.0,60.2,Average,Medium
STU104473,21,Male,IT,2,86.8,77.7,71.8,87.2,19,20.8,77.9,30,20.0,51,69.2,8.52,1,2,17.0,No,95.1,69.8,Good,Low
STU104474,20,Male,CSE,6,88.2,82.7,80.3,58.5,18,15.2,96.8,31,21.0,48,69.2,6.63,1,3,13.0,Yes,71.1,70.7,Good,Low
STU104475,24,Male,CSE,7,86.3,57.5,59.1,35.2,12,13.8,65.0,24,20.0,48,65.9,6.39,2,3,5.0,Yes,60.5,51.0,Average,Medium
STU104476,18,Male,CSE,3,65.1,59.0,79.4,50.8,8,19.7,66.2,25,14.0,24,58.1,6.01,0,3,10.0,No,66.5,63.0,Average,Medium
STU104477,22,Female,AI&DS,8,94.5,76.3,77.1,63.7,13,10.0,62.1,17,15.0,47,52.7,8.06,2,1,12.0,No,74.7,59.6,Average,Medium
STU104478,23,Male,IT,6,65.9,66.0,83.8,33.2,9,,68.4,19,17.0,42,63.1,7.95,0,3,6.0,Yes,47.6,57.8,Average,Medium
STU104479,20,Female,EEE,3,81.0,74.6,80.9,63.7,12,18.7,82.0,29,22.0,42,65.8,7.86,1,3,13.0,Yes,73.7,63.0,Average,Medium
STU104480,20,Male,CSE,8,83.2,72.2,88.7,70.7,14,16.8,59.0,26,17.0,42,78.4,6.91,1,4,4.0,No,75.7,67.7,Good,Low
STU104481,18,Female,CSE,2,63.4,69.0,77.4,68.2,10,9.8,55.7,17,16.0,59,60.2,6.27,2,4,14.0,No,67.1,56.8,Average,Medium
STU104482,18,Male,AI&DS,8,55.3,58.6,50.2,41.2,7,10.8,48.2,22,8.0,16,22.9,5.97,2,0,7.0,No,46.0,45.5,Poor,High
STU104483,18,Female,EEE,8,83.0,71.6,77.6,67.7,13,11.6,79.5,38,15.0,45,82.9,6.82,2,4,15.0,Yes,89.3,60.1,Average,Medium
STU104484,21,Male,EEE,8,71.5,59.9,72.9,54.0,14,16.5,69.5,25,19.0,28,87.2,7.23,2,2,13.0,No,65.0,60.3,Average,Medium
STU104485,21,Female,CSE,4,79.7,62.8,73.0,51.4,10,9.0,46.4,20,11.0,32,52.9,6.63,1,4,3.0,No,61.7,61.5,Average,Medium
STU104486,20,Male,CIVIL,5,,68.5,83.0,47.1,13,11.3,60.6,29,16.0,38,60.7,8.05,0,3,7.0,Yes,67.0,64.9,Average,Medium
STU104487,22,Female,EEE,7,100.0,100.0,100.0,75.4,18,20.9,74.0,36,23.0,43,80.2,7.85,1,0,12.0,No,86.2,85.4,Excellent,Low
STU104488,20,Male,IT,7,65.2,53.4,68.9,44.7,5,7.4,40.7,14,14.0,16,64.5,5.42,2,0,4.0,Yes,53.5,46.9,Poor,High
STU104489,23,Male,EEE,3,75.8,62.5,78.5,54.8,14,13.7,44.0,28,14.0,32,58.8,6.89,2,0,10.0,Yes,52.5,59.7,Average,Medium
STU104490,22,Female,AI&DS,5,77.1,60.9,79.1,,10,10.6,65.4,32,18.0,41,52.1,6.49,1,2,8.0,Yes,61.9,45.6,Poor,High
STU104491,24,Male,CSE,4,91.7,71.4,86.4,89.4,15,19.5,94.5,35,20.0,65,80.7,7.71,1,0,16.0,Yes,84.0,79.2,Good,Low
STU104492,23,Female,IT,6,65.7,59.4,74.8,48.4,13,,51.3,15,13.0,30,59.3,6.34,2,5,8.0,Yes,51.7,51.4,Average,Medium
STU104493,18,Female,CSE,7,69.3,57.8,61.6,43.2,12,9.1,66.3,27,18.0,36,74.1,4.85,1,2,7.0,Yes,,51.9,Average,Medium
STU104494,21,Male,AI&DS,5,,42.3,43.7,50.9,12,6.5,54.4,17,16.0,30,61.3,6.62,2,5,6.0,Yes,63.9,34.6,Poor,High
STU104495,22,Female,ECE,8,73.5,65.9,62.8,48.1,13,14.6,65.7,19,14.0,43,57.5,7.01,1,3,13.0,Yes,66.0,65.8,Good,Low
STU104496,18,Male,EEE,4,79.9,57.5,74.4,46.5,11,6.6,62.3,19,16.0,32,60.3,5.07,2,3,10.0,Yes,50.0,42.9,Poor,High
STU104497,18,Female,EEE,7,70.8,59.6,73.7,58.4,9,11.6,62.2,16,18.0,36,43.4,7.0,1,1,7.0,No,59.5,63.5,Average,Medium
STU104498,18,Male,MECH,5,61.4,37.3,59.7,43.3,8,7.3,56.6,10,9.0,20,43.2,4.95,3,3,9.0,Yes,52.3,44.0,Poor,High
STU104499,19,Female,CSE,2,72.7,73.2,67.0,61.8,12,13.7,36.5,26,13.0,16,42.8,6.27,0,2,6.0,Yes,66.0,64.6,Average,Medium
STU104500,24,Female,MECH,4,64.0,58.0,46.7,44.4,8,8.4,,14,14.0,21,78.6,5.76,1,3,9.0,Yes,49.5,52.7,Average,Medium
STU104501,19,Male,IT,7,75.7,47.0,75.5,41.0,12,12.6,62.4,26,15.0,34,58.8,4.88,2,0,6.0,Yes,50.0,56.7,Average,Medium
STU104502,19,Female,CSE,4,82.9,74.7,86.0,81.3,15,19.1,66.1,19,18.0,39,78.0,7.91,1,3,13.0,Yes,82.1,80.5,Excellent,Low
STU104503,21,Male,CSE,7,71.6,33.8,54.5,45.6,11,11.4,44.3,32,14.0,37,75.0,5.78,1,6,9.0,Yes,55.8,44.9,Poor,High
STU104504,20,Female,IT,6,99.6,77.4,76.1,68.5,14,17.5,62.6,32,21.0,40,86.2,7.07,1,1,13.0,No,74.6,70.2,Good,Low
STU104505,24,Male,AI&DS,4,75.0,81.3,73.3,58.1,11,7.4,55.7,31,13.0,23,54.2,6.06,2,3,8.0,No,,68.6,Good,Low
STU104506,18,Male,ECE,3,77.4,89.0,86.2,88.3,13,23.1,62.3,24,15.0,50,91.5,10.0,0,1,15.0,Yes,90.2,74.8,Good,Low
STU104507,23,Male,AI&DS,7,76.0,71.4,84.1,65.5,10,16.0,75.2,38,23.0,26,61.0,6.59,0,1,13.0,No,76.2,62.0,Average,Medium
STU104508,19,Female,EEE,6,73.0,52.4,60.6,41.9,7,9.8,47.9,8,10.0,25,38.8,5.53,2,3,3.0,Yes,47.3,41.5,Poor,High
STU104509,20,Other,MECH,4,53.8,58.8,63.9,66.3,12,8.1,68.0,23,10.0,24,72.6,6.15,1,5,6.0,Yes,42.8,52.4,Average,Medium
STU104510,21,Female,MECH,2,76.6,77.7,69.0,83.9,7,15.4,70.4,17,15.0,34,77.3,8.02,0,2,13.0,No,74.5,72.1,Good,Low
STU104511,24,Female,AI&DS,4,75.4,60.8,76.8,61.2,15,16.3,79.9,28,13.0,39,75.0,6.31,1,3,9.0,Yes,66.3,57.6,Average,Medium
STU104512,19,Female,AI&DS,2,65.4,43.5,75.8,59.2,6,14.6,49.9,25,13.0,38,65.0,5.28,0,3,10.0,Yes,45.7,60.6,Average,Medium
STU104513,20,Female,EEE,7,84.7,73.5,70.8,78.9,15,15.5,86.6,26,13.0,55,47.0,8.72,0,0,10.0,No,81.0,71.7,Good,Low
STU104514,22,Female,AI&DS,3,69.7,50.7,58.5,52.1,7,15.5,62.5,14,10.0,26,27.7,6.7,2,2,6.0,Yes,63.1,48.3,Poor,High
STU104515,22,Male,EEE,4,73.4,65.3,56.3,60.2,12,10.7,56.2,27,15.0,45,69.4,6.53,1,3,8.0,No,77.3,56.6,Average,Medium
STU104516,20,Female,EEE,3,86.2,65.8,70.9,78.1,12,9.7,87.7,28,15.0,53,70.6,7.75,0,3,13.0,Yes,72.4,77.7,Good,Low
STU104517,18,Male,IT,8,57.3,72.0,74.0,61.6,15,7.1,50.5,31,18.0,42,52.5,8.45,0,4,8.0,Yes,60.7,62.1,Average,Medium
STU104518,23,Female,CSE,7,74.6,81.0,73.2,69.1,17,16.3,62.8,30,14.0,34,73.7,6.52,3,3,12.0,No,77.1,61.8,Average,Medium
STU104519,24,Male,CSE,8,76.9,66.7,53.4,62.0,8,9.2,57.2,15,16.0,29,45.3,6.59,1,1,8.0,No,68.2,60.6,Average,Medium
STU104520,22,Male,CIVIL,7,53.6,45.4,74.3,47.1,8,7.5,47.8,23,10.0,25,55.9,5.22,2,5,8.0,Yes,48.0,40.4,Poor,High
STU104521,24,Female,EEE,2,52.7,59.9,49.4,43.6,8,11.2,42.8,11,10.0,28,30.7,5.13,1,8,4.0,Yes,49.8,34.4,Poor,High
STU104522,19,Male,CSE,6,98.1,78.2,89.1,61.1,18,16.6,91.5,23,20.0,67,89.5,6.65,1,3,10.0,Yes,62.3,69.0,Good,Low
STU104523,24,Female,IT,5,52.6,68.2,67.8,39.5,9,8.9,41.1,28,11.0,25,50.9,7.21,0,2,6.0,No,41.4,52.1,Average,Medium
STU104524,23,Female,EEE,6,76.6,61.6,70.8,46.3,12,19.2,72.2,24,22.0,42,81.2,6.28,0,4,11.0,Yes,66.9,68.0,Good,Low
STU104525,24,Female,ECE,6,87.6,73.7,75.9,54.7,16,15.4,60.0,28,14.0,42,64.7,,1,2,12.0,No,68.3,55.8,Average,Medium
STU104526,24,Female,CIVIL,6,53.7,52.7,64.1,57.8,8,7.8,51.5,20,15.0,23,39.4,5.43,0,4,6.0,Yes,46.8,49.9,Poor,High
STU104527,20,Male,EEE,6,67.0,76.8,57.0,50.5,10,9.3,59.9,22,13.0,15,57.6,6.17,1,4,10.0,No,52.3,42.8,Poor,High
STU104528,18,Male,AI&DS,7,75.1,76.8,81.4,51.2,13,9.9,59.9,30,14.0,51,75.8,7.95,2,5,18.0,No,62.2,59.2,Average,Medium
STU104529,23,Female,AI&DS,8,69.6,60.7,66.5,52.4,8,11.5,58.9,28,15.0,38,49.9,5.99,2,0,9.0,No,62.9,59.4,Average,Medium
STU104530,22,Male,ECE,5,79.6,80.2,86.3,68.5,15,12.8,82.3,35,23.0,57,70.6,6.99,0,0,15.0,No,79.7,68.7,Good,Low
STU104531,22,Male,ECE,2,91.4,81.1,70.9,68.9,14,16.3,75.7,30,19.0,45,73.3,7.5,0,0,15.0,No,66.2,75.8,Good,Low
STU104532,22,Male,MECH,2,84.0,73.5,82.8,68.3,10,20.1,55.4,29,18.0,45,87.2,5.6,0,1,19.0,No,65.9,78.0,Good,Low
STU104533,18,Female,ECE,2,74.6,92.9,80.5,78.7,15,20.0,90.9,42,24.0,46,76.9,8.92,0,3,15.0,No,88.2,68.0,Good,Low
STU104534,22,Female,CSE,8,61.8,,47.8,41.0,9,9.6,60.5,19,9.0,28,65.5,4.19,2,6,3.0,Yes,52.7,47.1,Poor,High
STU104535,21,Male,MECH,5,71.7,66.6,79.4,61.8,13,10.7,80.3,23,22.0,32,71.8,6.11,0,0,12.0,No,64.5,62.4,Average,Medium
STU104536,18,Male,CSE,5,74.5,72.5,66.5,51.8,12,13.4,58.2,33,19.0,32,61.7,8.11,1,5,5.0,No,59.9,60.6,Average,Medium
STU104537,23,Female,CIVIL,3,68.8,65.4,62.9,51.2,7,7.7,49.8,17,13.0,25,59.0,5.63,2,3,5.0,No,59.8,47.8,Poor,High
STU104538,18,Male,MECH,8,80.4,83.8,69.0,75.9,14,19.1,53.3,32,18.0,36,67.4,7.37,1,3,10.0,No,69.3,69.1,Good,Low
STU104539,19,Male,EEE,3,72.9,41.7,57.2,45.8,13,8.7,78.5,20,15.0,45,70.7,5.39,1,3,8.0,No,55.0,47.6,Poor,High
STU104540,20,Male,ECE,8,82.5,66.6,79.5,67.5,15,13.2,57.4,31,16.0,25,62.2,7.54,2,0,17.0,Yes,78.6,62.4,Average,Medium
STU104541,23,Female,CSE,6,87.8,74.8,76.9,64.0,15,15.7,85.5,29,,50,76.6,6.99,2,3,18.0,Yes,81.4,70.6,Good,Low
STU104542,18,Male,EEE,4,76.3,57.1,71.8,57.9,15,11.5,64.6,26,24.0,52,60.3,6.7,1,1,13.0,No,56.3,57.4,Average,Medium
STU104543,20,Male,CSE,6,61.3,56.4,41.7,48.9,7,7.7,50.1,19,2.0,16,31.9,4.04,2,2,11.0,No,51.0,42.5,Poor,High
STU104544,20,Female,EEE,8,50.1,53.3,52.6,44.2,4,15.4,31.9,6,3.0,10,28.6,5.87,2,5,5.0,Yes,58.5,28.7,Poor,High
STU104545,20,Male,CSE,2,74.4,80.9,87.5,75.4,16,15.6,77.9,26,20.0,55,79.0,7.64,2,3,18.0,No,,71.3,Good,Low
STU104546,24,Female,EEE,2,68.5,60.7,66.2,61.4,10,9.3,62.2,26,11.0,25,54.6,6.68,0,5,6.0,Yes,54.6,52.4,Average,Medium
STU104547,20,Female,CSE,3,62.7,41.4,49.3,28.7,9,5.4,34.7,10,5.0,12,26.4,4.42,2,6,5.0,Yes,45.6,37.2,Poor,High
STU104548,20,Female,CSE,6,82.1,67.2,67.7,80.7,17,13.3,51.0,27,17.0,37,62.4,7.01,2,2,12.0,No,71.2,53.5,Average,Medium
STU104549,20,Male,ECE,5,74.6,55.4,59.6,44.0,16,22.1,58.3,24,18.0,38,56.5,7.4,2,1,14.0,Yes,54.2,50.4,Average,Medium
STU104550,20,Male,MECH,6,65.3,45.6,52.6,42.3,11,15.8,61.1,22,11.0,28,66.3,6.44,0,1,10.0,No,62.5,52.9,Average,Medium
STU104551,24,Female,AI&DS,4,59.1,58.3,76.6,64.7,12,19.1,62.3,29,20.0,37,67.2,7.92,1,1,8.0,Yes,74.3,57.4,Average,Medium
STU104552,19,Male,ECE,7,74.9,61.6,60.2,51.2,5,12.0,40.4,20,17.0,26,30.6,5.18,2,7,8.0,No,48.7,39.0,Poor,High
STU104553,18,Female,CIVIL,5,73.2,61.4,81.5,50.9,12,12.6,92.6,30,20.0,29,61.0,6.64,2,2,10.0,Yes,70.0,54.6,Average,Medium
STU104554,20,Male,EEE,5,74.7,77.1,76.8,70.0,14,14.2,,39,21.0,56,87.3,7.24,2,1,15.0,No,89.0,64.4,Average,Medium
STU104555,18,Female,EEE,5,91.6,80.2,92.0,92.5,14,17.2,72.7,31,18.0,54,75.3,7.99,0,3,15.0,No,91.5,69.9,Good,Low
STU104556,23,Male,AI&DS,3,82.4,88.3,85.5,68.8,19,24.9,100.0,31,23.0,54,73.3,8.1,0,3,16.0,No,69.9,73.1,Good,Low
STU104557,24,Female,CSE,8,67.4,74.3,52.6,76.1,14,13.1,46.1,27,17.0,50,50.1,6.51,1,3,11.0,No,71.9,76.3,Good,Low
STU104558,23,Male,CSE,2,70.3,66.6,83.0,62.6,12,12.2,57.3,18,18.0,46,66.2,7.04,1,4,10.0,Yes,64.2,60.4,Average,Medium
STU104559,23,Male,IT,2,81.7,76.8,84.2,70.6,14,16.5,84.9,25,25.0,39,93.6,7.61,2,0,13.0,No,66.1,74.1,Good,Low
STU104560,20,Male,CSE,5,51.8,51.2,59.8,44.9,7,9.9,37.5,8,17.0,42,36.8,5.57,1,8,8.0,Yes,48.6,38.2,Poor,High
STU104561,22,Male,CSE,6,73.9,76.2,68.5,67.7,8,2.4,67.0,29,18.0,34,72.1,8.53,2,0,4.0,No,66.6,69.6,Good,Low
STU104562,20,Other,CSE,5,72.0,58.3,62.0,64.7,15,13.1,74.3,32,17.0,58,70.8,5.81,2,1,9.0,No,66.4,57.8,Average,Medium
STU104563,23,Male,CIVIL,7,71.9,70.9,73.2,55.1,16,6.3,92.9,35,18.0,13,68.5,6.84,1,1,10.0,No,70.8,58.4,Average,Medium
STU104564,19,Male,AI&DS,4,66.3,49.6,52.6,50.8,9,17.1,71.2,24,13.0,30,66.6,5.55,1,2,12.0,Yes,49.1,50.9,Average,Medium
STU104565,18,Female,CIVIL,3,74.4,62.1,65.4,67.5,8,9.1,54.0,20,18.0,31,42.7,7.12,1,2,9.0,No,70.2,65.3,Good,Low
STU104566,24,Male,ECE,6,69.1,59.4,71.9,52.8,15,11.0,55.3,23,14.0,33,68.6,6.45,0,4,11.0,No,55.5,60.9,Average,Medium
STU104567,20,Female,CIVIL,3,50.2,40.5,46.7,15.0,7,1.0,23.5,11,4.0,6,31.2,4.0,2,5,2.0,Yes,30.9,11.5,Poor,High
STU104568,20,Male,IT,5,70.5,57.6,59.1,67.4,15,18.3,51.7,28,14.0,42,61.0,7.33,1,3,11.0,No,73.5,56.8,Average,Medium
STU104569,22,Female,ECE,6,66.9,68.5,65.0,59.9,11,13.7,69.4,21,18.0,37,66.2,7.78,2,5,7.0,No,53.2,58.2,Average,Medium
STU104570,20,Female,IT,2,66.1,65.7,69.4,71.4,15,20.9,46.4,28,14.0,38,71.7,7.14,1,2,13.0,No,67.6,61.7,Average,Medium
STU104571,23,Male,IT,3,63.8,61.2,70.4,55.0,10,18.4,63.4,30,20.0,39,53.6,6.34,2,3,5.0,No,52.7,72.7,Good,Low
STU104572,21,Male,CSE,2,96.7,88.5,80.0,88.0,16,22.3,61.4,37,17.0,78,56.2,8.46,1,0,17.0,No,82.4,83.0,Excellent,Low
STU104573,23,Male,EEE,3,82.8,65.3,62.8,65.7,8,8.2,65.5,18,20.0,53,39.0,7.75,1,1,3.0,No,73.9,66.3,Good,Low
STU104574,18,Female,EEE,8,70.2,64.6,55.7,54.9,9,14.1,50.3,24,11.0,37,51.4,7.73,1,2,6.0,No,64.8,45.4,Poor,High
STU104575,23,Male,CIVIL,2,83.6,77.3,65.8,58.8,13,20.3,73.7,27,14.0,55,90.4,7.51,1,2,9.0,No,66.5,57.5,Average,Medium
STU104576,20,Female,MECH,7,70.9,81.0,83.6,62.2,12,15.6,44.8,36,19.0,20,65.1,7.44,2,5,15.0,No,60.1,55.3,Average,Medium
STU104577,20,Female,MECH,3,72.2,57.6,85.8,54.4,15,10.4,79.6,28,20.0,24,85.5,6.21,1,2,14.0,Yes,61.3,53.2,Average,Medium
STU104578,24,Female,AI&DS,5,59.4,28.3,52.6,27.5,6,7.0,43.3,20,10.0,15,36.1,5.53,2,4,3.0,No,49.6,34.3,Poor,High
STU104579,21,Female,CIVIL,2,53.1,47.5,63.5,44.2,12,12.9,58.7,32,16.0,25,70.5,7.39,1,2,15.0,No,46.6,43.3,Poor,High
STU104580,18,Female,CSE,5,93.7,72.2,82.5,67.5,15,12.0,83.5,37,23.0,51,72.6,7.1,1,0,12.0,No,81.0,62.0,Average,Medium
STU104581,21,Male,EEE,8,65.5,50.1,75.3,69.1,10,10.0,62.4,20,14.0,40,44.6,6.8,1,2,11.0,No,60.8,62.2,Average,Medium
STU104582,19,Male,CSE,2,82.9,56.3,57.6,72.9,18,19.2,69.4,37,20.0,46,81.9,6.68,1,0,13.0,No,67.0,66.4,Good,Low
STU104583,21,Male,CIVIL,4,80.4,63.2,93.3,58.1,13,16.6,74.9,26,16.0,36,75.6,6.93,1,4,15.0,Yes,67.9,64.9,Average,Medium
STU104584,19,Male,CIVIL,3,97.0,80.9,85.9,77.6,16,18.2,90.2,33,24.0,65,85.9,7.95,2,1,14.0,No,81.7,73.2,Good,Low
STU104585,22,Male,CSE,6,70.9,71.8,49.4,63.2,11,11.1,50.3,32,18.0,19,75.5,6.34,1,2,10.0,No,67.5,59.6,Average,Medium
STU104586,19,Male,CIVIL,7,88.3,70.6,100.0,61.4,20,15.0,87.5,37,26.0,48,91.1,7.51,1,3,11.0,No,64.3,74.2,Good,Low
STU104587,21,Female,CIVIL,3,75.8,69.8,49.7,61.0,11,11.6,71.5,23,13.0,26,73.6,7.1,3,4,8.0,Yes,61.2,55.9,Average,Medium
STU104588,24,Male,CSE,2,91.3,84.5,70.3,77.7,17,17.8,88.7,45,27.0,54,100.0,7.87,0,2,16.0,No,86.0,75.3,Good,Low
STU104589,22,Female,ECE,8,67.2,50.7,63.4,39.8,11,12.6,57.2,31,21.0,24,61.1,4.31,2,4,4.0,Yes,53.1,43.7,Poor,High
STU104590,22,Male,CSE,2,83.1,56.9,77.7,,15,21.1,61.4,25,19.0,38,55.6,5.72,0,0,12.0,Yes,56.4,59.4,Average,Medium
STU104591,23,Male,CSE,8,84.7,91.3,90.2,73.6,12,12.5,59.1,28,13.0,42,,7.87,1,0,13.0,No,82.6,67.5,Good,Low
STU104592,24,Male,CIVIL,5,60.6,69.5,74.8,58.8,14,20.9,74.1,31,17.0,68,82.7,7.56,0,2,17.0,Yes,71.3,76.5,Good,Low
STU104593,24,Male,AI&DS,7,80.6,68.4,65.7,59.5,13,14.7,80.9,29,18.0,55,75.2,7.07,1,2,13.0,Yes,58.7,45.3,Poor,High
STU104594,24,Male,EEE,7,58.8,53.9,62.4,47.3,10,7.0,58.0,25,6.0,24,70.0,6.56,1,5,7.0,No,56.3,36.8,Poor,High
STU104595,20,Male,CSE,6,82.9,73.5,76.6,62.0,15,15.6,65.4,31,18.0,35,82.3,6.61,1,1,14.0,No,67.3,67.4,Good,Low
STU104596,22,Female,CSE,4,79.4,72.7,75.6,76.6,8,13.8,42.8,10,13.0,33,56.6,8.23,1,6,6.0,No,70.8,54.9,Average,Medium
STU104597,23,Male,EEE,4,65.8,56.9,71.9,52.5,8,11.5,52.1,28,15.0,18,60.3,6.58,3,5,8.0,No,71.5,48.1,Poor,High
STU104598,21,Male,AI&DS,6,72.9,59.2,71.8,70.6,9,18.3,72.5,22,11.0,14,59.1,6.92,0,3,10.0,No,66.6,52.2,Average,Medium
STU104599,18,Male,IT,5,87.9,73.9,78.5,72.5,20,23.4,57.5,31,13.0,44,78.8,7.66,0,3,9.0,No,81.5,57.6,Average,Medium
STU104600,21,Male,CSE,8,100.0,93.4,75.9,86.6,16,23.5,88.4,42,26.0,55,87.8,7.25,0,0,16.0,No,89.7,83.6,Excellent,Low
STU104601,19,Male,EEE,7,74.8,59.8,85.9,68.7,20,16.3,76.7,38,29.0,63,70.5,6.17,1,0,13.0,No,63.5,75.3,Good,Low
STU104602,22,Male,MECH,8,49.7,74.8,61.2,63.0,8,13.3,56.0,15,16.0,26,61.9,7.4,2,1,6.0,No,57.0,55.8,Average,Medium
STU104603,24,Female,EEE,4,88.9,66.1,80.8,54.7,11,20.7,67.5,31,18.0,45,50.4,6.11,1,1,10.0,No,70.0,71.1,Good,Low
STU104604,22,Female,MECH,5,85.0,75.2,81.5,63.2,14,11.5,61.4,34,17.0,48,66.1,6.65,2,0,16.0,No,70.2,74.2,Good,Low
STU104605,21,Female,AI&DS,8,71.6,52.5,77.4,52.8,12,16.2,72.0,22,13.0,32,54.1,5.36,1,1,10.0,Yes,69.7,62.0,Average,Medium
STU104606,22,Female,CIVIL,4,58.5,62.7,64.5,52.5,11,9.4,65.4,23,18.0,28,54.4,7.26,0,2,9.0,Yes,58.8,49.3,Poor,High
STU104607,21,Male,EEE,7,70.0,46.9,62.2,48.9,9,5.0,58.0,17,12.0,29,47.7,5.71,2,0,8.0,Yes,48.8,45.1,Poor,High
STU104608,21,Male,CIVIL,6,88.7,79.5,90.6,77.7,9,19.1,50.1,34,15.0,26,64.9,7.92,1,1,8.0,No,83.6,66.1,Good,Low
STU104609,19,Female,CSE,4,70.5,39.5,48.6,42.0,6,3.0,39.7,9,9.0,15,38.3,5.81,1,2,7.0,No,49.3,38.6,Poor,High
STU104610,22,Male,CSE,8,73.2,55.6,71.0,48.2,13,11.3,56.1,20,19.0,21,68.1,6.49,1,1,11.0,Yes,59.0,51.3,Average,Medium
STU104611,20,Male,AI&DS,3,72.4,79.9,88.9,78.3,9,17.3,61.8,26,20.0,47,63.9,6.63,1,0,11.0,No,76.1,73.3,Good,Low
STU104612,19,Female,AI&DS,6,67.4,87.8,79.4,75.2,13,15.5,53.3,24,23.0,44,71.3,8.3,0,3,11.0,No,63.5,62.4,Average,Medium
STU104613,23,Female,CSE,4,74.5,61.4,77.2,59.7,10,17.3,54.0,29,9.0,19,59.4,5.98,0,5,14.0,Yes,,55.1,Average,Medium
STU104614,21,Male,CSE,8,75.0,59.3,59.9,52.3,13,3.8,64.3,16,13.0,19,47.7,4.98,1,1,7.0,No,66.1,59.6,Average,Medium
STU104615,21,Male,CSE,5,75.2,70.0,65.5,65.5,10,15.1,60.7,27,18.0,45,46.0,5.22,3,3,8.0,No,66.7,62.4,Average,Medium
STU104616,21,Male,CSE,6,89.9,78.4,63.0,76.2,18,13.1,75.0,35,18.0,53,80.3,9.24,0,4,12.0,Yes,86.8,73.7,Good,Low
STU104617,18,Male,CSE,4,55.5,45.1,61.8,35.6,11,5.3,47.4,16,12.0,14,55.3,5.28,3,6,9.0,No,41.5,26.8,Poor,High
STU104618,21,Male,CIVIL,2,70.5,36.5,73.5,46.8,7,11.9,68.3,16,17.0,29,58.5,4.19,2,2,5.0,No,55.9,69.4,Good,Low
STU104619,21,Female,IT,8,88.3,87.0,88.5,82.7,16,19.2,71.9,35,29.0,48,54.6,9.03,0,0,13.0,No,85.3,78.8,Good,Low
STU104620,21,Male,ECE,5,83.3,66.5,75.9,65.4,11,13.8,61.9,22,14.0,44,58.1,6.35,1,5,10.0,No,61.2,62.3,Average,Medium
STU104621,18,Male,CSE,6,73.9,47.5,69.1,42.4,8,,51.2,25,12.0,17,57.0,7.1,2,1,8.0,No,51.4,45.9,Poor,High
STU104622,23,Male,AI&DS,8,70.9,67.6,52.7,61.6,10,16.9,46.6,20,10.0,31,56.9,5.85,0,4,8.0,Yes,60.9,54.3,Average,Medium
STU104623,22,Female,CIVIL,4,80.0,63.7,76.6,89.2,15,9.7,92.1,33,20.0,50,88.5,6.99,0,2,11.0,No,71.4,55.0,Average,Medium
STU104624,23,Male,IT,2,80.7,70.8,86.2,55.9,11,11.6,69.8,25,19.0,46,50.5,7.38,1,1,10.0,No,79.0,67.8,Good,Low
STU104625,21,Male,AI&DS,7,84.2,75.7,82.8,85.0,15,18.0,80.9,32,21.0,49,64.7,8.65,0,0,13.0,No,90.3,70.8,Good,Low
STU104626,20,Female,CSE,6,74.6,60.2,50.4,63.9,10,10.2,91.8,24,16.0,30,51.8,7.64,0,4,12.0,No,62.8,65.7,Good,Low
STU104627,23,Male,AI&DS,6,69.8,42.7,78.3,45.0,14,14.6,73.9,24,24.0,24,60.8,5.44,1,3,7.0,Yes,47.5,56.7,Average,Medium
STU104628,20,Male,AI&DS,4,85.3,69.7,81.5,78.0,17,14.0,88.1,29,23.0,40,83.2,8.29,0,0,15.0,Yes,75.2,86.0,Excellent,Low
STU104629,21,Male,CSE,8,65.6,44.9,66.2,50.2,9,11.0,64.0,30,19.0,47,67.6,5.52,1,3,6.0,Yes,51.9,46.9,Poor,High
STU104630,18,Other,MECH,4,76.2,66.6,61.9,40.7,6,11.1,62.7,11,11.0,15,40.4,4.54,0,2,10.0,Yes,43.7,48.1,Poor,High
STU104631,19,Female,CSE,2,50.6,47.0,53.8,54.8,6,9.2,50.4,11,10.0,28,59.4,4.71,2,5,9.0,Yes,48.6,46.6,Poor,High
STU104632,18,Female,CSE,5,93.8,59.8,72.3,44.5,16,9.1,62.6,33,21.0,37,56.2,5.09,2,3,12.0,No,70.9,59.9,Average,Medium
STU104633,20,Female,MECH,7,69.7,45.2,77.7,58.5,4,5.8,51.8,12,15.0,13,77.1,6.56,1,2,6.0,No,58.7,58.7,Average,Medium
STU104634,19,Female,CIVIL,4,77.9,59.1,69.2,57.1,12,7.5,67.0,38,14.0,43,68.9,5.95,1,2,12.0,No,54.5,56.2,Average,Medium
STU104635,20,Male,CSE,5,70.6,60.9,80.0,,15,17.5,56.3,20,18.0,48,55.7,7.23,0,1,8.0,No,55.0,56.6,Average,Medium
STU104636,23,Male,CIVIL,8,65.4,54.3,70.3,51.6,10,11.1,61.5,27,11.0,19,47.9,5.06,2,4,9.0,No,67.7,42.6,Poor,High
STU104637,22,Male,AI&DS,6,57.1,36.0,42.2,37.0,6,4.6,40.4,17,3.0,10,28.9,5.01,1,4,8.0,Yes,48.7,38.5,Poor,High
STU104638,23,Male,AI&DS,4,65.9,40.6,62.8,46.4,11,9.8,51.9,11,11.0,23,43.3,5.95,3,4,6.0,No,53.9,44.9,Poor,High
STU104639,23,Female,CSE,4,50.3,45.7,47.7,46.5,6,8.9,55.5,13,9.0,10,47.1,6.52,2,4,4.0,No,61.3,42.6,Poor,High
STU104640,19,Male,AI&DS,7,75.6,66.5,81.2,59.9,10,15.6,62.1,16,16.0,32,71.1,6.93,0,5,5.0,No,67.2,59.5,Average,Medium
STU104641,22,Male,CSE,7,87.9,85.6,84.3,99.8,16,19.3,85.0,26,23.0,44,70.2,7.65,2,2,14.0,No,98.1,71.1,Good,Low
STU104642,24,Male,MECH,2,69.8,45.8,47.4,35.9,13,10.3,40.9,16,13.0,27,48.4,7.2,2,3,6.0,Yes,61.4,38.5,Poor,High
STU104643,20,Male,CIVIL,7,82.8,82.6,87.1,60.5,10,19.1,68.9,21,18.0,26,63.6,7.82,1,2,13.0,No,76.9,65.1,Good,Low
STU104644,20,Other,CSE,4,75.0,61.4,54.9,50.1,10,17.3,62.8,21,14.0,37,73.3,7.19,1,5,10.0,No,67.1,64.7,Average,Medium
STU104645,21,Male,AI&DS,2,65.9,53.8,72.5,54.6,10,10.5,60.3,22,18.0,43,54.0,6.75,2,4,8.0,No,59.2,58.6,Average,Medium
STU104646,23,Male,AI&DS,3,60.4,46.5,67.3,41.2,8,6.0,52.4,17,13.0,22,59.3,5.64,1,6,8.0,No,48.1,39.2,Poor,High
STU104647,19,Female,AI&DS,8,79.0,51.8,81.0,65.2,12,20.5,74.0,19,19.0,29,66.8,8.02,0,3,13.0,No,64.4,79.4,Good,Low
STU104648,21,Female,CIVIL,3,73.9,49.3,66.4,38.6,10,12.7,90.0,20,13.0,37,52.2,5.89,1,4,7.0,Yes,54.9,53.7,Average,Medium
STU104649,19,Male,CSE,5,72.6,60.6,63.6,55.7,8,18.6,43.7,23,19.0,21,47.0,6.32,1,2,10.0,No,59.1,56.0,Average,Medium
STU104650,22,Male,EEE,5,72.7,66.9,73.1,52.9,13,16.1,59.0,29,16.0,12,81.5,5.77,1,3,8.0,No,61.2,57.2,Average,Medium
STU104651,19,Female,ECE,5,56.5,57.1,62.6,58.4,9,10.4,55.6,32,20.0,30,56.9,6.97,2,4,12.0,Yes,57.1,55.5,Average,Medium
STU104652,20,Male,CIVIL,4,70.0,78.5,58.6,66.7,13,7.6,75.0,27,14.0,30,56.9,7.96,0,3,5.0,No,71.9,57.7,Average,Medium
STU104653,20,Female,AI&DS,2,,72.6,71.8,51.2,14,9.8,60.1,20,17.0,42,72.7,6.2,1,2,12.0,No,71.5,66.9,Good,Low
STU104654,18,Female,CSE,2,68.2,44.7,64.1,58.9,12,14.3,65.1,23,21.0,36,67.1,6.08,1,3,8.0,No,46.1,51.5,Average,Medium
STU104655,22,Female,CSE,5,69.5,,76.3,54.1,15,11.6,67.3,31,16.0,45,67.0,6.69,2,3,11.0,Yes,57.1,58.2,Average,Medium
STU104656,19,Female,EEE,8,77.1,74.5,73.9,47.3,8,13.8,69.4,32,17.0,34,49.7,6.05,1,3,12.0,Yes,70.4,65.6,Good,Low
STU104657,21,Female,EEE,7,67.7,51.2,69.4,62.0,7,13.6,61.9,33,13.0,40,49.0,6.29,0,2,7.0,No,68.2,52.2,Average,Medium
STU104658,22,Male,EEE,6,77.2,63.9,75.5,54.0,13,14.1,64.9,13,14.0,58,65.8,6.58,1,2,12.0,No,63.2,63.4,Average,Medium
STU104659,23,Female,CSE,3,67.4,62.9,83.1,55.1,9,12.9,63.7,24,8.0,22,46.7,6.07,1,1,7.0,No,56.7,66.1,Good,Low
STU104660,24,Female,CSE,8,68.3,65.2,64.7,44.7,13,15.3,52.4,15,18.0,25,46.2,5.06,0,2,6.0,Yes,43.2,49.0,Poor,High
STU104661,18,Male,EEE,4,70.2,52.3,68.6,48.3,14,13.9,72.9,24,19.0,22,71.3,4.78,1,2,7.0,Yes,44.3,55.8,Average,Medium
STU104662,22,Female,CSE,7,81.3,52.5,76.0,68.7,8,11.7,54.4,29,14.0,31,57.4,5.63,0,1,11.0,Yes,64.6,72.8,Good,Low
STU104663,20,Female,IT,2,69.8,57.3,67.2,66.5,13,17.9,64.3,20,17.0,38,57.5,8.85,1,2,11.0,Yes,75.5,63.5,Average,Medium
STU104664,23,Female,CIVIL,5,58.7,47.2,67.3,52.7,11,7.8,62.5,25,19.0,35,54.4,4.27,2,6,14.0,Yes,46.0,44.7,Poor,High
STU104665,20,Male,CSE,3,,97.9,92.2,72.0,15,20.9,63.3,42,23.0,51,66.2,8.33,0,1,15.0,No,83.8,86.2,Excellent,Low
STU104666,18,Male,EEE,5,99.1,81.1,79.6,81.5,14,18.3,94.0,45,21.0,54,85.5,7.4,1,3,12.0,No,86.3,89.4,Excellent,Low
STU104667,23,Female,CSE,7,88.0,75.9,76.5,76.3,15,16.0,57.8,29,19.0,44,65.9,7.45,0,2,10.0,No,78.0,76.6,Good,Low
STU104668,23,Other,IT,8,85.1,60.6,68.5,68.3,13,14.9,55.2,15,13.0,31,57.9,7.49,1,1,14.0,No,75.6,74.4,Good,Low
STU104669,20,Male,EEE,2,88.6,88.9,78.7,77.8,13,14.7,71.0,22,23.0,33,89.6,7.72,0,3,12.0,Yes,85.5,76.8,Good,Low
STU104670,23,Male,AI&DS,4,68.5,55.2,76.3,60.8,8,10.0,70.6,21,14.0,34,53.0,6.11,0,6,9.0,No,79.1,63.5,Average,Medium
STU104671,20,Female,MECH,2,52.2,30.4,46.9,26.8,8,1.0,52.7,14,6.0,10,41.4,5.11,2,3,5.0,Yes,28.5,25.6,Poor,High
STU104672,20,Male,CSE,5,91.1,62.6,85.2,66.0,15,13.2,68.6,37,27.0,53,70.8,4.91,1,4,14.0,No,69.0,79.1,Good,Low
STU104673,20,Female,AI&DS,8,79.6,71.6,49.0,82.5,12,14.2,56.2,22,22.0,37,65.3,6.76,2,3,10.0,No,70.0,62.8,Average,Medium
STU104674,21,Female,AI&DS,4,83.6,62.4,78.3,62.9,12,16.4,,28,16.0,26,66.0,6.44,1,0,11.0,No,74.3,68.7,Good,Low
STU104675,24,Male,AI&DS,4,69.5,57.6,85.8,58.2,10,10.0,80.8,29,12.0,32,55.3,7.85,0,2,12.0,No,63.6,70.9,Good,Low
STU104676,18,Female,CSE,3,73.8,76.5,66.0,67.0,14,17.2,70.1,25,14.0,24,,7.98,1,2,10.0,Yes,69.3,66.6,Good,Low
STU104677,22,Female,IT,7,,69.8,84.7,60.8,15,16.3,75.0,26,20.0,35,71.4,6.38,1,3,14.0,No,70.8,64.2,Average,Medium
STU104678,19,Male,ECE,7,71.6,52.0,55.0,64.2,8,13.4,50.5,19,10.0,29,53.4,7.39,0,4,6.0,No,66.8,50.7,Average,Medium
STU104679,18,Male,CIVIL,7,66.7,52.7,46.4,61.8,6,11.6,45.5,19,11.0,11,52.9,4.81,2,3,4.0,No,59.3,50.0,Average,Medium
STU104680,18,Female,CSE,3,62.0,43.0,51.1,51.3,9,9.7,39.1,16,15.0,24,48.4,6.63,2,5,6.0,No,54.7,40.4,Poor,High
STU104681,19,Female,CIVIL,3,95.7,86.0,84.9,81.5,17,10.5,94.4,39,29.0,45,86.4,8.32,0,0,13.0,No,79.0,81.9,Excellent,Low
STU104682,23,Female,EEE,3,62.8,50.5,70.0,61.0,13,10.3,52.1,23,11.0,39,68.3,6.64,3,2,7.0,Yes,56.6,56.7,Average,Medium
STU104683,23,Female,MECH,3,74.9,46.4,62.6,40.0,10,17.9,66.9,17,8.0,15,47.1,6.25,0,6,9.0,Yes,39.3,54.6,Average,Medium
STU104684,23,Male,CIVIL,7,72.4,40.8,64.7,52.2,12,14.5,62.2,23,15.0,33,77.2,5.87,1,0,12.0,Yes,56.7,49.1,Poor,High
STU104685,19,Female,ECE,5,66.3,59.6,70.5,47.5,12,9.1,76.9,32,14.0,37,70.5,5.36,2,4,10.0,No,52.5,44.6,Poor,High
STU104686,18,Female,EEE,7,54.1,41.6,64.0,61.8,8,11.1,37.2,13,7.0,15,58.1,5.64,0,2,3.0,Yes,42.4,36.2,Poor,High
STU104687,24,Male,IT,6,59.9,37.2,60.4,40.0,13,10.6,44.6,31,13.0,28,62.4,6.15,2,5,7.0,Yes,45.0,30.8,Poor,High
STU104688,24,Male,CSE,8,70.3,50.1,67.9,31.3,9,14.9,45.2,11,15.0,27,36.3,5.27,0,3,8.0,Yes,42.1,62.5,Average,Medium
STU104689,22,Male,CSE,2,76.1,64.8,82.8,44.2,19,13.3,73.9,33,20.0,17,65.1,6.65,1,0,12.0,Yes,60.9,61.3,Average,Medium
STU104690,23,Male,IT,6,46.1,58.8,58.5,44.3,8,7.9,46.9,20,9.0,32,44.0,6.8,1,4,5.0,Yes,55.0,47.2,Poor,High
STU104691,23,Female,IT,2,75.2,79.1,69.3,45.0,11,14.1,57.6,23,19.0,57,54.1,8.14,0,1,10.0,Yes,69.6,63.7,Average,Medium
STU104692,22,Female,ECE,4,81.4,75.7,79.2,64.0,15,12.2,59.8,25,16.0,24,62.5,6.52,3,3,7.0,No,75.1,66.6,Good,Low
STU104693,21,Male,CIVIL,5,74.3,77.3,54.8,62.0,14,11.2,56.2,10,12.0,47,43.3,7.36,1,4,5.0,No,74.5,62.6,Average,Medium
STU104694,24,Male,IT,5,71.5,63.2,45.6,38.8,6,11.1,53.7,17,8.0,31,43.9,6.04,2,5,3.0,No,56.4,31.9,Poor,High
STU104695,22,Male,ECE,3,69.1,64.3,71.4,64.6,9,11.2,57.1,20,13.0,24,48.3,5.92,0,5,12.0,No,64.6,56.7,Average,Medium
STU104696,24,Female,CSE,3,76.3,69.9,67.2,62.1,15,14.4,74.1,29,19.0,39,65.5,7.39,1,1,13.0,No,72.9,65.1,Good,Low
STU104697,19,Female,ECE,3,69.8,73.2,60.8,63.8,12,20.1,60.0,26,16.0,31,71.1,7.86,0,2,8.0,No,73.8,67.9,Good,Low
STU104698,19,Male,AI&DS,3,78.8,46.6,61.1,65.5,10,9.9,60.7,22,12.0,34,52.4,5.47,3,2,12.0,No,60.7,48.0,Poor,High
STU104699,22,Male,CSE,6,79.2,69.4,68.2,76.5,8,15.7,56.9,13,11.0,47,54.2,6.91,1,5,6.0,Yes,81.0,63.6,Average,Medium
STU104700,24,Male,IT,8,67.3,47.9,60.3,49.5,11,9.1,48.5,16,12.0,38,49.9,6.02,1,2,3.0,Yes,57.7,45.9,Poor,High
STU104701,22,Female,MECH,4,71.8,63.3,82.2,57.3,14,17.4,90.1,25,22.0,44,78.2,8.61,0,4,15.0,No,60.2,59.5,Average,Medium
STU104702,21,Male,CIVIL,7,71.7,46.7,74.3,52.6,13,15.3,65.4,27,17.0,39,57.9,5.66,1,1,9.0,No,48.4,54.5,Average,Medium
STU104703,18,Male,EEE,7,57.7,47.2,56.8,54.2,10,4.7,47.7,19,8.0,9,52.3,4.0,3,4,5.0,No,46.6,33.0,Poor,High
STU104704,19,Female,AI&DS,3,77.3,73.2,91.3,55.9,15,12.6,71.6,17,17.0,53,49.9,6.05,1,2,11.0,No,64.8,70.9,Good,Low
STU104705,19,Male,EEE,3,74.2,79.8,64.0,73.8,7,17.0,71.5,33,8.0,34,47.5,7.76,1,2,13.0,No,77.5,64.0,Average,Medium
STU104706,19,Other,MECH,4,78.6,63.4,83.3,60.7,20,14.7,84.8,36,21.0,46,85.8,6.69,0,1,14.0,No,79.4,63.8,Average,Medium
STU104707,22,Female,EEE,2,89.2,64.4,64.1,67.5,17,19.7,89.0,33,24.0,52,95.6,6.43,2,0,20.0,Yes,58.6,69.1,Good,Low
STU104708,22,Male,CSE,8,71.8,64.8,53.1,51.1,9,6.6,57.9,18,15.0,29,66.5,5.18,1,7,8.0,Yes,57.2,48.9,Poor,High
STU104709,20,Male,CIVIL,7,66.3,49.9,55.2,61.0,14,13.7,64.7,29,18.0,36,76.4,6.45,2,4,8.0,No,71.1,44.7,Poor,High
STU104710,24,Female,AI&DS,4,84.8,62.2,76.8,65.0,13,21.4,37.3,30,15.0,38,53.9,7.67,0,6,13.0,No,55.2,67.0,Good,Low
STU104711,20,Female,AI&DS,5,72.7,73.0,79.4,52.9,11,15.4,63.9,25,15.0,28,43.6,7.13,0,3,6.0,No,72.9,61.3,Average,Medium
STU104712,21,Male,EEE,4,61.8,61.0,60.1,47.6,10,9.1,61.9,19,15.0,17,50.9,5.49,1,5,8.0,Yes,58.0,51.3,Average,Medium
STU104713,21,Female,IT,2,80.3,80.6,90.7,61.0,13,13.1,56.3,32,17.0,51,55.9,7.22,1,2,8.0,Yes,67.1,64.8,Average,Medium
STU104714,22,Female,AI&DS,3,69.4,60.2,66.7,57.9,18,10.9,63.9,36,22.0,20,70.7,5.42,2,3,12.0,No,71.1,49.9,Poor,High
STU104715,19,Female,CSE,2,72.0,53.7,54.0,43.5,11,13.3,45.5,20,11.0,19,60.2,5.91,1,3,7.0,Yes,53.5,42.1,Poor,High
STU104716,20,Male,IT,4,86.7,91.8,77.7,75.4,16,13.4,63.5,34,19.0,49,63.0,7.57,0,1,12.0,No,86.4,80.7,Excellent,Low
STU104717,22,Male,IT,4,76.9,80.0,79.4,70.0,16,14.9,54.9,31,17.0,34,58.7,6.71,0,5,11.0,No,71.6,71.6,Good,Low
STU104718,23,Male,CSE,4,69.5,,77.7,64.4,15,12.6,69.6,34,12.0,50,66.4,6.26,1,2,11.0,No,61.9,55.6,Average,Medium
STU104719,20,Male,CIVIL,6,73.0,74.4,83.0,71.0,15,19.3,74.4,33,19.0,53,77.4,7.79,0,2,12.0,No,66.3,66.4,Good,Low
STU104720,18,Female,IT,7,81.8,65.2,68.2,63.0,8,19.6,60.8,26,19.0,42,57.2,5.99,0,1,9.0,No,62.0,56.6,Average,Medium
STU104721,23,Male,CSE,5,52.1,29.1,56.3,18.2,4,5.0,26.4,4,2.0,21,43.4,4.38,2,5,3.0,No,37.4,32.1,Poor,High
STU104722,22,Male,MECH,4,74.9,57.5,64.1,39.5,13,8.0,42.7,9,13.0,20,58.9,6.53,3,1,10.0,No,57.4,51.1,Average,Medium
STU104723,21,Female,CSE,4,79.8,80.0,100.0,55.2,16,14.1,63.2,34,23.0,43,89.0,6.65,1,2,16.0,No,68.6,63.6,Average,Medium
STU104724,22,Female,CIVIL,5,78.9,71.2,86.0,56.8,11,14.0,63.4,27,21.0,37,72.7,6.36,2,5,13.0,No,64.0,73.7,Good,Low
STU104725,23,Male,CSE,7,72.0,67.3,50.1,72.1,11,16.7,67.7,23,17.0,46,77.9,6.3,2,3,9.0,No,69.4,61.5,Average,Medium
STU104726,18,Female,MECH,4,87.9,68.2,79.0,69.4,14,15.2,69.4,29,22.0,48,86.3,8.14,0,0,13.0,No,77.0,71.1,Good,Low
STU104727,20,Female,CIVIL,6,69.2,48.6,59.4,58.0,13,8.1,70.8,34,21.0,52,76.9,7.0,3,6,8.0,Yes,57.2,52.7,Average,Medium
STU104728,24,Male,CSE,4,66.8,51.2,80.9,59.1,9,10.2,45.7,20,13.0,28,39.4,6.52,2,3,11.0,No,60.8,50.5,Average,Medium
STU104729,20,Male,MECH,5,71.6,63.3,68.7,50.5,12,13.6,54.5,22,13.0,46,70.4,7.28,1,4,16.0,No,65.4,46.7,Poor,High
STU104730,24,Female,CSE,3,52.4,55.0,33.9,68.4,9,8.7,58.0,15,11.0,38,55.8,6.06,2,6,2.0,Yes,57.4,36.3,Poor,High
STU104731,19,Female,CSE,2,70.8,63.3,77.3,62.8,7,10.0,70.6,18,10.0,31,64.0,6.42,2,3,11.0,No,64.9,57.7,Average,Medium
STU104732,21,Male,IT,5,69.9,49.1,42.2,46.6,10,8.3,54.1,16,12.0,40,58.5,5.73,2,3,9.0,Yes,59.6,44.9,Poor,High
STU104733,18,Male,IT,6,72.9,79.3,79.3,76.3,16,21.4,56.3,27,17.0,51,70.7,8.72,0,0,11.0,No,69.9,71.4,Good,Low
STU104734,23,Female,MECH,5,52.0,34.3,47.7,47.1,1,6.0,37.3,10,1.0,1,29.1,4.79,2,5,4.0,Yes,49.6,38.1,Poor,High
STU104735,19,Male,IT,7,81.8,65.6,73.8,53.5,16,10.6,77.4,20,26.0,20,84.2,6.55,1,4,10.0,No,74.3,54.4,Average,Medium
STU104736,23,Female,CSE,2,64.2,66.0,75.1,62.2,10,15.2,67.5,19,8.0,17,39.0,7.46,1,3,9.0,Yes,57.7,55.9,Average,Medium
STU104737,18,Male,ECE,2,,50.3,80.3,74.3,15,6.3,70.0,24,21.0,40,82.9,5.93,2,1,12.0,No,75.2,58.5,Average,Medium
STU104738,18,Female,IT,8,71.4,62.0,65.5,66.8,12,14.1,65.8,23,16.0,48,62.5,6.94,0,0,10.0,Yes,70.0,71.5,Good,Low
STU104739,21,Other,IT,5,78.1,66.5,87.7,72.1,17,17.2,75.6,38,21.0,48,88.2,7.22,1,2,17.0,No,69.3,66.5,Good,Low
STU104740,18,Male,AI&DS,4,75.7,71.3,88.6,78.0,13,17.4,44.8,23,15.0,30,56.9,6.76,1,1,15.0,No,72.0,72.9,Good,Low
STU104741,20,Female,AI&DS,6,64.2,55.3,62.7,43.1,9,9.9,30.7,7,9.0,27,53.5,6.85,2,5,10.0,No,63.0,53.0,Average,Medium
STU104742,22,Male,MECH,7,85.9,65.0,81.3,61.2,20,17.2,73.7,28,21.0,55,63.7,6.25,0,3,8.0,No,76.8,69.0,Good,Low
STU104743,21,Female,CSE,8,88.3,69.5,86.6,65.6,14,12.4,69.9,40,25.0,46,73.0,6.24,1,2,12.0,No,65.6,74.7,Good,Low
STU104744,21,Other,CIVIL,8,78.2,71.6,59.6,42.6,13,15.1,58.9,26,19.0,27,57.2,6.94,0,3,7.0,Yes,57.6,63.9,Average,Medium
STU104745,18,Female,AI&DS,4,66.6,49.5,48.5,46.3,10,17.0,61.7,34,16.0,22,48.1,5.92,2,3,6.0,No,48.5,52.6,Average,Medium
STU104746,22,Male,ECE,2,69.3,76.3,75.1,54.8,10,10.9,58.6,23,12.0,20,69.5,7.12,1,3,7.0,No,81.9,53.2,Average,Medium
STU104747,18,Female,CSE,4,97.7,78.5,94.6,70.8,16,17.0,56.4,25,20.0,26,81.0,7.86,0,0,16.0,No,96.1,80.3,Excellent,Low
STU104748,22,Female,MECH,2,71.2,67.1,74.5,42.5,10,12.5,49.2,20,15.0,32,52.5,5.5,2,4,9.0,Yes,53.6,44.7,Poor,High
STU104749,23,Male,IT,5,59.1,65.3,55.0,46.8,13,6.7,56.3,21,14.0,29,61.5,6.09,1,3,10.0,Yes,64.0,56.1,Average,Medium
STU104750,23,Female,EEE,3,45.9,40.7,41.4,43.8,3,6.9,32.8,6,1.0,18,24.8,4.34,1,6,5.0,No,45.6,19.6,Poor,High
STU104751,20,Male,IT,6,,64.6,78.1,72.6,14,13.1,65.5,28,11.0,46,77.9,7.22,1,1,11.0,No,71.9,65.8,Good,Low
STU104752,19,Female,ECE,8,74.5,70.9,81.9,45.4,14,11.0,76.7,31,22.0,42,47.0,6.25,1,0,8.0,No,72.7,62.0,Average,Medium
STU104753,23,Female,AI&DS,3,73.2,59.7,78.4,65.9,12,13.2,62.4,19,16.0,29,72.9,7.4,0,1,10.0,No,67.9,62.6,Average,Medium
STU104754,19,Female,CIVIL,5,76.3,53.9,70.7,48.7,8,8.8,55.9,25,12.0,17,63.0,4.0,1,2,7.0,Yes,46.2,41.7,Poor,High
STU104755,21,Male,CSE,8,82.6,72.8,67.7,75.2,10,19.6,69.8,27,17.0,44,58.5,8.73,0,5,8.0,No,75.9,66.9,Good,Low
STU104756,19,Female,AI&DS,4,77.3,59.3,74.4,56.4,9,13.1,67.5,31,10.0,24,63.3,5.62,2,0,12.0,No,67.4,49.9,Poor,High
STU104757,18,Male,MECH,7,75.5,48.4,84.0,71.6,17,21.3,74.5,36,25.0,28,68.9,6.24,2,5,13.0,Yes,65.8,58.9,Average,Medium
STU104758,20,Male,CSE,2,76.4,69.1,60.5,68.6,11,12.8,56.8,28,10.0,28,51.2,8.18,1,1,3.0,No,76.8,61.7,Average,Medium
STU104759,21,Male,IT,6,69.5,56.9,64.7,50.0,14,12.9,66.6,25,11.0,45,74.2,5.61,3,3,8.0,No,60.2,50.5,Average,Medium
STU104760,23,Male,ECE,2,76.0,55.7,77.9,56.1,12,11.9,61.9,18,19.0,34,76.8,5.81,3,4,9.0,No,52.3,51.8,Average,Medium
STU104761,23,Male,AI&DS,2,83.1,66.2,79.5,41.0,11,10.3,65.1,34,26.0,39,59.2,6.95,3,1,8.0,No,65.2,50.7,Average,Medium
STU104762,23,Male,AI&DS,6,76.5,76.9,91.2,95.5,15,24.2,65.6,33,16.0,41,82.1,8.86,0,2,15.0,No,85.2,77.5,Good,Low
STU104763,23,Other,AI&DS,8,75.0,73.5,81.1,73.7,13,14.7,47.6,34,17.0,22,72.8,6.78,2,1,9.0,No,72.3,75.7,Good,Low
STU104764,20,Female,MECH,6,79.2,78.0,71.5,87.6,10,14.4,76.1,27,28.0,47,56.5,8.73,1,2,5.0,No,78.8,67.3,Good,Low
STU104765,20,Female,CSE,4,84.7,91.7,84.6,72.0,11,17.0,69.0,28,12.0,44,58.8,6.22,1,0,18.0,Yes,70.9,73.0,Good,Low
STU104766,22,Female,CIVIL,4,68.5,69.8,76.6,69.3,11,17.6,70.1,28,18.0,27,58.6,6.24,0,1,10.0,No,76.6,72.8,Good,Low
STU104767,21,Female,CSE,5,64.3,55.5,67.2,51.5,8,7.1,61.3,19,17.0,38,59.0,5.04,2,5,11.0,Yes,62.6,49.8,Poor,High
STU104768,20,Female,AI&DS,4,100.0,73.9,88.1,78.0,18,17.8,86.2,30,23.0,49,80.8,8.59,2,3,16.0,No,82.8,74.2,Good,Low
STU104769,18,Female,EEE,2,69.6,57.2,62.7,56.8,10,11.9,70.0,18,17.0,29,53.7,6.14,3,3,6.0,No,52.7,38.5,Poor,High
STU104770,21,Female,AI&DS,7,73.7,74.2,67.7,55.8,13,17.3,65.3,18,16.0,36,67.0,8.13,2,1,8.0,No,74.5,57.2,Average,Medium
STU104771,21,Male,ECE,5,74.4,78.8,55.5,68.3,15,15.2,89.1,36,16.0,42,77.0,6.75,1,1,14.0,No,70.1,66.2,Good,Low
STU104772,24,Female,EEE,8,65.7,52.7,72.2,24.1,7,5.7,39.4,18,6.0,39,39.3,4.03,0,5,7.0,Yes,36.1,41.5,Poor,High
STU104773,23,Female,AI&DS,6,79.2,56.6,66.8,50.4,14,7.4,75.0,29,18.0,49,85.1,6.97,1,3,9.0,No,69.1,60.8,Average,Medium
STU104774,19,Male,ECE,4,99.0,71.5,83.4,68.7,20,15.8,81.7,41,21.0,48,92.0,6.41,0,1,17.0,No,74.5,64.1,Average,Medium
STU104775,18,Female,IT,2,84.1,57.0,67.7,44.5,12,11.4,72.5,28,15.0,36,69.7,6.97,3,1,9.0,Yes,72.8,45.1,Poor,High
STU104776,23,Female,CSE,7,69.1,59.9,91.0,57.4,16,14.8,54.0,31,25.0,41,81.8,8.31,1,3,12.0,No,67.6,64.5,Average,Medium
STU104777,21,Male,EEE,6,55.5,56.9,66.4,34.2,7,8.8,57.5,19,11.0,33,40.6,5.97,1,3,8.0,Yes,43.5,35.4,Poor,High
STU104778,18,Male,AI&DS,8,59.7,49.6,64.4,41.5,6,9.6,54.5,15,13.0,28,61.2,5.62,2,4,14.0,No,47.3,37.2,Poor,High
STU104779,23,Female,IT,3,65.9,69.8,84.0,65.1,13,12.6,79.1,30,24.0,37,66.4,6.64,2,2,11.0,Yes,66.6,60.2,Average,Medium
STU104780,20,Female,CSE,4,86.4,64.2,80.9,69.9,16,16.1,67.2,29,22.0,39,68.7,6.36,1,4,12.0,No,81.6,66.3,Good,Low
STU104781,19,Male,CSE,3,62.5,67.1,71.9,75.8,16,14.2,51.6,33,17.0,36,67.1,5.22,1,4,10.0,Yes,63.0,61.0,Average,Medium
STU104782,22,Male,ECE,3,79.9,75.8,81.2,68.9,12,13.8,89.5,32,18.0,44,73.0,7.8,1,1,12.0,No,85.0,88.6,Excellent,Low
STU104783,23,Female,MECH,8,63.6,52.7,79.5,63.7,15,14.4,74.1,29,15.0,54,55.9,5.42,0,3,13.0,Yes,60.8,61.6,Average,Medium
STU104784,23,Male,CSE,4,63.0,67.0,61.2,63.5,12,11.6,70.8,31,15.0,39,67.0,6.31,1,0,11.0,No,63.2,59.2,Average,Medium
STU104785,19,Male,CIVIL,2,80.1,70.2,60.5,57.7,7,9.7,49.1,16,19.0,8,53.0,6.53,1,3,7.0,No,46.1,55.0,Average,Medium
STU104786,22,Male,AI&DS,2,55.8,43.9,59.9,43.1,5,11.7,51.2,11,6.0,31,42.9,5.67,3,2,6.0,Yes,47.8,47.6,Poor,High
STU104787,21,Female,IT,4,89.5,60.7,76.1,56.4,13,8.9,75.6,29,21.0,39,54.1,5.69,2,3,11.0,No,61.7,49.0,Poor,High
STU104788,24,Male,IT,2,81.6,57.0,65.7,63.7,9,13.2,72.8,28,13.0,57,53.4,6.85,1,1,8.0,No,75.8,56.4,Average,Medium
STU104789,19,Female,CIVIL,8,84.3,80.4,100.0,77.1,20,14.4,74.3,35,23.0,50,73.2,8.81,0,1,15.0,No,98.8,75.9,Good,Low
STU104790,23,Female,MECH,7,55.1,51.9,56.8,69.5,9,12.5,72.3,33,18.0,47,63.6,7.38,0,1,9.0,Yes,69.7,57.2,Average,Medium
STU104791,20,Female,EEE,8,57.2,42.3,55.2,34.6,7,7.4,51.3,19,9.0,27,54.8,5.62,3,6,5.0,No,51.9,33.9,Poor,High
STU104792,22,Other,CIVIL,7,81.1,31.3,62.4,35.5,8,5.8,27.0,6,7.0,14,36.3,4.95,2,4,2.0,No,49.2,36.8,Poor,High
STU104793,21,Female,CSE,2,84.6,76.4,76.0,69.4,15,14.0,85.2,31,21.0,55,80.8,7.84,0,2,13.0,No,76.9,72.9,Good,Low
STU104794,20,Female,CIVIL,6,68.8,65.5,61.1,41.4,12,12.5,65.6,24,17.0,32,53.9,6.06,1,0,9.0,Yes,62.6,60.0,Average,Medium
STU104795,19,Male,EEE,7,73.1,83.3,72.5,71.3,12,18.9,69.7,26,22.0,47,67.5,8.16,1,2,8.0,No,69.6,59.1,Average,Medium
STU104796,20,Male,CIVIL,7,67.8,65.2,70.3,59.5,7,6.5,55.0,21,14.0,21,54.5,5.52,1,5,3.0,No,60.5,59.4,Average,Medium
STU104797,22,Male,ECE,5,72.9,63.9,63.7,61.0,11,5.2,51.1,17,12.0,33,54.9,6.29,1,4,11.0,No,61.5,42.0,Poor,High
STU104798,22,Male,EEE,8,79.7,66.4,77.2,66.9,9,19.6,60.2,24,14.0,25,62.0,6.95,0,1,8.0,Yes,62.8,60.0,Average,Medium
STU104799,22,Male,AI&DS,3,71.3,60.6,53.6,46.8,7,8.8,51.3,16,7.0,24,39.2,5.61,3,2,8.0,Yes,62.0,45.4,Poor,High
STU104800,22,Male,ECE,6,84.3,56.9,80.7,59.2,14,10.4,82.2,30,24.0,53,86.0,6.77,1,1,15.0,No,71.8,63.0,Average,Medium
STU104801,18,Male,AI&DS,3,78.3,58.7,81.5,71.8,13,11.4,75.8,28,16.0,47,74.4,,0,4,8.0,No,65.6,67.6,Good,Low
STU104802,20,Female,MECH,8,74.5,71.4,82.3,64.5,13,11.6,74.8,40,19.0,49,66.9,7.79,0,0,7.0,No,67.9,77.1,Good,Low
STU104803,20,Female,CSE,8,64.1,58.0,72.6,47.4,8,11.5,49.1,23,13.0,38,66.1,7.29,0,3,9.0,Yes,61.5,44.2,Poor,High
STU104804,20,Male,IT,8,72.4,88.7,72.9,50.1,12,14.5,68.9,26,22.0,64,72.4,7.39,1,0,9.0,No,67.1,64.0,Average,Medium
STU104805,20,Male,CIVIL,2,66.3,55.5,62.5,45.8,12,12.7,54.9,16,9.0,23,54.7,6.63,1,4,8.0,Yes,53.2,33.3,Poor,High
STU104806,19,Female,IT,3,82.8,53.0,71.2,32.5,13,9.0,44.7,20,9.0,40,42.8,4.49,0,1,10.0,No,55.5,52.1,Average,Medium
STU104807,24,Male,IT,4,100.0,91.6,89.7,65.4,16,11.7,78.9,35,18.0,33,59.4,7.82,0,3,11.0,No,89.8,78.6,Good,Low
STU104808,18,Female,ECE,8,85.5,79.0,82.1,46.7,15,8.9,81.4,34,21.0,17,77.1,5.11,2,0,9.0,Yes,74.8,61.4,Average,Medium
STU104809,22,Male,IT,6,68.4,53.5,49.1,46.6,14,14.0,70.9,28,13.0,47,88.6,5.5,2,4,7.0,Yes,54.3,51.1,Average,Medium
STU104810,21,Male,ECE,8,58.6,46.8,55.1,47.0,10,9.8,50.0,26,9.0,30,28.5,6.03,0,4,9.0,No,52.8,46.2,Poor,High
STU104811,22,Female,CSE,8,66.9,62.2,52.3,71.9,11,14.5,44.6,22,12.0,20,68.7,6.32,0,2,14.0,No,62.2,54.4,Average,Medium
STU104812,23,Male,CSE,3,73.3,47.8,62.9,42.4,14,10.6,72.0,24,19.0,37,57.0,5.95,0,0,8.0,Yes,53.8,58.5,Average,Medium
STU104813,22,Female,CSE,3,72.8,60.8,77.3,63.1,12,16.4,58.3,26,10.0,28,66.9,6.12,3,1,9.0,No,,50.6,Average,Medium
STU104814,23,Male,CSE,6,79.8,75.9,69.5,64.1,14,13.7,64.6,26,19.0,39,54.0,5.86,0,1,8.0,Yes,70.9,64.3,Average,Medium
STU104815,19,Male,AI&DS,7,68.9,57.6,63.7,67.8,14,8.5,61.4,25,19.0,36,72.0,7.39,0,4,9.0,No,61.7,60.4,Average,Medium
STU104816,24,Male,IT,3,44.2,,67.1,35.3,7,2.3,63.3,18,13.0,32,60.4,4.37,2,4,9.0,Yes,34.0,36.5,Poor,High
STU104817,18,Female,AI&DS,6,95.6,90.9,97.4,91.2,17,14.4,76.2,44,23.0,51,80.4,8.65,2,2,11.0,No,90.9,81.2,Excellent,Low
STU104818,22,Male,IT,4,82.8,61.2,57.8,56.4,9,16.0,75.4,24,15.0,33,63.3,5.99,1,5,11.0,No,67.8,58.4,Average,Medium
STU104819,19,Male,CIVIL,7,78.3,78.9,65.8,62.4,13,10.7,70.1,29,13.0,35,65.4,6.44,1,0,9.0,No,66.7,62.3,Average,Medium
STU104820,19,Female,IT,6,60.8,46.7,49.2,52.8,7,7.7,54.0,8,8.0,25,37.0,6.03,3,4,4.0,Yes,51.3,39.7,Poor,High
STU104821,23,Female,CIVIL,6,59.3,62.7,61.1,49.2,6,11.0,45.9,23,9.0,22,45.8,6.93,0,2,10.0,Yes,61.0,47.1,Poor,High
STU104822,22,Male,IT,2,64.9,44.9,56.5,37.8,8,12.2,50.8,23,10.0,39,63.5,6.16,3,4,7.0,Yes,44.4,43.8,Poor,High
STU104823,22,Female,CSE,7,97.2,73.1,82.5,81.4,20,16.8,88.3,36,27.0,38,94.9,7.86,0,0,17.0,No,76.1,87.3,Excellent,Low
STU104824,23,Female,ECE,6,63.3,56.2,67.1,59.8,7,6.5,52.3,16,8.0,24,43.4,7.11,2,3,5.0,Yes,65.1,45.8,Poor,High
STU104825,19,Female,AI&DS,3,93.8,68.3,75.9,70.7,15,11.6,66.3,23,17.0,37,75.5,7.99,3,0,14.0,No,70.0,66.5,Good,Low
STU104826,22,Male,AI&DS,5,79.3,77.6,58.8,51.3,14,8.2,71.5,18,16.0,26,61.6,5.86,1,1,10.0,No,61.7,55.0,Average,Medium
STU104827,19,Female,ECE,3,66.3,65.4,59.6,52.7,9,2.6,49.9,11,11.0,10,50.8,5.56,1,3,8.0,No,63.3,55.4,Average,Medium
STU104828,21,Male,ECE,2,86.4,67.3,64.5,62.4,8,13.1,41.9,40,13.0,24,64.5,7.31,1,1,6.0,No,79.8,69.7,Good,Low
STU104829,20,Male,IT,5,92.8,75.2,84.0,67.6,16,18.4,89.5,44,21.0,57,82.7,6.16,0,0,11.0,Yes,59.5,81.5,Excellent,Low
STU104830,22,Male,AI&DS,6,64.2,34.9,51.8,22.6,8,5.0,64.7,22,16.0,29,60.2,4.83,1,3,11.0,Yes,49.0,47.5,Poor,High
STU104831,18,Male,IT,7,48.1,60.7,57.3,40.0,8,12.3,23.1,13,17.0,23,22.0,5.12,2,4,3.0,No,49.1,48.9,Poor,High
STU104832,18,Female,CSE,8,65.6,33.1,60.6,50.0,13,8.2,74.7,29,20.0,21,62.8,4.4,2,2,6.0,No,46.9,52.1,Average,Medium
STU104833,18,Female,MECH,6,63.5,47.5,50.3,36.1,9,12.5,62.0,19,11.0,33,53.1,5.1,2,3,12.0,Yes,40.2,55.9,Average,Medium
STU104834,19,Male,AI&DS,2,70.4,62.2,73.0,41.1,17,14.3,49.9,17,12.0,33,75.7,5.8,1,1,8.0,Yes,52.0,58.5,Average,Medium
STU104835,22,Male,IT,4,56.9,68.8,65.2,42.7,9,8.4,44.6,23,6.0,26,29.4,5.84,2,3,2.0,Yes,54.0,38.0,Poor,High
STU104836,19,Male,EEE,5,75.3,71.7,74.6,49.6,11,5.3,51.7,23,18.0,31,58.7,5.4,1,1,10.0,Yes,68.1,60.1,Average,Medium
STU104837,24,Female,CSE,8,63.3,46.9,62.1,30.8,7,7.5,32.9,16,9.0,11,31.5,5.78,2,2,6.0,Yes,39.6,43.2,Poor,High
STU104838,20,Male,IT,2,82.8,71.3,60.7,59.3,11,12.3,60.0,22,14.0,15,45.5,5.48,1,4,11.0,No,65.6,48.3,Poor,High
STU104839,20,Female,AI&DS,8,83.6,72.7,67.2,64.7,10,14.9,70.0,27,19.0,30,48.6,6.82,1,2,14.0,No,71.5,77.4,Good,Low
STU104840,24,Male,IT,3,71.8,68.1,61.3,66.4,12,13.5,52.3,28,13.0,28,63.0,6.44,1,1,9.0,No,72.2,63.8,Average,Medium
STU104841,19,Female,CSE,6,66.6,79.4,53.1,66.2,11,14.6,51.7,23,15.0,26,52.9,6.41,1,0,10.0,No,56.1,58.8,Average,Medium
STU104842,19,Female,CSE,5,87.3,47.1,71.4,48.3,12,,65.9,27,18.0,37,66.9,5.36,2,4,11.0,Yes,59.8,58.5,Average,Medium
STU104843,20,Male,AI&DS,8,63.0,53.1,63.3,51.4,10,9.3,60.0,17,18.0,34,57.6,4.5,3,4,5.0,Yes,55.6,47.4,Poor,High
STU104844,18,Female,MECH,4,67.3,55.7,56.0,49.7,9,8.4,36.4,26,14.0,28,48.0,5.97,1,5,6.0,Yes,65.0,49.6,Poor,High
STU104845,22,Female,CIVIL,5,80.1,68.5,81.9,63.1,14,15.1,73.2,37,21.0,12,78.9,6.95,1,0,16.0,No,70.3,74.7,Good,Low
STU104846,23,Female,EEE,6,75.3,63.2,73.7,64.8,10,13.4,72.0,32,16.0,36,80.1,7.27,1,3,13.0,No,61.1,67.1,Good,Low
STU104847,20,Male,CSE,3,69.2,76.1,80.3,82.2,14,13.5,78.8,37,19.0,40,70.0,6.67,1,1,10.0,No,69.9,76.0,Good,Low
STU104848,24,Female,ECE,3,80.3,74.9,85.6,76.1,14,10.9,78.9,33,24.0,40,72.8,6.74,0,0,14.0,No,68.3,78.1,Good,Low
STU104849,18,Male,ECE,7,58.9,50.2,49.8,59.2,11,17.5,59.9,28,20.0,16,46.9,5.95,2,4,11.0,Yes,48.1,49.4,Poor,High
STU104850,21,Female,AI&DS,7,68.8,69.1,74.9,63.1,13,11.4,68.4,33,22.0,51,75.5,5.76,0,1,9.0,No,58.9,60.8,Average,Medium
STU104851,23,Female,ECE,6,77.1,70.1,60.6,50.6,11,8.2,53.9,23,12.0,48,49.6,5.46,1,2,9.0,No,38.7,57.0,Average,Medium
STU104852,20,Female,ECE,3,77.5,58.1,79.0,42.5,11,15.5,73.6,29,22.0,37,73.9,6.22,2,1,8.0,Yes,63.9,56.2,Average,Medium
STU104853,24,Female,EEE,3,77.8,86.6,83.9,85.9,12,18.9,77.2,32,19.0,70,96.3,7.42,0,0,8.0,No,77.8,78.9,Good,Low
STU104854,21,Male,EEE,8,68.4,56.9,53.2,39.2,10,9.9,58.4,22,16.0,5,39.3,5.45,1,1,6.0,Yes,58.3,52.9,Average,Medium
STU104855,24,Female,CSE,8,75.7,72.6,64.6,60.0,12,14.7,57.8,19,20.0,26,53.4,6.47,2,3,5.0,No,71.0,56.8,Average,Medium
STU104856,22,Female,IT,4,95.0,73.8,79.1,97.4,14,19.8,85.3,37,24.0,48,80.5,8.55,0,1,13.0,No,86.2,77.7,Good,Low
STU104857,19,Male,CIVIL,5,62.1,53.4,46.7,57.1,5,3.8,39.5,26,11.0,35,42.0,4.46,0,6,7.0,Yes,48.9,50.4,Average,Medium
STU104858,23,Male,CIVIL,2,49.2,52.8,72.4,55.7,10,10.8,58.8,17,9.0,29,64.7,5.56,2,4,6.0,Yes,59.5,52.0,Average,Medium
STU104859,18,Female,CIVIL,6,75.3,64.7,65.6,51.5,9,6.6,52.9,18,12.0,18,44.9,6.62,1,3,10.0,Yes,52.9,45.4,Poor,High
STU104860,19,Male,ECE,2,79.7,56.3,62.1,64.1,12,12.0,52.3,21,18.0,40,61.7,6.89,2,5,11.0,No,62.1,52.3,Average,Medium
STU104861,23,Female,IT,2,75.5,35.6,75.6,49.1,9,10.9,36.9,15,8.0,25,51.3,4.12,2,4,7.0,No,47.1,42.3,Poor,High
STU104862,24,Male,AI&DS,5,75.5,74.1,76.0,59.7,13,12.1,65.0,18,10.0,29,46.6,8.12,2,2,9.0,No,68.0,52.1,Average,Medium
STU104863,20,Female,ECE,7,74.7,74.3,61.9,59.0,6,20.9,49.8,15,15.0,25,49.1,6.68,1,4,3.0,Yes,60.0,55.2,Average,Medium
STU104864,22,Female,CIVIL,8,64.6,71.4,74.7,63.2,9,13.4,53.7,24,8.0,20,65.4,7.96,1,4,8.0,No,62.7,55.2,Average,Medium
STU104865,22,Male,IT,5,79.9,50.8,77.9,48.3,19,6.0,72.9,26,20.0,45,79.6,5.65,1,2,10.0,No,62.2,53.8,Average,Medium
STU104866,23,Male,ECE,5,63.6,43.7,66.4,52.6,11,15.3,54.2,21,15.0,21,54.0,7.24,2,3,5.0,Yes,61.6,44.6,Poor,High
STU104867,24,Male,CIVIL,5,70.5,65.0,64.9,44.5,17,19.2,76.1,35,18.0,28,81.9,4.41,2,1,11.0,Yes,56.5,61.8,Average,Medium
STU104868,18,Female,EEE,5,81.5,73.0,53.8,72.6,14,5.6,64.9,28,16.0,50,42.1,8.89,2,3,6.0,No,74.8,51.2,Average,Medium
STU104869,19,Male,AI&DS,7,90.3,71.4,98.1,69.8,14,22.1,72.4,36,26.0,51,73.5,8.53,1,0,10.0,No,81.5,79.8,Good,Low
STU104870,24,Male,IT,7,57.7,59.9,64.4,45.1,14,9.3,35.2,21,6.0,21,35.1,7.54,0,4,8.0,Yes,56.9,52.3,Average,Medium
STU104871,21,Female,ECE,5,77.9,46.2,66.6,26.5,13,10.5,51.3,23,17.0,10,59.8,5.58,3,2,8.0,Yes,57.8,46.5,Poor,High
STU104872,21,Female,CIVIL,3,72.1,72.5,88.6,71.5,14,11.7,85.9,31,23.0,48,85.2,7.01,2,0,12.0,No,75.8,70.2,Good,Low
STU104873,20,Male,CIVIL,7,66.0,62.2,71.0,40.5,12,12.7,74.4,28,15.0,35,57.8,6.04,0,3,12.0,Yes,59.9,50.3,Average,Medium
STU104874,20,Female,CSE,6,58.6,50.8,71.3,54.4,14,9.3,40.4,19,15.0,38,68.6,6.66,3,6,9.0,Yes,56.1,47.4,Poor,High
STU104875,19,Female,IT,4,66.9,46.2,47.1,45.4,9,12.7,39.7,19,8.0,1,24.2,5.66,1,2,2.0,Yes,52.5,33.0,Poor,High
STU104876,20,Female,CSE,3,69.3,63.1,69.6,64.0,6,,56.2,17,13.0,20,70.5,7.24,1,2,6.0,Yes,71.0,61.3,Average,Medium
STU104877,18,Female,CIVIL,4,83.0,57.5,83.4,59.6,11,,66.4,31,19.0,42,75.3,7.46,0,2,12.0,No,68.6,68.7,Good,Low
STU104878,20,Female,MECH,7,81.8,76.3,73.4,69.2,13,7.5,77.2,33,23.0,45,77.6,7.52,1,3,15.0,Yes,81.0,63.8,Average,Medium
STU104879,24,Female,MECH,4,91.9,79.9,66.7,78.9,19,24.1,77.1,37,21.0,54,76.4,7.22,1,3,16.0,No,93.3,68.1,Good,Low
STU104880,19,Female,IT,8,74.2,53.3,59.3,59.4,12,16.5,50.9,26,17.0,31,55.1,5.75,1,2,8.0,No,57.3,48.0,Poor,High
STU104881,23,Male,EEE,3,77.1,55.1,57.2,62.9,10,18.8,61.9,29,20.0,32,60.8,5.97,0,2,11.0,Yes,61.3,74.0,Good,Low
STU104882,18,Female,AI&DS,3,83.7,67.0,93.1,71.0,14,20.2,82.0,38,18.0,51,73.2,6.64,2,0,14.0,No,72.8,63.6,Average,Medium
STU104883,23,Female,EEE,2,75.1,55.2,57.0,50.3,11,9.6,51.3,17,10.0,14,50.3,5.93,1,3,10.0,No,61.1,44.7,Poor,High
STU104884,19,Male,MECH,3,67.1,60.1,60.1,62.0,11,12.2,79.4,28,11.0,37,64.4,6.98,0,4,13.0,No,74.2,51.9,Average,Medium
STU104885,22,Male,AI&DS,3,79.9,57.6,74.9,53.4,14,16.3,83.1,32,24.0,44,77.7,7.78,3,2,12.0,Yes,75.6,63.9,Average,Medium
STU104886,21,Female,AI&DS,7,63.6,64.8,77.0,50.4,12,14.0,60.7,26,14.0,47,69.6,5.0,2,2,13.0,No,56.7,54.3,Average,Medium
STU104887,23,Male,ECE,5,81.9,61.3,73.3,73.0,11,9.6,66.5,23,14.0,14,72.6,,1,3,9.0,Yes,69.2,62.5,Average,Medium
STU104888,22,Male,IT,6,74.2,79.2,71.7,82.8,10,13.8,74.2,36,19.0,39,67.3,6.91,0,4,9.0,No,84.4,69.0,Good,Low
STU104889,21,Male,EEE,2,,55.1,62.5,50.1,15,7.5,67.1,30,21.0,47,53.7,6.57,1,6,16.0,No,48.6,48.4,Poor,High
STU104890,23,Male,IT,6,94.6,81.3,88.2,79.3,20,16.4,77.7,31,25.0,62,87.4,6.82,2,1,16.0,No,78.9,87.7,Excellent,Low
STU104891,24,Female,ECE,6,85.5,82.3,92.6,57.5,18,14.8,79.7,30,23.0,38,84.0,6.3,0,0,12.0,No,70.2,88.6,Excellent,Low
STU104892,22,Male,IT,5,65.2,49.7,41.5,40.9,8,7.2,50.1,15,11.0,20,48.9,5.07,1,2,10.0,Yes,38.3,56.3,Average,Medium
STU104893,19,Male,CIVIL,6,58.2,39.1,49.7,59.8,12,10.7,59.0,17,8.0,22,66.7,4.62,3,4,11.0,Yes,61.9,36.6,Poor,High
STU104894,18,Male,AI&DS,2,78.9,54.8,83.1,34.4,13,6.2,64.3,22,18.0,42,44.5,6.22,0,1,8.0,Yes,52.2,53.2,Average,Medium
STU104895,21,Female,ECE,5,62.2,55.4,69.6,37.7,11,7.5,38.3,22,11.0,26,55.8,5.96,1,3,7.0,Yes,58.5,41.8,Poor,High
STU104896,21,Female,IT,7,81.3,62.6,58.8,59.7,12,10.7,68.0,23,11.0,28,66.4,6.04,1,1,5.0,No,65.8,60.6,Average,Medium
STU104897,22,Male,IT,2,71.4,62.6,97.4,71.2,11,17.1,84.7,36,9.0,36,86.2,7.46,1,5,14.0,No,70.9,67.3,Good,Low
STU104898,22,Male,ECE,3,69.0,75.1,81.1,69.0,12,17.0,66.4,28,13.0,35,68.5,7.45,1,3,12.0,No,66.5,54.6,Average,Medium
STU104899,19,Male,CIVIL,7,84.4,71.5,67.8,72.7,9,14.3,64.8,24,13.0,44,65.9,6.93,0,5,10.0,No,67.7,63.5,Average,Medium
STU104900,23,Male,IT,5,69.4,57.7,81.7,52.3,8,9.3,69.4,29,15.0,41,66.8,7.9,2,2,6.0,No,61.0,61.8,Average,Medium
STU104901,24,Female,AI&DS,3,64.5,53.8,49.2,39.3,10,7.5,33.5,18,11.0,3,35.8,4.56,2,5,11.0,Yes,49.9,45.6,Poor,High
STU104902,20,Female,ECE,4,49.4,57.9,62.8,59.7,9,10.4,40.7,16,10.0,29,53.0,6.73,1,4,11.0,No,61.4,43.3,Poor,High
STU104903,24,Female,MECH,8,76.6,56.4,74.9,59.3,9,11.2,68.5,23,17.0,45,73.1,7.11,0,3,12.0,No,61.3,56.0,Average,Medium
STU104904,24,Female,CSE,4,71.7,61.6,66.7,63.9,9,14.0,35.2,27,9.0,29,50.9,8.64,0,2,4.0,No,69.2,58.8,Average,Medium
STU104905,20,Female,CIVIL,4,92.9,69.9,93.4,77.2,19,17.7,100.0,39,26.0,54,85.3,8.09,0,1,19.0,No,76.2,78.6,Good,Low
STU104906,23,Male,CSE,7,79.1,75.3,78.8,84.5,15,16.1,79.7,30,21.0,52,75.8,7.46,1,3,12.0,No,71.4,78.1,Good,Low
STU104907,24,Female,ECE,3,82.8,70.6,78.8,77.9,13,15.3,87.0,38,25.0,57,76.8,7.67,0,1,9.0,Yes,79.1,81.2,Excellent,Low
STU104908,23,Male,AI&DS,5,73.2,58.7,66.2,60.0,10,6.4,60.5,24,19.0,26,70.4,5.44,0,2,9.0,Yes,73.4,68.1,Good,Low
STU104909,20,Female,MECH,4,63.3,45.7,70.4,72.9,11,10.3,65.8,20,9.0,13,50.3,6.3,0,5,7.0,Yes,66.3,46.8,Poor,High
STU104910,22,Male,AI&DS,5,73.7,69.9,71.3,60.1,12,11.6,58.3,22,15.0,29,60.4,7.78,1,3,8.0,No,62.3,54.8,Average,Medium
STU104911,22,Male,ECE,3,81.0,58.2,64.4,50.0,10,10.3,55.5,18,11.0,14,48.0,5.74,3,2,9.0,Yes,60.7,51.1,Average,Medium
STU104912,20,Male,AI&DS,8,73.3,83.9,76.6,68.4,15,10.0,87.5,27,17.0,44,62.9,6.76,2,3,17.0,No,78.1,51.6,Average,Medium
STU104913,22,Male,CSE,2,79.5,67.0,65.9,61.2,14,12.4,60.9,31,19.0,32,85.0,8.09,1,4,10.0,No,64.8,65.3,Good,Low
STU104914,24,Male,CIVIL,5,63.8,57.2,78.6,45.9,11,13.8,69.4,23,18.0,42,63.3,5.31,1,1,7.0,Yes,57.3,58.6,Average,Medium
STU104915,18,Female,AI&DS,6,92.5,83.9,94.5,66.0,16,19.3,62.9,33,24.0,37,80.8,7.88,2,0,16.0,Yes,66.9,85.3,Excellent,Low
STU104916,24,Male,AI&DS,7,60.3,44.1,62.7,67.1,5,10.3,41.4,14,9.0,22,36.0,5.45,1,4,7.0,Yes,39.2,52.4,Average,Medium
STU104917,20,Other,CSE,2,52.2,53.5,44.5,31.4,4,3.8,51.6,17,11.0,23,59.6,5.47,2,5,8.0,Yes,41.5,39.9,Poor,High
STU104918,23,Male,ECE,8,70.4,60.2,63.3,54.4,11,12.6,64.6,40,14.0,36,87.1,6.72,0,5,15.0,Yes,63.6,56.3,Average,Medium
STU104919,18,Female,AI&DS,3,81.0,58.2,76.8,60.1,11,17.9,68.9,29,19.0,35,51.9,,2,3,7.0,No,74.6,63.4,Average,Medium
STU104920,24,Male,EEE,6,64.8,69.2,68.2,57.8,14,19.2,62.8,11,14.0,39,53.3,7.45,0,1,10.0,Yes,52.4,74.3,Good,Low
STU104921,21,Male,MECH,2,57.4,65.6,49.5,48.5,9,8.8,56.7,18,9.0,47,45.6,6.92,1,4,6.0,No,61.8,48.6,Poor,High
STU104922,24,Male,CSE,3,57.7,64.4,70.6,57.7,5,10.0,39.4,7,5.0,27,38.9,6.99,1,4,2.0,Yes,56.8,45.9,Poor,High
STU104923,20,Male,CSE,5,46.5,62.1,64.9,66.2,9,13.4,45.8,18,18.0,32,47.9,,2,3,9.0,Yes,58.3,50.9,Average,Medium
STU104924,23,Male,AI&DS,2,77.7,35.8,69.2,35.2,12,11.2,65.2,24,15.0,43,62.0,6.17,2,4,8.0,No,48.0,53.1,Average,Medium
STU104925,22,Female,IT,5,65.9,39.9,54.9,38.6,7,8.0,43.1,8,13.0,28,52.5,5.28,1,2,5.0,Yes,39.1,48.7,Poor,High
STU104926,19,Male,CSE,5,58.2,76.9,65.2,72.8,11,12.8,63.4,34,17.0,52,60.0,8.06,0,5,10.0,Yes,64.2,65.1,Good,Low
STU104927,19,Male,MECH,5,81.0,82.0,62.6,70.9,9,,49.3,20,16.0,23,47.7,8.49,1,1,5.0,No,72.4,67.0,Good,Low
STU104928,21,Male,IT,2,72.8,67.1,46.3,82.3,10,15.6,53.8,24,7.0,15,50.7,6.34,2,0,12.0,Yes,68.3,60.7,Average,Medium
STU104929,21,Female,CSE,7,70.2,80.9,82.9,91.2,15,19.2,73.6,30,25.0,68,81.4,7.42,0,1,15.0,No,86.4,86.2,Excellent,Low
STU104930,22,Male,AI&DS,4,77.6,70.3,77.0,86.9,13,14.7,69.7,31,24.0,51,74.9,7.78,0,3,12.0,No,76.3,70.2,Good,Low
STU104931,23,Male,CIVIL,7,68.1,,78.5,49.7,9,20.0,47.0,25,11.0,28,60.1,6.69,1,4,8.0,Yes,66.4,53.6,Average,Medium
STU104932,23,Male,IT,3,70.7,44.7,64.2,51.4,10,10.8,52.2,13,14.0,15,50.3,5.78,2,4,9.0,No,63.9,43.9,Poor,High
STU104933,18,Female,AI&DS,3,76.4,76.5,80.1,83.2,14,17.3,66.1,44,17.0,44,68.4,8.39,1,0,10.0,No,67.6,75.0,Good,Low
STU104934,21,Female,EEE,2,93.8,70.0,75.9,51.2,12,11.5,62.6,29,14.0,49,62.9,7.57,2,0,6.0,Yes,66.5,58.1,Average,Medium
STU104935,19,Male,MECH,7,83.4,49.5,64.7,48.5,12,7.7,58.2,19,8.0,10,33.4,6.05,3,1,7.0,Yes,55.1,48.9,Poor,High
STU104936,21,Female,ECE,4,59.1,75.3,54.0,59.4,8,9.3,70.6,19,15.0,46,62.1,7.15,3,3,10.0,No,63.0,46.9,Poor,High
STU104937,21,Male,MECH,2,82.3,58.5,59.7,71.4,12,14.2,65.6,28,16.0,35,75.5,8.53,0,1,11.0,No,69.3,67.2,Good,Low
STU104938,24,Male,EEE,3,69.8,48.5,52.8,54.9,7,15.9,80.9,11,13.0,27,45.1,4.56,2,3,6.0,No,55.2,38.2,Poor,High
STU104939,20,Female,IT,2,81.4,61.8,78.6,70.1,14,15.9,81.4,34,17.0,45,85.1,8.97,0,3,19.0,No,83.6,66.2,Good,Low
STU104940,21,Female,ECE,2,66.8,28.3,63.1,40.9,11,11.7,44.7,22,12.0,21,58.1,5.37,1,4,3.0,Yes,49.0,46.4,Poor,High
STU104941,21,Male,ECE,2,86.1,82.3,82.1,69.0,14,12.1,85.2,20,17.0,25,59.0,5.97,1,4,10.0,No,79.8,76.1,Good,Low
STU104942,18,Female,MECH,7,75.9,62.8,65.6,55.2,10,14.1,54.7,22,16.0,52,65.3,6.19,0,1,10.0,No,74.9,63.6,Average,Medium
STU104943,18,Male,CSE,6,69.0,40.2,66.0,60.7,11,11.2,56.4,17,12.0,39,52.7,6.68,1,6,7.0,Yes,43.3,38.9,Poor,High
STU104944,22,Female,ECE,8,62.9,46.6,62.8,34.3,8,7.5,52.3,27,8.0,36,53.2,5.56,0,6,10.0,Yes,50.5,36.8,Poor,High
STU104945,20,Female,CSE,8,84.2,80.9,80.4,56.3,9,18.0,48.7,26,12.0,31,55.0,6.3,1,2,12.0,No,63.6,68.0,Good,Low
STU104946,20,Female,EEE,6,70.8,82.8,71.2,75.9,10,16.5,58.9,15,11.0,34,37.6,8.78,0,3,6.0,No,73.6,67.0,Good,Low
STU104947,24,Male,ECE,5,83.8,59.5,75.9,76.9,16,21.8,87.1,36,23.0,56,98.6,6.73,0,3,8.0,No,72.9,80.6,Excellent,Low
STU104948,19,Male,CIVIL,8,85.0,64.6,79.4,62.8,13,14.9,76.0,29,23.0,43,69.3,6.84,1,4,12.0,Yes,63.1,77.4,Good,Low
STU104949,24,Male,CIVIL,8,72.1,62.9,82.2,54.5,10,12.5,59.5,14,17.0,19,54.8,5.79,1,2,11.0,No,54.1,61.4,Average,Medium
STU104950,22,Male,ECE,3,91.0,80.1,78.3,61.6,15,14.8,62.0,27,23.0,38,84.2,7.04,0,0,15.0,No,75.7,68.6,Good,Low
STU104951,19,Male,EEE,6,83.8,75.2,70.6,78.0,16,15.4,78.9,25,24.0,50,73.4,8.66,1,2,13.0,No,84.2,80.1,Excellent,Low
STU104952,24,Female,AI&DS,7,68.6,37.6,37.7,47.1,6,13.9,43.0,14,10.0,40,44.9,6.05,1,2,5.0,Yes,43.3,35.4,Poor,High
STU104953,22,Female,AI&DS,8,64.0,55.7,59.2,34.2,8,9.2,63.4,20,15.0,23,50.0,8.07,1,4,11.0,Yes,44.2,43.7,Poor,High
STU104954,20,Female,CSE,4,70.1,42.6,60.5,36.2,12,12.2,49.0,19,16.0,23,57.7,4.62,2,2,9.0,Yes,36.8,46.2,Poor,High
STU104955,21,Female,CSE,6,82.1,77.5,60.1,62.5,9,,64.3,25,16.0,36,71.6,8.41,1,1,10.0,No,76.2,65.3,Good,Low
STU104956,20,Male,CIVIL,5,85.2,80.1,84.3,75.6,12,21.0,,28,15.0,52,65.5,9.05,2,1,14.0,No,77.9,74.0,Good,Low
STU104957,23,Male,IT,6,61.8,56.2,69.0,57.2,14,12.4,69.2,30,17.0,41,61.4,5.57,0,4,12.0,Yes,61.6,57.7,Average,Medium
STU104958,21,Male,ECE,6,55.8,37.3,32.5,35.8,6,1.7,42.4,16,8.0,16,,4.3,3,4,7.0,No,56.1,27.4,Poor,High
STU104959,18,Female,CSE,6,79.3,64.4,75.1,67.3,15,16.1,71.0,18,14.0,32,68.7,8.07,0,2,10.0,No,61.2,63.3,Average,Medium
STU104960,22,Male,CSE,7,69.3,67.2,65.8,44.5,9,17.8,60.8,23,17.0,41,66.1,6.08,2,4,8.0,Yes,66.0,46.6,Poor,High
STU104961,23,Male,CSE,2,83.5,64.6,60.0,51.4,13,11.7,47.9,22,7.0,26,79.0,5.49,0,6,7.0,No,67.4,66.8,Good,Low
STU104962,20,Male,IT,2,65.0,77.3,74.7,70.9,13,17.1,73.0,30,19.0,34,50.3,6.09,1,2,12.0,Yes,73.3,61.0,Average,Medium
STU104963,24,Female,ECE,7,56.3,52.8,69.2,59.7,13,13.3,74.0,31,16.0,38,51.7,5.59,0,3,4.0,No,57.3,50.3,Average,Medium
STU104964,20,Female,IT,4,77.4,61.4,71.2,56.6,8,14.3,65.8,24,8.0,38,64.3,6.73,1,3,5.0,No,59.2,51.1,Average,Medium
STU104965,19,Female,AI&DS,4,66.7,63.0,67.5,65.1,11,8.9,60.4,24,14.0,34,37.9,5.26,1,6,6.0,No,59.2,43.0,Poor,High
STU104966,22,Male,EEE,7,66.3,53.1,57.8,50.5,15,11.6,53.5,26,13.0,46,63.9,7.79,0,5,9.0,No,,54.9,Average,Medium
STU104967,18,Female,MECH,5,79.2,50.9,67.6,59.9,11,15.2,68.6,37,21.0,29,60.3,6.89,1,1,7.0,No,58.7,68.4,Good,Low
STU104968,24,Male,CSE,5,59.9,46.1,73.4,67.5,10,9.6,55.7,28,19.0,32,60.1,4.0,3,0,7.0,Yes,53.4,51.7,Average,Medium
STU104969,22,Female,MECH,8,80.4,48.5,62.3,59.2,11,15.7,53.1,27,16.0,34,62.4,6.6,0,5,8.0,Yes,57.3,59.4,Average,Medium
STU104970,20,Male,CIVIL,4,66.8,74.2,59.6,51.8,10,10.4,48.0,22,12.0,53,67.3,6.45,2,3,8.0,No,68.0,51.9,Average,Medium
STU104971,18,Male,CSE,3,86.0,69.4,73.0,61.8,13,12.9,55.0,14,21.0,34,57.8,6.35,1,5,11.0,No,71.8,59.6,Average,Medium
STU104972,22,Male,CSE,2,51.7,44.3,57.8,40.3,8,7.3,47.4,12,4.0,11,,5.38,1,6,3.0,No,52.1,33.0,Poor,High
STU104973,22,Male,ECE,8,91.2,73.2,77.4,58.4,11,,77.4,16,14.0,45,65.4,7.34,1,1,11.0,No,75.4,61.7,Average,Medium
STU104974,23,Female,IT,2,67.5,31.7,54.1,26.4,6,4.4,15.2,8,10.0,12,24.6,4.47,3,4,6.0,Yes,25.7,25.2,Poor,High
STU104975,19,Male,IT,4,67.4,78.2,64.1,40.8,10,13.5,43.1,14,11.0,38,43.4,5.4,0,4,6.0,No,57.5,59.9,Average,Medium
STU104976,19,Female,CSE,4,77.3,56.4,74.6,41.1,14,6.2,74.6,21,21.0,34,66.1,6.6,3,1,13.0,Yes,56.6,54.4,Average,Medium
STU104977,20,Male,CIVIL,8,70.6,59.9,72.4,69.7,11,9.4,67.4,29,21.0,51,52.6,5.69,2,3,15.0,No,52.5,50.6,Average,Medium
STU104978,23,Male,CIVIL,5,90.0,69.2,69.9,43.5,13,16.2,64.3,23,11.0,39,62.8,6.9,1,2,11.0,No,63.8,57.6,Average,Medium
STU104979,24,Female,IT,2,81.2,64.5,82.4,81.7,12,15.6,62.9,25,20.0,43,77.9,7.41,1,1,12.0,Yes,71.0,68.1,Good,Low
STU104980,20,Female,CSE,3,65.7,56.2,55.1,54.5,8,9.4,51.0,19,13.0,31,55.0,6.94,2,5,10.0,No,69.4,50.4,Average,Medium
STU104981,18,Female,IT,5,74.9,80.2,71.5,79.6,13,13.5,71.9,20,13.0,40,67.5,6.4,1,2,18.0,No,85.2,69.4,Good,Low
STU104982,18,Female,CIVIL,7,80.7,65.2,74.7,75.7,10,13.6,52.0,29,14.0,22,67.3,6.99,2,1,13.0,No,66.5,55.2,Average,Medium
STU104983,21,Female,EEE,2,80.0,56.8,79.8,55.4,13,4.6,51.8,28,18.0,34,63.9,5.53,1,4,17.0,No,48.6,58.6,Average,Medium
STU104984,18,Male,CSE,7,71.5,63.5,55.2,75.1,16,16.7,70.2,31,20.0,43,71.4,8.81,1,4,9.0,No,73.7,61.5,Average,Medium
STU104985,23,Female,AI&DS,3,86.2,44.7,59.7,39.0,12,9.8,64.6,18,11.0,15,61.4,5.12,1,4,12.0,No,59.3,54.5,Average,Medium
STU104986,18,Female,AI&DS,3,76.0,69.6,81.7,61.6,10,18.2,53.8,27,16.0,32,43.9,7.35,1,1,10.0,No,64.7,75.6,Good,Low
STU104987,20,Female,CIVIL,2,83.3,52.8,76.5,71.7,11,17.0,83.4,25,16.0,28,68.2,7.88,1,3,13.0,No,74.2,64.3,Average,Medium
STU104988,23,Female,CIVIL,3,66.2,68.7,68.3,79.8,16,4.8,73.9,27,14.0,40,70.7,6.34,0,3,14.0,No,63.8,73.1,Good,Low
STU104989,21,Male,IT,6,76.4,56.6,68.1,44.4,9,9.6,53.8,20,12.0,30,51.0,5.92,0,3,9.0,No,66.1,58.7,Average,Medium
STU104990,22,Female,ECE,8,81.4,72.7,75.3,74.3,13,20.6,48.2,18,17.0,37,58.3,7.39,0,3,9.0,No,66.1,56.8,Average,Medium
STU104991,20,Female,IT,2,66.5,45.9,72.8,44.3,12,11.6,61.6,21,11.0,18,64.4,4.65,2,4,5.0,No,43.5,60.9,Average,Medium
STU104992,23,Female,IT,8,79.1,60.2,65.5,62.8,12,13.9,64.7,33,18.0,31,83.3,7.58,2,5,12.0,Yes,61.4,59.8,Average,Medium
STU104993,20,Female,CSE,3,57.1,33.9,68.5,59.8,10,8.6,51.5,21,12.0,34,52.5,5.93,1,5,5.0,Yes,50.7,44.5,Poor,High
STU104994,23,Male,AI&DS,8,89.4,53.5,88.1,32.0,17,16.0,67.1,26,15.0,48,79.9,5.85,2,2,13.0,No,47.5,55.8,Average,Medium
STU104995,24,Female,CIVIL,7,68.6,72.7,69.1,65.7,12,9.9,60.4,27,17.0,49,86.5,6.33,0,3,15.0,Yes,67.5,69.7,Good,Low
STU104996,20,Female,MECH,6,86.7,64.5,78.9,62.3,16,15.0,,37,21.0,38,82.3,7.87,0,4,13.0,No,70.2,68.4,Good,Low
STU104997,19,Male,AI&DS,5,63.9,51.7,75.0,61.0,7,13.0,51.1,25,13.0,26,43.1,6.77,2,1,5.0,Yes,64.6,59.1,Average,Medium
STU104998,24,Female,CIVIL,8,73.3,66.2,81.7,70.0,11,16.6,57.6,31,19.0,37,60.3,6.52,1,4,13.0,No,68.1,57.6,Average,Medium
STU104999,22,Female,AI&DS,5,81.6,60.6,67.9,74.8,14,13.7,55.7,29,12.0,23,46.5,7.06,1,4,7.0,No,70.4,68.1,Good,Low
STU105000,24,Female,EEE,3,83.1,61.0,76.2,64.9,9,12.2,78.1,19,18.0,27,74.3,6.34,0,3,8.0,Yes,,65.5,Good,Low
STU105001,20,Female,IT,4,65.3,63.2,74.0,53.3,10,13.1,74.2,29,16.0,29,88.0,6.56,2,3,10.0,No,71.8,45.0,Poor,High
STU105002,20,Male,AI&DS,3,77.4,54.0,64.4,59.1,11,10.7,59.2,25,15.0,48,64.3,5.74,1,5,9.0,Yes,50.3,54.2,Average,Medium
STU105003,18,Male,CSE,3,85.2,44.6,73.8,68.8,14,16.2,51.5,25,12.0,37,58.0,5.77,2,3,11.0,Yes,62.2,43.6,Poor,High
STU105004,23,Male,MECH,2,77.8,92.2,60.8,67.0,11,20.3,66.9,15,12.0,49,71.0,5.94,1,3,11.0,No,79.2,67.8,Good,Low
STU105005,23,Female,MECH,5,90.2,67.8,76.0,70.6,14,14.4,89.7,28,22.0,44,64.4,5.9,1,2,12.0,Yes,76.6,74.4,Good,Low
STU105006,23,Female,AI&DS,5,68.7,57.1,63.8,60.1,13,5.9,77.9,33,13.0,43,81.4,5.7,1,4,8.0,Yes,64.0,51.5,Average,Medium
STU105007,20,Female,ECE,5,61.8,28.1,69.4,57.3,13,7.8,55.8,23,11.0,15,48.9,6.04,3,5,10.0,Yes,56.0,38.8,Poor,High
STU105008,21,Female,ECE,3,72.6,64.7,75.1,66.3,14,14.6,70.0,26,17.0,51,68.6,6.75,0,0,6.0,No,75.6,63.8,Average,Medium
STU105009,21,Female,CIVIL,3,84.2,55.6,74.2,62.6,15,5.3,57.1,23,19.0,33,76.1,6.24,0,2,15.0,No,68.3,57.2,Average,Medium
STU105010,18,Female,MECH,5,67.0,60.3,72.4,69.0,10,17.2,58.0,24,13.0,31,57.3,6.48,1,7,9.0,No,67.1,65.1,Good,Low
STU105011,18,Female,AI&DS,4,64.8,74.3,54.5,83.7,11,11.9,72.0,35,11.0,51,48.0,7.24,0,6,12.0,No,75.2,59.1,Average,Medium
STU105012,20,Male,AI&DS,2,65.4,50.0,58.6,48.2,8,7.5,62.8,25,10.0,27,63.0,5.72,1,5,16.0,No,47.2,35.6,Poor,High
STU105013,21,Male,AI&DS,7,57.1,43.5,61.7,53.3,4,7.0,51.4,7,12.0,22,32.8,5.66,3,4,5.0,No,59.3,44.4,Poor,High
STU105014,24,Male,CSE,5,74.5,78.8,83.3,75.0,15,15.7,82.2,27,22.0,42,78.6,7.82,0,4,12.0,No,68.8,63.2,Average,Medium
STU105015,24,Male,CSE,3,80.8,67.9,59.5,64.9,13,14.6,42.7,16,9.0,48,45.1,7.45,1,3,9.0,No,72.3,59.7,Average,Medium
STU105016,23,Female,CIVIL,8,77.4,49.0,66.7,62.7,8,14.2,53.0,32,13.0,23,58.7,5.44,3,0,11.0,Yes,54.7,54.6,Average,Medium
STU105017,24,Male,CIVIL,3,68.7,59.7,47.4,56.6,16,13.6,63.0,22,18.0,19,60.4,6.72,1,4,8.0,No,62.4,51.5,Average,Medium
STU105018,23,Male,AI&DS,7,98.5,56.9,70.8,55.8,10,15.6,43.6,26,14.0,20,68.8,5.57,1,0,7.0,Yes,62.6,60.5,Average,Medium
STU105019,21,Male,CIVIL,2,61.5,47.7,57.7,47.6,7,5.5,52.4,21,10.0,16,60.2,5.89,2,4,6.0,Yes,46.6,47.5,Poor,High
STU105020,24,Male,EEE,4,91.1,84.4,76.1,76.0,12,15.3,65.9,31,14.0,26,84.8,6.4,0,6,11.0,No,78.2,62.9,Average,Medium
STU105021,24,Male,MECH,3,57.7,74.7,50.8,54.7,8,9.4,35.3,13,9.0,26,52.9,5.12,1,3,6.0,Yes,54.6,47.0,Poor,High
STU105022,19,Female,IT,2,82.2,79.4,75.3,74.0,18,17.7,84.7,27,23.0,35,73.5,6.49,1,3,11.0,No,81.0,77.3,Good,Low
STU105023,19,Female,AI&DS,5,66.2,43.7,70.2,60.2,10,12.8,45.5,14,19.0,22,54.0,5.38,0,1,7.0,Yes,57.4,49.8,Poor,High
STU105024,24,Female,MECH,3,81.4,54.4,82.0,41.2,12,12.0,96.0,32,24.0,22,84.5,6.43,2,2,11.0,Yes,67.5,67.5,Good,Low
STU105025,18,Male,AI&DS,3,70.0,72.9,60.6,59.2,14,11.6,57.4,21,16.0,46,43.5,,3,0,12.0,No,54.0,46.4,Poor,High
STU105026,21,Male,IT,5,53.0,37.0,55.8,15.0,5,9.3,48.3,9,7.0,15,18.7,4.64,0,1,6.0,Yes,28.6,32.6,Poor,High
STU105027,20,Female,AI&DS,8,60.5,67.3,60.5,48.5,8,11.7,68.3,20,9.0,10,56.3,6.86,2,4,15.0,Yes,55.3,45.2,Poor,High
STU105028,23,Male,EEE,3,76.8,66.4,61.4,64.0,14,14.9,70.7,19,17.0,39,89.2,6.86,1,3,10.0,No,73.3,65.9,Good,Low
STU105029,24,Male,CSE,3,84.6,66.4,76.7,67.2,15,18.2,66.9,20,12.0,37,77.3,8.11,0,2,8.0,No,67.9,55.5,Average,Medium
STU105030,20,Female,AI&DS,7,68.5,58.0,63.6,21.7,8,11.7,45.1,17,10.0,13,35.2,4.75,2,4,4.0,Yes,45.8,29.6,Poor,High
STU105031,19,Female,AI&DS,4,72.1,76.0,65.4,57.2,11,16.0,88.9,38,20.0,51,84.1,7.37,1,0,14.0,No,59.5,73.4,Good,Low
STU105032,20,Female,MECH,8,68.6,69.3,73.0,64.5,15,19.1,65.9,33,15.0,25,60.2,6.38,1,2,7.0,No,66.8,55.3,Average,Medium
STU105033,23,Male,AI&DS,6,72.2,74.1,84.8,58.2,13,15.4,69.3,30,16.0,39,67.7,7.78,0,2,14.0,No,72.7,57.3,Average,Medium
STU105034,20,Female,AI&DS,3,92.5,57.5,86.6,49.2,16,15.8,61.4,30,21.0,35,61.5,6.52,1,2,10.0,Yes,78.8,61.3,Average,Medium
STU105035,22,Male,CSE,7,78.6,69.1,89.7,65.7,15,19.2,77.4,36,19.0,49,73.1,6.84,1,0,13.0,No,73.2,59.3,Average,Medium
STU105036,20,Female,AI&DS,2,71.7,42.1,68.7,57.9,15,6.4,63.0,22,20.0,35,64.3,4.83,2,5,11.0,Yes,65.7,37.1,Poor,High
STU105037,23,Female,AI&DS,5,76.6,88.4,74.2,52.5,10,13.7,63.3,19,13.0,32,63.7,6.72,2,1,13.0,No,66.2,71.4,Good,Low
STU105038,18,Female,EEE,2,44.7,59.5,51.6,30.2,10,6.8,57.5,18,13.0,14,30.8,5.07,0,5,5.0,No,38.8,49.3,Poor,High
STU105039,20,Male,ECE,7,65.4,37.5,44.8,53.7,8,7.7,53.5,16,4.0,15,55.0,6.11,2,4,7.0,Yes,57.6,44.9,Poor,High
STU105040,20,Female,IT,7,84.5,69.8,66.7,60.9,17,9.5,74.7,37,21.0,46,66.8,5.98,1,4,9.0,No,71.8,69.5,Good,Low
STU105041,22,Female,EEE,8,83.4,76.5,87.9,67.1,13,14.4,84.2,34,24.0,50,80.5,7.61,1,4,12.0,No,83.4,65.2,Good,Low
STU105042,22,Female,CSE,2,70.3,50.3,64.0,53.6,16,10.6,67.2,21,18.0,39,60.4,6.44,2,3,11.0,No,58.9,62.5,Average,Medium
STU105043,23,Female,CIVIL,7,72.9,70.9,66.7,80.4,7,13.0,56.8,21,15.0,40,68.9,7.67,0,3,11.0,No,79.4,55.2,Average,Medium
STU105044,24,Female,CSE,7,71.9,39.9,63.2,41.8,11,8.5,41.9,11,14.0,24,43.3,4.0,1,0,5.0,Yes,52.3,38.9,Poor,High
STU105045,23,Male,CIVIL,7,58.1,49.6,51.3,36.0,6,4.6,42.6,19,5.0,11,49.2,4.25,1,3,7.0,Yes,46.6,53.5,Average,Medium
STU105046,18,Female,ECE,4,83.8,82.4,86.7,70.4,14,14.8,68.5,32,14.0,46,71.0,8.59,1,0,8.0,Yes,78.2,74.6,Good,Low
STU105047,22,Male,CSE,6,81.9,71.3,84.1,76.5,15,12.8,93.9,39,23.0,51,92.3,7.96,0,1,15.0,No,80.6,83.5,Excellent,Low
STU105048,18,Female,IT,4,49.7,43.9,56.8,41.3,8,4.8,60.3,24,16.0,24,50.2,6.23,1,3,7.0,Yes,37.2,53.0,Average,Medium
STU105049,20,Female,ECE,6,90.1,66.3,87.4,69.2,12,12.4,54.5,31,18.0,31,80.8,5.98,1,1,11.0,Yes,77.6,70.3,Good,Low
STU105050,22,Female,CIVIL,7,87.3,80.1,78.8,83.8,17,18.8,83.3,45,25.0,56,73.6,7.9,0,2,13.0,Yes,91.4,67.9,Good,Low
STU105051,20,Female,ECE,4,73.3,80.1,85.5,71.4,11,14.6,57.4,20,19.0,36,57.5,6.16,1,5,11.0,No,68.4,68.1,Good,Low
STU105052,22,Male,ECE,4,86.4,68.9,72.7,60.8,14,13.1,65.7,25,15.0,32,62.3,6.64,1,4,7.0,No,74.5,65.6,Good,Low
STU105053,23,Male,AI&DS,8,71.5,78.0,60.3,71.7,12,13.2,55.7,22,16.0,31,65.4,7.92,0,4,6.0,No,61.7,65.0,Good,Low
STU105054,22,Female,AI&DS,7,66.2,49.7,68.2,39.2,11,17.1,55.7,22,15.0,24,70.1,5.28,2,3,6.0,Yes,47.5,45.1,Poor,High
STU105055,21,Male,CIVIL,2,78.0,47.1,63.2,47.1,14,13.4,72.9,24,16.0,39,57.5,6.69,2,3,7.0,No,51.6,50.7,Average,Medium
STU105056,24,Male,CSE,2,81.6,52.1,69.3,64.7,13,12.3,58.0,32,14.0,23,71.0,6.4,1,3,8.0,No,53.8,50.9,Average,Medium
STU105057,22,Female,ECE,7,69.7,56.6,65.2,65.4,9,8.2,,31,14.0,34,49.7,6.18,2,3,14.0,Yes,58.5,55.0,Average,Medium
STU105058,19,Female,AI&DS,7,67.7,53.5,74.6,40.2,9,17.6,55.9,26,15.0,40,65.1,5.99,0,5,9.0,No,59.7,52.4,Average,Medium
STU105059,22,Male,EEE,3,80.6,63.9,74.4,48.2,16,9.2,53.3,29,19.0,38,79.2,5.99,3,1,15.0,Yes,65.2,64.5,Average,Medium
STU105060,21,Male,CSE,8,82.6,70.4,67.0,52.4,13,11.0,72.2,19,12.0,42,67.7,6.07,1,3,10.0,No,69.2,47.2,Poor,High
STU105061,18,Male,AI&DS,2,59.2,56.9,47.8,49.5,9,7.2,58.9,20,13.0,9,52.2,5.84,1,2,8.0,Yes,55.4,39.4,Poor,High
STU105062,24,Female,ECE,3,,54.2,79.5,65.7,14,15.9,70.0,41,17.0,48,86.5,6.48,2,2,13.0,No,58.0,67.3,Good,Low
STU105063,23,Female,MECH,5,79.4,76.3,60.0,38.3,7,12.4,62.1,6,16.0,20,52.1,5.37,1,3,7.0,Yes,64.7,48.5,Poor,High
STU105064,22,Male,IT,5,,67.1,74.4,53.2,16,13.9,70.7,28,14.0,27,82.4,6.59,0,3,8.0,No,78.5,64.7,Average,Medium
STU105065,22,Male,AI&DS,3,75.3,62.3,64.9,51.5,7,10.9,56.7,25,15.0,15,52.3,6.35,0,3,10.0,No,57.0,66.3,Good,Low
STU105066,22,Female,ECE,6,71.4,64.3,73.2,70.8,10,9.0,61.9,24,19.0,45,65.5,6.43,0,1,5.0,No,78.6,63.6,Average,Medium
STU105067,20,Male,AI&DS,7,82.5,44.6,77.9,39.4,12,15.1,61.9,31,9.0,36,51.6,5.0,1,2,11.0,Yes,51.0,60.8,Average,Medium
STU105068,24,Female,EEE,2,69.1,79.3,78.3,81.8,12,15.6,71.9,25,15.0,35,77.4,7.75,1,3,7.0,No,76.0,67.9,Good,Low
STU105069,21,Male,AI&DS,7,73.5,51.4,70.4,31.2,9,14.1,51.2,29,13.0,28,56.3,6.49,2,0,10.0,Yes,50.2,55.8,Average,Medium
STU105070,20,Female,CSE,5,83.5,81.4,85.9,78.6,18,15.8,87.5,40,21.0,56,80.9,7.59,0,1,10.0,No,79.9,88.8,Excellent,Low
STU105071,22,Female,EEE,8,85.1,73.3,76.7,72.2,13,11.9,55.0,25,10.0,41,49.8,6.95,2,2,5.0,Yes,76.8,60.3,Average,Medium
STU105072,19,Male,CSE,3,77.9,66.2,78.5,58.4,13,17.5,69.8,21,18.0,41,86.7,6.28,0,0,10.0,No,57.2,64.9,Average,Medium
STU105073,20,Male,CSE,6,74.2,82.4,72.5,75.6,13,9.6,76.2,24,13.0,41,71.8,7.46,1,3,9.0,No,73.6,62.4,Average,Medium
STU105074,18,Male,IT,7,74.7,48.7,84.0,53.7,11,14.5,73.8,18,22.0,31,,5.61,0,5,12.0,No,65.8,61.9,Average,Medium
STU105075,18,Male,IT,4,79.3,82.8,83.3,58.0,14,16.0,61.9,27,16.0,60,70.7,7.79,1,4,10.0,No,66.1,60.2,Average,Medium
STU105076,23,Male,EEE,5,,66.9,82.8,72.8,14,14.6,63.7,32,18.0,40,76.8,5.9,1,1,7.0,No,78.5,67.1,Good,Low
STU105077,21,Female,CSE,7,82.6,65.5,58.3,54.2,10,19.0,57.3,20,17.0,32,59.6,7.58,1,6,0.0,Yes,61.1,67.0,Good,Low
STU105078,23,Female,AI&DS,4,83.3,71.0,65.2,67.7,14,12.3,75.2,23,12.0,38,56.8,7.25,1,3,9.0,Yes,70.9,67.4,Good,Low
STU105079,22,Male,AI&DS,6,71.4,63.9,75.4,75.3,13,7.4,87.5,32,18.0,57,75.8,8.33,0,3,20.0,No,71.5,65.2,Good,Low
STU105080,19,Male,MECH,7,64.8,68.9,60.1,58.6,12,6.8,74.7,18,14.0,30,57.9,6.31,1,4,4.0,Yes,67.5,52.9,Average,Medium
STU105081,19,Female,CIVIL,3,81.9,80.6,77.5,46.1,15,12.1,100.0,31,22.0,50,95.5,4.65,1,1,19.0,No,74.4,66.0,Good,Low
STU105082,21,Male,AI&DS,7,80.4,53.1,69.9,55.2,10,17.0,56.9,24,12.0,52,35.6,5.96,0,0,8.0,No,63.7,60.5,Average,Medium
STU105083,18,Female,ECE,6,70.4,73.8,84.2,61.2,16,12.1,71.2,18,11.0,35,78.1,6.6,0,5,9.0,No,70.4,48.7,Poor,High
STU105084,22,Female,AI&DS,3,76.0,63.3,80.6,63.5,17,18.9,79.2,41,21.0,50,69.9,6.69,1,2,14.0,No,61.5,66.0,Good,Low
STU105085,21,Female,MECH,7,79.1,59.8,73.0,40.7,7,7.3,50.9,19,13.0,24,55.0,7.17,2,2,9.0,Yes,61.8,63.9,Average,Medium
STU105086,18,Female,AI&DS,2,82.7,88.2,79.9,74.0,14,15.8,65.8,21,,32,56.8,8.44,0,3,9.0,No,99.8,74.6,Good,Low
STU105087,21,Female,MECH,6,61.4,51.1,69.8,67.4,10,13.5,52.5,23,12.0,17,57.0,5.54,2,4,5.0,Yes,61.9,61.0,Average,Medium
STU105088,23,Male,MECH,3,77.5,64.4,81.4,42.3,11,15.5,67.7,33,20.0,26,82.8,6.05,2,0,11.0,Yes,68.4,63.8,Average,Medium
STU105089,24,Male,CSE,6,39.6,59.4,43.1,49.1,5,1.0,32.2,20,6.0,7,42.7,5.43,1,5,2.0,No,50.3,25.8,Poor,High
STU105090,20,Male,IT,8,92.2,89.7,97.1,80.1,18,16.9,84.6,43,24.0,66,75.3,8.48,0,0,15.0,No,89.2,84.3,Excellent,Low
STU105091,18,Male,CIVIL,6,73.6,68.1,77.7,54.6,10,13.5,65.5,22,19.0,56,71.2,6.89,1,2,9.0,No,57.7,63.9,Average,Medium
STU105092,24,Male,EEE,4,83.6,60.9,85.0,63.0,18,12.5,80.0,37,23.0,62,90.0,6.8,1,5,17.0,No,69.4,67.5,Good,Low
STU105093,21,Male,CSE,6,74.1,45.6,72.7,61.1,12,14.5,55.5,31,15.0,31,69.0,5.43,2,3,8.0,No,51.0,44.9,Poor,High
STU105094,23,Female,CSE,3,80.1,64.5,82.2,63.0,13,14.1,61.1,32,18.0,45,76.1,6.21,0,3,7.0,Yes,58.2,65.4,Good,Low
STU105095,18,Male,CSE,2,68.6,63.1,67.4,67.0,16,8.9,68.4,23,22.0,34,84.3,6.62,2,5,14.0,No,64.3,58.4,Average,Medium
STU105096,20,Female,ECE,4,76.3,68.4,66.9,44.0,11,14.8,69.5,24,15.0,12,62.7,5.85,1,3,14.0,Yes,62.7,58.0,Average,Medium
STU105097,19,Male,AI&DS,6,74.0,66.5,75.3,74.6,11,18.2,69.0,24,13.0,38,68.6,7.51,1,3,11.0,No,80.1,70.8,Good,Low
STU105098,23,Female,CIVIL,4,87.5,78.3,82.1,90.7,14,15.0,62.7,32,20.0,47,72.2,,0,3,9.0,Yes,85.4,70.5,Good,Low
STU105099,22,Male,ECE,2,61.4,50.7,61.3,50.9,9,6.7,45.4,16,9.0,23,58.1,4.69,2,4,5.0,No,51.4,42.8,Poor,High
STU105100,23,Male,ECE,5,45.4,51.0,49.3,38.4,8,6.6,53.9,22,14.0,30,53.6,6.62,3,4,5.0,Yes,59.8,40.7,Poor,High
STU105101,20,Female,IT,8,56.4,54.7,74.5,55.4,8,14.8,53.5,22,9.0,31,42.7,5.52,1,2,10.0,Yes,59.6,47.7,Poor,High
STU105102,20,Male,EEE,5,82.3,76.0,63.0,87.9,10,16.5,47.6,25,12.0,31,56.8,7.64,0,2,12.0,Yes,68.1,66.3,Good,Low
STU105103,19,Female,AI&DS,5,83.4,69.2,82.2,68.5,12,9.7,76.7,30,19.0,38,68.8,7.1,1,2,12.0,Yes,71.6,74.8,Good,Low
STU105104,19,Female,IT,4,74.5,67.4,67.9,67.5,11,9.2,50.9,27,15.0,38,57.3,6.03,2,3,8.0,No,66.7,55.6,Average,Medium
STU105105,19,Female,ECE,5,70.7,71.9,69.0,59.2,9,14.9,56.1,17,18.0,55,56.0,6.21,1,2,8.0,No,60.1,56.1,Average,Medium
STU105106,23,Female,EEE,4,79.6,59.8,63.5,,12,10.4,81.8,25,21.0,35,60.9,5.5,0,2,10.0,No,62.0,65.4,Good,Low
STU105107,22,Female,AI&DS,8,89.5,67.6,62.7,71.1,14,11.7,59.9,33,18.0,55,66.0,7.92,2,1,11.0,No,71.0,72.5,Good,Low
STU105108,22,Male,MECH,7,66.6,41.8,54.0,50.1,9,9.8,64.2,17,11.0,22,44.5,6.06,2,5,6.0,Yes,50.5,48.0,Poor,High
STU105109,24,Female,CIVIL,6,59.6,69.6,57.5,48.3,7,13.5,32.1,9,8.0,17,39.7,7.05,1,4,4.0,No,63.8,48.0,Poor,High
STU105110,23,Male,EEE,6,79.5,70.2,82.6,67.7,13,22.7,66.0,24,19.0,52,71.7,7.81,2,1,10.0,No,67.0,70.0,Good,Low
STU105111,20,Male,AI&DS,4,61.1,72.4,56.9,64.1,8,12.5,46.3,13,16.0,44,44.2,5.1,1,1,5.0,Yes,65.5,51.2,Average,Medium
STU105112,20,Female,IT,6,81.9,76.2,83.5,59.9,13,14.9,58.4,31,20.0,30,47.8,6.71,0,0,13.0,No,78.1,65.3,Good,Low
STU105113,18,Male,ECE,8,79.3,70.0,74.6,62.6,14,12.8,85.8,41,18.0,26,86.3,5.97,2,0,11.0,No,71.3,56.9,Average,Medium
STU105114,23,Female,CIVIL,3,81.7,,76.0,65.9,9,15.7,67.1,13,18.0,29,59.4,8.06,1,3,8.0,No,70.7,65.8,Good,Low
STU105115,24,Female,CSE,8,91.0,85.1,74.0,92.4,15,14.0,63.5,34,25.0,62,69.0,7.76,2,0,16.0,No,76.8,71.2,Good,Low
STU105116,23,Female,ECE,8,69.1,67.0,60.6,59.9,15,19.2,89.9,30,20.0,50,75.7,6.82,0,1,7.0,Yes,81.5,62.7,Average,Medium
STU105117,21,Male,IT,2,78.5,63.5,92.6,76.4,13,14.4,66.4,32,17.0,32,93.1,7.3,1,0,11.0,Yes,78.0,70.9,Good,Low
STU105118,20,Female,MECH,2,71.0,66.6,59.9,59.9,10,8.5,71.7,17,8.0,17,59.1,6.81,0,2,4.0,Yes,64.5,57.5,Average,Medium
STU105119,21,Male,CSE,5,58.1,40.3,61.0,48.5,6,7.0,46.0,9,10.0,28,31.2,5.1,2,1,7.0,Yes,48.7,44.2,Poor,High
STU105120,19,Male,MECH,6,77.9,63.9,60.5,74.3,8,15.8,49.2,21,14.0,43,52.9,7.33,2,0,3.0,No,59.4,54.2,Average,Medium
STU105121,19,Female,CSE,5,73.7,60.0,72.8,71.0,12,11.3,72.4,37,22.0,37,70.8,7.55,0,4,15.0,No,60.1,64.3,Average,Medium
STU105122,21,Female,AI&DS,7,85.7,56.0,54.8,53.1,8,14.9,51.2,25,19.0,34,73.1,5.45,3,3,5.0,Yes,58.9,53.0,Average,Medium
STU105123,19,Female,AI&DS,7,58.2,58.2,45.3,38.1,2,12.6,23.9,12,8.0,25,26.2,6.35,0,3,4.0,Yes,48.2,43.6,Poor,High
STU105124,23,Female,AI&DS,3,84.5,57.6,81.2,53.1,13,15.7,56.6,25,7.0,34,60.1,5.92,2,4,7.0,No,69.8,45.5,Poor,High
STU105125,24,Female,CSE,5,,56.3,78.9,,15,10.9,67.7,26,13.0,34,58.0,6.24,2,2,14.0,Yes,51.6,65.4,Good,Low
STU105126,19,Male,EEE,2,85.7,93.9,89.4,81.9,13,15.3,54.7,35,16.0,53,70.5,8.33,1,0,14.0,No,83.4,72.5,Good,Low
STU105127,18,Male,MECH,2,79.0,62.8,79.8,73.0,14,14.9,60.4,34,21.0,36,69.1,7.13,2,3,9.0,Yes,63.5,60.0,Average,Medium
STU105128,24,Female,AI&DS,7,59.5,73.1,73.0,70.7,11,12.0,84.1,26,14.0,38,58.0,7.96,1,4,10.0,Yes,71.4,48.7,Poor,High
STU105129,20,Female,EEE,8,68.2,68.7,71.7,57.5,8,14.5,54.6,14,8.0,18,50.8,7.28,1,2,11.0,No,67.7,60.4,Average,Medium
STU105130,19,Male,ECE,5,73.1,67.7,86.0,80.3,12,17.6,45.5,32,23.0,14,68.0,6.79,0,1,11.0,No,74.9,77.6,Good,Low
STU105131,23,Male,IT,7,72.5,62.0,74.9,51.6,11,9.6,60.8,23,14.0,17,69.7,5.33,1,1,5.0,No,69.0,47.7,Poor,High
STU105132,23,Male,CIVIL,8,82.8,74.7,78.6,65.2,16,16.4,73.7,28,19.0,38,62.4,6.82,1,4,13.0,No,61.4,64.4,Average,Medium
STU105133,22,Female,IT,2,81.4,78.0,87.3,59.2,9,15.2,71.6,35,20.0,51,75.5,6.07,2,1,15.0,No,64.9,68.4,Good,Low
STU105134,19,Male,CIVIL,7,58.9,46.7,43.4,57.4,8,11.4,57.1,18,13.0,30,49.0,5.51,2,4,4.0,Yes,54.9,46.1,Poor,High
STU105135,22,Female,EEE,6,70.9,60.6,64.2,60.2,17,16.5,63.7,33,12.0,49,74.0,5.64,1,2,10.0,Yes,66.6,71.8,Good,Low
STU105136,23,Female,CSE,8,85.5,61.1,53.8,56.8,6,14.4,66.3,29,10.0,29,41.1,7.93,0,2,6.0,No,75.5,69.4,Good,Low
STU105137,21,Other,CIVIL,4,85.5,64.0,72.3,62.4,10,15.6,59.8,29,19.0,33,50.2,7.88,0,2,6.0,No,76.6,63.7,Average,Medium
STU105138,21,Male,CIVIL,6,77.7,69.7,75.8,61.8,13,18.3,70.7,31,15.0,37,62.4,7.61,1,4,10.0,No,62.4,51.0,Average,Medium
STU105139,21,Female,AI&DS,7,77.6,46.1,77.3,45.2,12,12.4,65.2,25,15.0,13,48.8,6.31,1,1,4.0,Yes,58.5,53.6,Average,Medium
STU105140,22,Female,AI&DS,5,80.5,72.5,92.5,65.7,15,14.2,77.8,28,24.0,30,72.8,7.03,1,0,10.0,Yes,61.5,70.7,Good,Low
STU105141,21,Male,ECE,3,58.9,44.3,64.7,68.5,10,10.5,55.5,14,17.0,21,51.9,5.39,2,3,6.0,Yes,56.2,44.6,Poor,High
STU105142,24,Male,AI&DS,8,69.2,30.9,57.4,33.8,14,6.7,53.2,30,16.0,29,63.3,4.52,2,0,5.0,No,50.4,38.6,Poor,High
STU105143,18,Male,IT,3,76.4,63.9,63.3,65.6,11,14.3,77.3,26,14.0,23,64.2,5.53,0,3,11.0,No,70.0,53.3,Average,Medium
STU105144,18,Male,CSE,7,76.5,72.8,63.9,66.6,14,10.6,54.8,22,16.0,44,81.3,7.25,0,3,13.0,No,74.5,63.4,Average,Medium
STU105145,19,Male,CSE,7,71.6,48.1,76.3,22.7,8,5.1,39.0,20,7.0,22,54.0,4.35,2,1,11.0,Yes,54.0,43.9,Poor,High
STU105146,19,Male,CSE,2,73.6,60.9,72.8,58.6,15,9.5,54.0,37,21.0,29,77.1,5.28,2,3,12.0,No,74.0,47.3,Poor,High
STU105147,21,Female,EEE,4,71.9,68.1,57.6,58.9,10,19.0,58.3,25,17.0,46,58.9,7.46,0,3,6.0,No,58.5,59.1,Average,Medium
STU105148,18,Male,MECH,6,92.4,54.2,80.8,63.7,13,13.5,73.3,38,17.0,41,94.3,5.97,2,0,15.0,No,76.1,82.2,Excellent,Low
STU105149,19,Male,EEE,2,72.3,69.4,70.7,41.5,8,18.0,59.8,29,23.0,19,56.3,4.89,0,1,11.0,No,65.6,57.1,Average,Medium
STU105150,21,Female,CSE,3,67.9,51.4,73.1,50.7,13,9.1,62.9,30,20.0,35,76.2,5.44,1,2,10.0,No,54.0,59.4,Average,Medium
STU105151,24,Female,IT,4,100.0,65.3,84.6,69.4,13,14.8,90.5,30,18.0,35,72.5,9.29,0,2,15.0,No,82.8,76.1,Good,Low
STU105152,23,Female,AI&DS,8,67.4,52.6,88.6,56.8,15,17.8,68.3,36,24.0,54,76.0,6.21,0,2,10.0,Yes,62.6,68.9,Good,Low
STU105153,19,Female,CSE,4,56.0,55.2,58.8,66.0,11,9.9,50.1,23,13.0,15,60.4,7.18,2,2,6.0,Yes,55.5,52.3,Average,Medium
STU105154,18,Female,CSE,6,83.0,74.6,65.8,72.7,16,19.0,71.4,31,19.0,53,81.2,7.3,0,0,9.0,No,74.6,64.1,Average,Medium
STU105155,23,Male,ECE,6,88.1,70.2,78.2,68.1,17,11.8,79.9,32,19.0,59,66.0,8.98,0,2,12.0,No,78.9,78.3,Good,Low
STU105156,23,Female,EEE,5,63.4,42.9,52.2,51.1,13,9.8,68.5,24,17.0,45,59.2,6.03,1,4,9.0,Yes,53.2,46.9,Poor,High
STU105157,24,Male,EEE,2,80.9,63.2,61.6,,14,11.4,72.9,26,22.0,48,58.6,5.96,2,3,10.0,No,68.3,43.1,Poor,High
STU105158,21,Female,CSE,8,78.9,54.1,75.2,56.3,10,10.6,69.4,24,16.0,32,61.4,6.44,2,1,13.0,No,67.7,66.0,Good,Low
STU105159,18,Male,IT,5,74.0,53.1,84.4,38.2,12,18.2,62.8,35,16.0,31,62.7,5.89,1,1,8.0,No,57.8,78.8,Good,Low
STU105160,24,Female,AI&DS,4,65.2,51.0,55.3,43.7,10,5.4,53.2,24,13.0,29,63.5,4.57,1,2,15.0,Yes,48.7,56.0,Average,Medium
STU105161,20,Male,AI&DS,5,77.5,68.8,61.7,60.0,11,10.7,54.0,27,14.0,20,59.2,6.34,0,2,12.0,No,65.9,54.1,Average,Medium
STU105162,20,Female,MECH,5,,41.7,54.1,55.7,9,4.8,31.2,17,14.0,35,41.6,4.32,1,5,8.0,Yes,44.4,37.1,Poor,High
STU105163,20,Male,EEE,8,96.0,89.7,85.8,79.5,10,11.8,72.9,38,23.0,51,,7.52,0,2,14.0,Yes,90.3,87.9,Excellent,Low
STU105164,24,Female,IT,4,71.2,68.3,71.4,57.8,11,13.0,72.7,29,17.0,41,50.5,7.31,3,3,18.0,No,70.9,53.5,Average,Medium
STU105165,20,Female,ECE,8,66.9,57.7,80.6,48.8,10,9.7,58.5,23,15.0,15,64.0,5.26,1,1,10.0,Yes,58.4,64.7,Average,Medium
STU105166,21,Male,CSE,2,66.9,58.4,51.5,55.4,3,13.1,52.9,8,11.0,33,50.2,7.1,1,5,8.0,No,49.7,47.0,Poor,High
STU105167,21,Female,IT,3,48.6,44.2,34.5,49.0,10,7.2,60.8,12,8.0,24,44.4,6.0,2,5,5.0,Yes,44.5,42.7,Poor,High
STU105168,24,Male,ECE,3,70.1,66.7,79.7,44.7,12,7.6,62.0,28,18.0,21,74.6,4.9,1,4,7.0,No,57.9,67.2,Good,Low
STU105169,24,Male,MECH,8,62.1,69.8,71.5,79.9,13,13.2,72.4,16,18.0,42,69.3,6.79,2,3,9.0,Yes,70.3,62.3,Average,Medium
STU105170,22,Male,CSE,6,100.0,84.6,88.2,85.0,19,26.6,88.6,34,26.0,71,100.0,7.19,0,0,15.0,No,74.6,82.9,Excellent,Low
STU105171,18,Female,AI&DS,5,86.8,74.4,67.2,63.6,17,13.2,70.6,17,18.0,52,92.6,8.9,0,0,13.0,No,73.4,64.1,Average,Medium
STU105172,20,Male,IT,2,82.3,64.6,67.3,53.5,14,16.3,64.9,16,20.0,48,61.0,6.44,2,4,11.0,No,59.0,60.1,Average,Medium
STU105173,22,Female,IT,3,77.1,75.5,68.4,50.6,12,10.4,46.7,23,12.0,43,56.8,6.03,2,3,11.0,Yes,72.5,56.8,Average,Medium
STU105174,23,Female,IT,8,67.7,57.8,53.0,47.4,9,7.1,57.9,12,10.0,21,46.0,5.7,2,3,10.0,Yes,58.9,54.5,Average,Medium
STU105175,23,Male,CIVIL,8,85.6,77.7,92.0,94.4,18,16.9,93.8,38,21.0,54,98.4,8.79,0,5,20.0,No,83.7,78.9,Good,Low
STU105176,21,Male,ECE,4,72.2,50.2,68.0,72.1,11,17.6,54.4,26,12.0,28,60.7,5.29,0,0,4.0,Yes,65.2,67.0,Good,Low
STU105177,22,Male,EEE,6,83.7,98.8,86.7,80.0,13,15.1,96.2,33,21.0,32,69.5,8.88,0,0,14.0,No,90.7,83.3,Excellent,Low
STU105178,20,Male,CSE,4,62.1,71.5,79.6,62.5,9,17.9,69.5,29,18.0,56,80.4,8.67,1,3,15.0,No,70.7,54.0,Average,Medium
STU105179,22,Female,CIVIL,8,85.1,51.1,60.3,35.2,5,13.2,59.8,16,10.0,25,53.1,5.2,1,2,6.0,No,61.2,49.3,Poor,High
STU105180,21,Male,MECH,2,53.6,51.1,51.2,47.4,9,7.0,42.1,17,14.0,18,53.3,6.15,1,6,4.0,Yes,55.2,33.1,Poor,High
STU105181,22,Female,MECH,2,69.2,64.6,68.1,53.1,9,15.0,58.6,20,16.0,24,41.8,5.32,2,6,12.0,No,67.6,49.7,Poor,High
STU105182,24,Female,AI&DS,4,62.6,56.7,70.8,41.2,10,14.9,44.1,15,16.0,19,55.8,7.41,0,4,13.0,Yes,48.2,48.2,Poor,High
STU105183,23,Male,AI&DS,3,82.0,64.7,74.3,66.7,11,10.7,54.1,20,18.0,41,62.8,6.83,2,0,9.0,Yes,67.5,52.0,Average,Medium
STU105184,23,Female,CIVIL,6,92.9,84.1,95.8,79.0,20,17.3,88.8,45,23.0,58,82.7,8.19,1,3,15.0,No,88.4,76.3,Good,Low
STU105185,23,Female,IT,8,61.1,74.9,58.9,51.0,11,9.6,63.2,28,14.0,33,60.4,5.92,2,3,9.0,Yes,57.2,53.3,Average,Medium
STU105186,19,Female,ECE,8,73.6,60.3,67.7,59.5,12,14.4,62.0,25,15.0,34,56.5,7.56,0,1,7.0,No,71.8,55.7,Average,Medium
STU105187,19,Male,CSE,8,79.9,74.2,74.0,60.2,14,13.7,80.5,14,12.0,55,70.2,6.23,1,0,12.0,No,,65.4,Good,Low
STU105188,23,Female,IT,3,77.4,88.3,82.3,73.2,18,15.9,67.2,33,21.0,29,78.7,7.43,1,2,7.0,No,79.3,75.1,Good,Low
STU105189,21,Female,MECH,2,90.4,77.4,84.6,55.8,11,12.7,58.0,20,16.0,25,70.0,6.7,0,0,8.0,No,73.5,65.9,Good,Low
STU105190,21,Female,MECH,3,78.8,51.1,66.4,42.1,14,6.5,77.1,21,15.0,21,46.2,5.87,3,2,7.0,No,43.0,53.0,Average,Medium
STU105191,22,Female,IT,7,50.5,58.8,41.7,62.4,8,10.3,32.1,16,8.0,36,60.2,6.11,2,2,7.0,Yes,43.2,42.1,Poor,High
STU105192,18,Female,MECH,2,77.3,62.5,66.3,75.6,14,15.5,68.9,39,20.0,27,84.1,5.7,1,1,12.0,Yes,71.6,54.3,Average,Medium
STU105193,19,Female,EEE,6,67.6,79.4,66.3,61.1,13,17.9,64.2,24,24.0,21,67.6,7.13,2,2,10.0,No,65.5,59.0,Average,Medium
STU105194,19,Male,MECH,6,74.3,66.8,66.9,67.0,9,,63.2,30,9.0,33,84.6,6.39,2,0,11.0,No,60.5,66.7,Good,Low
STU105195,21,Female,ECE,7,61.6,74.9,64.5,81.3,10,18.4,66.2,17,19.0,50,64.6,6.8,0,2,13.0,Yes,72.7,63.2,Average,Medium
STU105196,18,Male,AI&DS,2,87.4,66.6,74.5,64.5,12,15.0,62.5,25,22.0,42,69.5,6.75,0,3,10.0,No,62.8,74.3,Good,Low
STU105197,18,Female,AI&DS,5,51.8,57.7,45.9,54.0,9,10.5,66.3,21,5.0,16,28.0,,0,3,8.0,Yes,69.4,43.0,Poor,High
STU105198,22,Male,MECH,2,60.6,52.5,57.1,52.5,10,7.9,47.7,16,9.0,5,65.1,6.29,1,7,8.0,Yes,57.3,42.4,Poor,High
STU105199,23,Female,AI&DS,2,76.3,68.0,64.8,53.3,14,12.8,68.7,25,18.0,50,73.0,6.99,2,1,7.0,No,53.8,55.4,Average,Medium
STU105200,19,Female,IT,7,80.3,63.3,57.1,47.9,14,12.9,,28,12.0,23,70.1,7.21,1,2,10.0,Yes,65.8,54.7,Average,Medium
STU105201,22,Female,ECE,5,66.3,74.5,58.1,58.4,8,14.0,31.4,18,11.0,36,47.4,6.3,2,4,3.0,No,57.2,49.0,Poor,High
STU105202,18,Male,EEE,7,71.3,41.5,60.5,43.7,11,11.6,43.8,23,15.0,34,76.1,5.46,2,1,8.0,Yes,51.1,45.0,Poor,High
STU105203,20,Female,CSE,2,69.1,65.1,66.9,48.2,11,10.3,33.7,16,5.0,17,61.6,6.2,1,4,5.0,Yes,62.8,39.8,Poor,High
STU105204,20,Male,ECE,4,58.9,39.9,56.8,54.9,10,14.7,41.2,18,14.0,21,60.0,5.85,1,2,7.0,Yes,60.3,46.6,Poor,High
STU105205,20,Male,AI&DS,2,65.0,53.9,62.2,30.9,9,9.7,50.1,14,15.0,30,43.4,5.67,2,2,5.0,Yes,34.0,35.9,Poor,High
STU105206,24,Female,MECH,6,68.3,38.4,75.1,59.1,12,15.3,79.1,22,22.0,38,77.0,6.87,3,2,11.0,No,58.5,45.2,Poor,High
STU105207,18,Other,CSE,5,70.4,52.1,76.0,52.5,12,11.7,77.4,24,18.0,19,69.0,5.31,2,1,11.0,No,68.5,58.8,Average,Medium
STU105208,22,Other,ECE,7,75.0,59.6,67.4,53.3,16,9.1,91.2,34,20.0,38,70.4,6.4,0,3,12.0,No,60.3,64.1,Average,Medium
STU105209,19,Female,CIVIL,2,70.3,51.1,63.9,64.0,12,13.0,47.0,17,10.0,19,51.3,6.34,0,0,6.0,No,55.5,56.5,Average,Medium
STU105210,21,Female,MECH,2,54.0,47.6,50.4,44.0,4,8.2,44.3,19,4.0,30,28.7,6.23,2,7,7.0,Yes,54.3,33.3,Poor,High
STU105211,19,Male,CIVIL,7,74.7,76.6,78.9,68.7,14,11.0,59.7,24,18.0,48,83.0,6.44,1,3,17.0,Yes,58.8,64.9,Average,Medium
STU105212,23,Male,CIVIL,6,79.1,77.9,68.0,78.6,9,13.9,57.0,37,16.0,29,58.2,6.23,0,2,8.0,No,72.4,63.1,Average,Medium
STU105213,18,Female,MECH,2,62.1,45.8,63.5,60.5,11,18.1,72.9,31,16.0,37,65.9,5.99,2,2,9.0,No,48.1,56.7,Average,Medium
STU105214,18,Female,AI&DS,4,66.9,66.0,70.4,55.3,12,15.1,77.3,19,13.0,17,58.0,6.11,1,0,11.0,No,64.4,60.2,Average,Medium
STU105215,20,Female,AI&DS,4,83.3,85.3,80.0,65.1,14,14.9,93.8,32,21.0,39,81.7,6.81,1,2,14.0,Yes,73.0,78.3,Good,Low
STU105216,24,Male,CSE,4,69.6,66.8,67.5,53.2,12,13.6,60.8,19,19.0,51,53.1,5.17,2,3,15.0,Yes,64.0,37.2,Poor,High
STU105217,18,Male,CSE,7,79.4,49.6,82.4,56.9,12,13.3,59.3,20,19.0,36,55.3,5.75,0,0,11.0,No,56.2,65.0,Good,Low
STU105218,19,Male,EEE,4,92.7,70.0,88.3,64.1,14,23.5,55.7,32,16.0,54,68.8,7.04,0,0,10.0,No,78.0,87.0,Excellent,Low
STU105219,21,Female,IT,6,76.9,75.0,81.5,,13,16.1,69.9,18,21.0,44,54.5,6.81,0,1,10.0,No,77.1,73.2,Good,Low
STU105220,18,Male,EEE,7,84.4,74.5,72.5,85.8,15,15.7,82.7,27,,43,55.4,6.61,1,2,13.0,Yes,89.7,57.8,Average,Medium
STU105221,21,Male,AI&DS,2,91.4,82.1,86.4,65.7,11,14.2,56.6,20,11.0,34,67.1,6.19,2,1,11.0,Yes,82.6,59.8,Average,Medium
STU105222,20,Female,CIVIL,5,83.9,39.1,59.6,26.9,10,7.9,56.3,27,16.0,11,58.9,4.67,2,0,6.0,Yes,51.4,48.7,Poor,High
STU105223,22,Male,ECE,3,84.6,76.4,82.9,82.5,12,8.2,75.1,33,22.0,53,75.1,8.14,1,2,12.0,Yes,90.9,69.6,Good,Low
STU105224,18,Male,AI&DS,7,81.9,59.4,65.7,63.8,10,14.4,58.6,17,13.0,47,76.1,6.25,1,2,10.0,No,54.5,50.8,Average,Medium
STU105225,19,Female,CSE,2,88.2,65.6,83.6,79.3,15,19.2,79.8,32,22.0,57,54.5,8.32,1,0,13.0,No,82.8,62.9,Average,Medium
STU105226,19,Male,CIVIL,4,75.3,70.2,75.3,61.8,12,19.5,37.6,24,12.0,16,55.8,6.41,0,2,11.0,Yes,71.6,68.6,Good,Low
STU105227,23,Female,EEE,6,61.4,62.8,66.0,64.2,10,14.5,40.2,18,9.0,33,50.9,6.62,0,2,2.0,No,70.1,48.1,Poor,High
STU105228,23,Female,EEE,5,75.0,62.7,73.8,52.6,14,10.4,62.4,26,18.0,38,70.5,5.87,2,0,9.0,No,63.1,50.1,Average,Medium
STU105229,18,Male,MECH,2,70.9,60.7,70.4,64.1,11,10.7,56.2,26,17.0,27,40.4,6.04,1,3,3.0,No,63.1,58.2,Average,Medium
STU105230,20,Male,EEE,8,84.9,66.1,66.3,58.7,13,10.9,54.5,29,16.0,29,63.5,5.98,2,4,11.0,No,63.7,55.3,Average,Medium
STU105231,22,Female,AI&DS,2,88.6,64.8,82.5,72.8,13,11.2,74.1,24,17.0,43,68.4,6.92,1,3,15.0,No,79.8,68.9,Good,Low
STU105232,18,Female,EEE,5,72.9,44.2,63.3,,10,8.0,49.4,14,15.0,19,69.2,5.1,1,5,7.0,Yes,56.5,41.4,Poor,High
STU105233,18,Female,CSE,2,71.0,50.5,79.5,64.2,11,8.3,74.3,21,17.0,36,75.7,6.31,0,2,8.0,Yes,54.3,66.8,Good,Low
STU105234,22,Male,AI&DS,6,84.0,84.7,68.6,72.2,14,16.3,81.8,32,24.0,59,76.6,9.72,1,1,14.0,No,80.2,80.0,Good,Low
STU105235,21,Female,ECE,4,54.0,70.5,72.3,61.5,14,10.2,62.6,25,16.0,37,61.0,6.25,0,1,12.0,Yes,65.9,57.6,Average,Medium
STU105236,22,Male,CSE,6,73.1,63.3,52.6,56.8,10,13.2,61.8,30,10.0,34,57.7,6.47,1,0,7.0,No,65.7,53.6,Average,Medium
STU105237,21,Male,CIVIL,6,80.8,55.1,72.1,49.2,9,5.9,65.7,19,15.0,44,62.6,5.66,1,3,7.0,No,67.2,59.5,Average,Medium
STU105238,24,Female,CSE,8,81.4,64.5,70.8,62.0,8,12.7,48.2,20,13.0,29,53.1,,2,3,9.0,No,67.4,63.0,Average,Medium
STU105239,18,Male,AI&DS,2,68.3,51.3,66.2,57.7,17,13.2,61.5,27,12.0,44,66.8,6.15,0,2,13.0,No,61.5,56.9,Average,Medium
STU105240,19,Male,ECE,6,53.7,68.9,66.4,55.1,9,16.4,61.6,20,12.0,22,69.3,5.99,2,5,6.0,Yes,56.1,49.6,Poor,High
STU105241,22,Male,MECH,4,81.9,78.1,73.4,51.7,14,16.5,87.2,28,25.0,43,78.5,7.37,0,3,14.0,No,78.0,76.1,Good,Low
STU105242,24,Male,CSE,6,67.1,43.0,56.5,50.3,7,18.2,59.1,13,9.0,26,51.8,5.72,2,4,6.0,No,54.1,58.4,Average,Medium
STU105243,18,Female,CIVIL,8,78.1,79.3,63.3,64.2,7,17.3,72.4,25,7.0,28,68.3,5.52,1,1,4.0,Yes,73.4,68.3,Good,Low
STU105244,22,Male,ECE,7,59.6,63.0,65.3,71.3,10,14.9,57.2,35,16.0,37,59.4,7.15,1,5,9.0,Yes,72.3,59.0,Average,Medium
STU105245,24,Male,AI&DS,8,74.1,67.2,79.7,68.8,11,19.4,62.9,25,23.0,31,62.3,7.3,2,5,8.0,No,63.0,60.8,Average,Medium
STU105246,21,Male,CSE,8,71.8,69.3,86.4,82.9,13,12.4,71.0,39,16.0,44,62.5,7.15,3,0,9.0,Yes,82.4,63.9,Average,Medium
STU105247,23,Female,IT,7,100.0,83.6,88.4,83.3,16,17.0,79.3,34,26.0,53,82.0,9.31,0,1,16.0,No,85.4,90.5,Excellent,Low
STU105248,19,Female,ECE,8,65.3,92.9,80.1,55.7,15,19.5,60.7,33,15.0,50,57.9,7.88,0,3,8.0,No,62.1,66.5,Good,Low
STU105249,23,Male,AI&DS,6,84.6,65.6,89.5,61.7,12,16.1,68.3,23,18.0,43,62.1,6.6,0,0,10.0,No,79.8,80.9,Excellent,Low
STU105250,21,Female,CSE,2,70.0,60.2,64.6,49.2,13,14.2,69.5,29,17.0,38,64.0,6.11,2,4,3.0,No,53.4,55.9,Average,Medium
STU105251,20,Female,ECE,8,59.8,50.1,65.7,62.5,15,16.1,60.6,34,15.0,46,62.8,6.23,2,4,10.0,Yes,66.7,60.4,Average,Medium
STU105252,19,Female,AI&DS,6,100.0,75.7,92.7,67.7,16,24.8,61.5,32,15.0,44,76.7,7.96,0,0,10.0,No,82.4,67.2,Good,Low
STU105253,23,Female,CSE,8,88.6,78.1,71.9,81.5,11,12.7,69.9,36,21.0,52,91.4,8.91,0,1,12.0,Yes,71.4,76.6,Good,Low
STU105254,23,Male,MECH,4,86.9,84.5,67.9,76.0,15,15.4,74.0,45,24.0,58,59.2,8.11,0,3,14.0,No,81.5,59.0,Average,Medium
STU105255,23,Female,IT,6,72.3,60.1,75.5,71.8,14,13.3,62.2,20,18.0,61,75.5,8.66,1,5,9.0,Yes,65.4,70.0,Good,Low
STU105256,22,Female,AI&DS,4,55.8,58.9,66.2,57.1,8,12.6,43.0,10,7.0,29,44.1,6.11,2,5,8.0,Yes,58.9,51.3,Average,Medium
STU105257,19,Female,AI&DS,2,85.0,72.0,78.3,67.0,14,16.9,63.2,24,20.0,33,63.6,6.47,0,0,9.0,No,72.1,69.5,Good,Low
STU105258,19,Female,AI&DS,6,63.9,51.8,54.7,32.3,6,12.6,51.8,26,9.0,34,38.2,5.27,2,3,6.0,Yes,52.8,49.2,Poor,High
STU105259,22,Female,IT,4,73.5,46.6,81.2,42.7,12,11.6,63.7,24,19.0,27,68.6,5.01,1,3,13.0,Yes,63.6,45.4,Poor,High
STU105260,19,Female,EEE,3,71.3,58.8,68.4,50.9,14,14.0,65.4,26,18.0,57,69.9,6.64,0,2,11.0,No,56.8,44.1,Poor,High
STU105261,22,Male,CSE,3,82.2,52.6,82.5,57.0,13,17.3,64.4,26,13.0,30,63.5,,2,2,7.0,No,65.1,57.5,Average,Medium
STU105262,24,Female,EEE,6,75.0,73.2,81.8,36.1,12,15.8,72.7,25,14.0,54,55.1,6.71,2,0,8.0,No,47.8,63.7,Average,Medium
STU105263,23,Female,ECE,6,77.7,71.7,57.6,70.9,9,15.0,60.4,25,15.0,27,42.2,6.8,0,3,12.0,No,65.4,57.4,Average,Medium
STU105264,21,Female,CSE,4,89.0,66.4,64.6,52.1,11,16.9,62.8,25,22.0,54,69.4,6.75,2,3,11.0,No,66.8,49.2,Poor,High
STU105265,24,Male,IT,4,75.6,41.7,52.6,55.2,8,12.1,59.4,28,19.0,44,66.4,5.58,0,2,8.0,Yes,50.0,53.4,Average,Medium
STU105266,21,Female,CSE,7,60.1,56.7,59.6,49.9,9,15.4,53.1,14,14.0,46,40.7,7.55,2,4,8.0,Yes,67.3,51.4,Average,Medium
STU105267,21,Male,ECE,5,61.0,50.7,45.6,37.9,4,8.8,44.7,13,10.0,31,49.0,4.89,1,5,6.0,Yes,58.4,46.1,Poor,High
STU105268,24,Male,EEE,4,69.4,46.5,71.2,54.4,8,8.7,62.6,22,11.0,28,57.0,4.07,2,4,6.0,No,53.5,49.3,Poor,High
STU105269,20,Male,EEE,7,77.9,74.0,61.4,65.1,16,11.0,65.8,30,16.0,44,81.0,8.02,1,5,10.0,Yes,77.1,53.1,Average,Medium
STU105270,19,Male,CSE,2,74.0,42.5,60.8,43.1,10,13.9,67.3,24,14.0,34,62.8,6.15,0,1,9.0,Yes,61.1,49.3,Poor,High
STU105271,18,Male,EEE,6,77.2,68.4,77.7,64.8,14,20.8,65.1,27,21.0,35,88.6,8.43,0,3,13.0,No,74.3,68.4,Good,Low
STU105272,22,Male,MECH,6,72.6,72.5,66.2,58.4,10,9.9,58.5,22,16.0,39,76.5,7.08,1,5,12.0,No,71.9,66.3,Good,Low
STU105273,21,Male,CIVIL,4,80.0,63.4,69.4,61.1,11,13.9,69.5,33,13.0,42,43.1,6.05,0,5,9.0,Yes,67.1,54.3,Average,Medium
STU105274,23,Male,CSE,7,85.6,65.7,86.5,75.8,13,14.8,88.1,29,23.0,68,78.4,7.26,0,0,15.0,No,71.9,67.6,Good,Low
STU105275,19,Male,CSE,3,65.9,58.4,85.2,52.7,12,9.5,,30,19.0,36,46.3,6.42,2,3,13.0,No,62.0,59.1,Average,Medium
STU105276,20,Other,IT,6,55.4,36.7,58.4,46.4,6,9.6,47.3,11,13.0,19,60.3,5.69,2,4,4.0,No,,36.3,Poor,High
STU105277,18,Female,MECH,3,82.0,64.1,50.6,64.9,13,12.3,54.5,24,15.0,49,54.9,6.29,1,0,14.0,No,66.3,63.9,Average,Medium
STU105278,20,Male,ECE,7,64.8,54.9,62.8,45.2,10,12.4,35.5,16,7.0,16,41.0,5.99,0,4,7.0,No,57.7,55.9,Average,Medium
STU105279,24,Female,MECH,4,78.7,58.9,79.1,59.6,12,11.9,59.9,22,17.0,32,53.5,5.37,1,0,8.0,No,66.7,51.5,Average,Medium
STU105280,24,Female,CSE,7,79.5,99.4,79.7,79.9,12,22.1,71.3,36,20.0,65,61.6,8.11,0,2,12.0,No,78.9,82.9,Excellent,Low
STU105281,21,Female,IT,6,57.7,43.6,52.7,36.2,7,7.2,44.9,13,9.0,23,41.6,7.58,1,3,5.0,No,41.0,34.8,Poor,High
STU105282,18,Male,EEE,2,63.8,63.5,75.7,37.1,7,11.6,40.7,9,11.0,35,53.5,6.61,0,1,10.0,No,46.9,46.1,Poor,High
STU105283,24,Female,IT,6,58.4,38.4,49.0,43.7,6,9.8,23.9,19,7.0,21,34.8,5.43,1,4,2.0,Yes,53.2,39.2,Poor,High
STU105284,19,Male,EEE,2,75.1,82.6,85.3,69.9,13,13.9,60.6,26,19.0,50,73.2,8.22,0,0,18.0,No,75.3,72.1,Good,Low
STU105285,18,Male,CIVIL,7,81.6,64.2,79.4,49.8,15,15.6,77.7,23,19.0,28,68.5,7.41,2,2,12.0,Yes,61.0,51.0,Average,Medium
STU105286,20,Other,AI&DS,3,66.9,67.5,76.1,72.6,9,19.7,88.5,22,19.0,40,75.2,6.49,2,2,9.0,No,74.9,67.7,Good,Low
STU105287,24,Male,CSE,8,49.4,45.9,57.7,47.6,7,9.7,58.0,17,13.0,30,52.4,5.97,1,4,7.0,No,53.6,45.2,Poor,High
STU105288,23,Male,AI&DS,3,65.2,55.6,66.0,57.4,13,5.1,58.8,31,16.0,31,68.7,6.99,2,6,11.0,No,58.4,49.8,Poor,High
STU105289,20,Male,IT,5,77.5,82.3,93.9,72.4,13,15.3,85.0,40,16.0,51,82.2,8.73,2,3,15.0,No,75.5,70.6,Good,Low
STU105290,21,Female,MECH,5,94.2,93.9,100.0,78.9,20,21.7,74.0,32,17.0,69,99.4,8.77,1,1,11.0,No,88.7,84.4,Excellent,Low
STU105291,18,Male,ECE,2,79.7,69.1,75.2,54.2,10,15.6,56.2,19,9.0,34,69.5,6.47,0,2,14.0,Yes,58.2,67.7,Good,Low
STU105292,19,Male,AI&DS,3,63.9,48.3,59.7,40.5,8,12.2,49.1,17,12.0,22,42.5,5.77,2,5,1.0,Yes,47.6,43.5,Poor,High
STU105293,22,Male,EEE,8,64.7,59.3,67.6,46.7,12,11.1,57.6,18,20.0,32,47.9,6.73,1,1,5.0,No,56.0,47.1,Poor,High
STU105294,20,Male,EEE,4,91.0,88.6,84.4,100.0,18,19.0,71.5,41,23.0,42,85.2,9.82,1,1,18.0,No,74.1,83.0,Excellent,Low
STU105295,24,Male,ECE,7,76.3,68.1,86.0,,15,16.1,89.3,41,23.0,39,83.7,6.08,0,0,13.0,Yes,73.0,75.9,Good,Low
STU105296,21,Male,MECH,5,91.4,83.5,80.2,65.5,14,22.8,68.0,24,15.0,42,70.6,7.22,0,0,13.0,No,77.3,73.5,Good,Low
STU105297,23,Male,AI&DS,3,65.3,49.4,69.2,55.1,12,9.9,47.4,27,8.0,34,51.5,5.17,2,2,8.0,Yes,49.7,59.0,Average,Medium
STU105298,23,Male,ECE,6,65.2,62.7,52.8,43.7,7,12.5,33.3,10,10.0,18,47.9,5.62,1,3,3.0,Yes,49.5,50.3,Average,Medium
STU105299,21,Female,AI&DS,2,91.5,64.5,88.7,73.2,15,19.7,82.5,31,25.0,50,73.0,7.14,1,2,12.0,No,80.2,75.9,Good,Low
STU105300,24,Female,CSE,8,75.5,68.1,86.8,66.0,11,15.4,67.3,38,16.0,47,57.0,6.55,0,0,11.0,No,70.3,72.6,Good,Low
STU105301,24,Male,AI&DS,6,64.9,68.7,70.5,52.5,17,13.8,86.1,44,17.0,41,71.3,4.83,0,4,12.0,Yes,56.3,58.2,Average,Medium
STU105302,20,Male,CIVIL,6,54.1,51.2,53.3,34.7,11,7.4,45.1,11,10.0,28,58.6,5.33,1,4,4.0,Yes,49.3,44.7,Poor,High
STU105303,19,Female,CSE,2,81.6,63.4,68.6,69.7,14,14.7,77.3,38,18.0,64,78.5,7.6,0,2,16.0,No,84.2,70.7,Good,Low
STU105304,22,Female,AI&DS,3,82.8,78.4,76.5,74.5,13,14.6,70.6,25,22.0,48,82.3,7.96,0,1,13.0,No,76.8,74.3,Good,Low
STU105305,18,Male,ECE,4,75.9,83.0,81.2,58.5,10,10.8,64.7,27,13.0,40,62.4,7.34,1,2,10.0,Yes,67.6,65.7,Good,Low
STU105306,22,Male,ECE,4,90.2,76.7,87.3,72.5,17,15.9,78.6,31,24.0,46,71.7,7.36,0,0,11.0,No,86.0,77.5,Good,Low
STU105307,21,Female,CIVIL,2,88.4,54.2,65.6,74.2,14,15.0,66.9,31,15.0,35,65.6,,1,0,17.0,No,71.7,70.8,Good,Low
STU105308,23,Male,CIVIL,2,55.5,53.3,59.9,54.8,11,13.8,47.5,24,12.0,21,43.2,5.9,0,2,11.0,No,51.5,45.3,Poor,High
STU105309,18,Male,MECH,6,88.7,76.0,71.7,99.2,16,20.5,78.6,36,27.0,44,84.2,9.04,0,0,11.0,No,100.0,80.8,Excellent,Low
STU105310,22,Male,AI&DS,4,83.6,,75.3,72.6,13,17.5,62.6,31,16.0,44,93.4,7.34,1,3,13.0,No,81.9,59.1,Average,Medium
STU105311,21,Female,CSE,3,69.4,42.8,56.1,48.6,13,9.8,55.4,35,19.0,35,63.5,4.41,2,6,8.0,No,49.3,50.1,Average,Medium
STU105312,18,Male,AI&DS,6,81.8,42.8,63.2,40.3,12,5.8,52.5,21,12.0,39,68.5,5.15,0,3,9.0,No,56.0,57.6,Average,Medium
STU105313,21,Male,EEE,8,82.2,71.1,69.6,51.3,14,11.1,56.5,19,11.0,21,46.5,6.98,1,0,12.0,No,67.4,56.2,Average,Medium
STU105314,22,Male,CSE,8,68.9,55.3,58.4,58.6,11,15.8,62.7,31,18.0,23,40.9,6.86,3,2,10.0,No,63.9,41.5,Poor,High
STU105315,20,Female,CIVIL,8,60.7,54.9,68.1,55.1,12,10.2,,20,16.0,48,59.8,5.77,0,6,15.0,Yes,57.3,55.3,Average,Medium
STU105316,22,Female,IT,3,95.3,79.5,76.9,63.1,10,15.9,51.5,27,11.0,29,82.4,7.43,1,5,7.0,No,85.4,68.6,Good,Low
STU105317,20,Female,MECH,3,80.3,72.5,80.2,69.3,12,15.8,68.0,27,17.0,47,53.0,6.69,1,2,13.0,Yes,68.2,71.5,Good,Low
STU105318,22,Female,ECE,3,76.6,82.8,75.0,66.8,13,11.6,70.3,24,13.0,53,80.1,8.22,0,5,6.0,No,65.0,70.8,Good,Low
STU105319,19,Male,CIVIL,4,70.8,50.5,36.4,43.7,9,9.0,45.0,19,4.0,19,44.1,4.0,2,5,6.0,No,49.9,31.3,Poor,High
STU105320,19,Male,AI&DS,2,78.0,58.6,73.8,63.6,11,19.7,77.3,27,18.0,35,70.8,6.8,1,2,4.0,No,55.6,67.6,Good,Low
STU105321,18,Female,IT,4,92.2,59.2,90.5,60.5,12,16.0,89.7,28,,45,70.4,6.92,1,2,7.0,No,76.3,69.9,Good,Low
STU105322,18,Female,AI&DS,6,77.5,61.8,94.1,50.0,11,10.0,85.4,31,23.0,37,66.6,5.32,1,4,15.0,No,65.3,70.0,Good,Low
STU105323,18,Male,MECH,3,94.2,60.2,84.7,32.4,17,9.4,65.4,29,14.0,28,61.7,5.75,1,3,14.0,Yes,44.7,51.7,Average,Medium
STU105324,19,Female,CSE,8,84.7,83.5,79.2,56.5,12,11.8,61.8,21,15.0,35,77.7,5.05,2,0,10.0,No,61.4,74.1,Good,Low
STU105325,23,Male,EEE,7,70.7,72.1,65.3,62.6,9,15.2,59.9,30,15.0,33,72.1,6.38,0,1,9.0,Yes,73.0,64.6,Average,Medium
STU105326,19,Male,AI&DS,4,91.3,88.9,82.1,53.4,11,16.9,60.2,14,13.0,38,,7.15,1,2,9.0,No,72.3,70.8,Good,Low
STU105327,20,Male,CSE,4,83.7,73.6,76.1,65.5,16,16.3,74.7,28,20.0,45,,7.67,1,2,12.0,No,75.1,57.3,Average,Medium
STU105328,19,Female,ECE,5,62.3,54.2,60.1,46.4,11,13.8,49.2,23,9.0,36,49.0,5.73,2,1,6.0,No,50.5,44.5,Poor,High
STU105329,20,Female,CSE,4,68.8,76.1,84.6,58.4,13,14.2,71.2,31,17.0,37,52.7,5.79,0,0,11.0,No,65.0,74.5,Good,Low
STU105330,19,Female,CSE,2,78.6,67.7,45.2,62.2,7,13.0,56.7,20,14.0,25,70.8,7.62,1,2,8.0,No,74.2,56.1,Average,Medium
STU105331,20,Female,IT,4,76.6,64.4,62.7,64.1,10,13.2,64.9,29,19.0,33,58.3,7.07,1,2,9.0,No,72.8,67.5,Good,Low
STU105332,18,Male,CSE,5,81.6,70.0,64.6,79.9,16,18.7,72.1,29,26.0,37,75.5,8.15,0,4,17.0,No,74.1,61.9,Average,Medium
STU105333,21,Female,EEE,3,84.9,63.0,84.6,61.6,16,14.5,56.6,23,18.0,34,86.7,8.19,0,3,13.0,No,62.2,70.2,Good,Low
STU105334,19,Male,CSE,3,95.4,72.9,96.0,86.1,18,14.9,66.7,33,23.0,70,93.5,7.32,0,1,13.0,No,74.6,75.6,Good,Low
STU105335,22,Female,MECH,5,92.2,75.1,90.5,70.9,20,18.9,89.1,30,30.0,64,98.8,7.99,2,2,13.0,Yes,78.2,88.1,Excellent,Low
STU105336,24,Male,IT,2,57.5,48.6,72.3,46.9,6,8.7,39.1,13,3.0,7,29.1,5.7,0,3,4.0,No,51.1,57.1,Average,Medium
STU105337,21,Male,ECE,7,75.9,65.7,78.3,61.1,14,17.7,62.8,25,20.0,26,77.2,7.96,1,5,13.0,No,75.0,69.2,Good,Low
STU105338,21,Female,IT,6,85.5,73.3,89.3,,10,9.9,61.0,24,16.0,23,52.8,7.12,1,2,8.0,No,69.7,74.0,Good,Low
STU105339,23,Male,EEE,8,79.8,56.2,60.7,58.7,17,14.1,71.7,22,13.0,45,60.8,6.62,2,4,11.0,No,65.9,58.6,Average,Medium
STU105340,20,Male,EEE,3,86.9,80.9,77.8,73.0,11,15.5,65.3,28,15.0,41,71.1,7.49,2,2,12.0,No,78.2,88.3,Excellent,Low
STU105341,18,Female,CSE,7,77.0,70.2,60.2,49.8,9,10.6,72.5,27,21.0,37,56.8,6.85,0,4,7.0,No,62.3,58.8,Average,Medium
STU105342,23,Female,IT,2,82.5,72.2,77.5,61.7,10,10.3,66.3,32,18.0,27,71.9,6.66,1,4,7.0,No,64.2,65.4,Good,Low
STU105343,22,Male,IT,7,81.3,59.5,73.4,64.5,16,13.2,70.7,25,16.0,28,60.9,7.01,1,0,8.0,No,67.6,65.5,Good,Low
STU105344,21,Female,CSE,3,70.2,36.9,56.3,37.7,10,4.6,35.6,7,5.0,8,41.4,4.35,2,4,6.0,No,47.9,33.4,Poor,High
STU105345,20,Female,CSE,7,62.0,67.8,50.1,62.2,6,1.0,36.2,12,5.0,34,63.2,5.47,0,4,8.0,No,60.0,39.4,Poor,High
STU105346,18,Male,AI&DS,2,70.2,56.1,76.6,70.7,10,7.9,79.1,24,16.0,51,64.6,5.64,2,1,9.0,No,58.9,57.3,Average,Medium
STU105347,21,Male,CSE,7,72.3,58.2,71.9,38.4,8,6.8,73.5,26,20.0,22,65.2,5.14,3,2,8.0,No,49.6,50.2,Average,Medium
STU105348,21,Female,AI&DS,6,83.7,68.4,80.4,70.9,11,17.2,74.6,29,21.0,56,75.6,9.29,0,0,13.0,No,68.5,78.6,Good,Low
STU105349,21,Female,IT,2,63.3,61.4,58.3,62.3,9,8.6,52.6,18,13.0,40,31.6,6.99,2,5,7.0,No,73.7,48.5,Poor,High
STU105350,20,Male,IT,3,74.7,70.8,66.2,49.4,7,12.2,50.6,18,11.0,15,42.8,7.04,2,2,7.0,No,64.9,71.3,Good,Low
STU105351,19,Female,ECE,5,71.8,58.5,65.3,66.3,8,8.3,61.0,29,16.0,41,53.1,5.94,2,4,13.0,Yes,64.4,43.4,Poor,High
STU105352,21,Female,AI&DS,6,71.8,67.2,69.5,71.9,9,17.7,69.5,23,18.0,35,60.2,6.06,1,1,9.0,No,69.2,65.3,Good,Low
STU105353,22,Female,EEE,7,69.5,77.8,81.9,87.2,15,17.1,74.9,36,11.0,38,49.9,,1,0,10.0,No,84.0,68.7,Good,Low
STU105354,19,Female,IT,5,56.8,54.7,49.5,45.3,9,8.5,40.6,7,5.0,26,43.9,6.03,2,2,6.0,Yes,66.5,49.8,Poor,High
STU105355,18,Female,CIVIL,6,63.1,75.0,55.2,45.6,8,11.3,60.2,13,8.0,43,26.4,7.1,3,6,5.0,Yes,57.9,54.2,Average,Medium
STU105356,21,Male,IT,4,73.7,73.0,81.4,64.1,12,17.6,60.3,20,11.0,42,61.8,7.78,1,2,9.0,No,76.1,61.3,Average,Medium
STU105357,18,Female,CIVIL,4,69.3,50.4,51.5,29.8,9,,33.4,14,16.0,22,62.5,5.0,2,3,11.0,No,46.0,48.1,Poor,High
STU105358,19,Female,ECE,3,62.7,60.5,57.0,63.4,9,12.8,59.7,18,11.0,23,61.8,6.89,1,5,6.0,No,63.8,53.0,Average,Medium
STU105359,22,Female,CSE,6,76.2,52.7,60.2,62.1,12,5.8,62.3,27,16.0,33,62.3,6.49,0,6,7.0,No,62.0,55.6,Average,Medium
STU105360,20,Female,CIVIL,6,73.3,64.7,63.8,64.4,8,10.8,66.9,23,17.0,35,69.4,6.69,1,2,11.0,No,68.2,61.3,Average,Medium
STU105361,21,Male,EEE,8,76.6,50.9,91.2,78.3,15,11.0,70.7,45,20.0,42,79.8,6.46,0,4,12.0,No,73.8,68.5,Good,Low
STU105362,22,Male,CIVIL,5,76.4,73.3,69.0,56.9,5,17.1,48.0,11,8.0,34,52.7,6.88,1,2,9.0,Yes,56.7,53.7,Average,Medium
STU105363,19,Female,MECH,6,89.2,69.5,86.8,74.2,14,16.1,86.1,29,17.0,66,64.8,7.98,0,3,13.0,No,82.8,75.4,Good,Low
STU105364,19,Male,AI&DS,7,64.0,50.7,64.2,56.1,12,9.0,61.7,26,13.0,21,57.0,6.31,1,2,11.0,Yes,62.9,50.4,Average,Medium
STU105365,20,Male,AI&DS,8,83.0,61.8,74.3,51.3,10,17.2,75.0,10,16.0,26,71.9,8.24,1,2,11.0,No,52.5,65.0,Average,Medium
STU105366,20,Female,CIVIL,5,92.1,90.2,83.0,74.4,16,14.7,74.0,37,19.0,65,86.2,8.67,0,2,12.0,No,82.6,82.5,Excellent,Low
STU105367,21,Male,ECE,7,67.5,47.4,76.0,55.6,11,10.6,84.0,32,15.0,37,80.4,6.85,1,5,9.0,Yes,59.2,61.5,Average,Medium
STU105368,18,Female,CSE,7,77.6,83.1,81.0,83.1,15,10.8,93.4,28,19.0,59,81.6,7.91,1,1,13.0,No,80.2,83.2,Excellent,Low
STU105369,21,Male,EEE,6,79.8,59.9,76.4,55.3,15,11.6,82.1,28,19.0,34,65.2,6.49,1,4,17.0,No,64.3,59.6,Average,Medium
STU105370,22,Female,AI&DS,5,60.0,76.5,67.9,61.1,8,15.0,56.1,18,18.0,40,34.4,7.55,1,6,4.0,Yes,68.7,50.5,Average,Medium
STU105371,23,Male,EEE,6,77.0,65.5,66.6,71.7,8,19.4,64.6,25,16.0,34,66.0,6.85,0,4,13.0,No,63.4,62.7,Average,Medium
STU105372,21,Female,EEE,7,73.5,86.6,58.7,,12,14.1,86.9,33,21.0,45,84.0,7.29,1,4,15.0,No,77.6,73.3,Good,Low
STU105373,22,Female,MECH,5,79.1,50.3,74.3,62.3,12,10.4,72.4,32,22.0,37,70.5,5.79,1,0,15.0,No,64.8,62.8,Average,Medium
STU105374,23,Male,IT,5,82.8,63.9,64.8,64.5,14,12.1,63.0,22,18.0,49,82.0,7.2,2,1,10.0,No,70.8,56.7,Average,Medium
STU105375,23,Female,AI&DS,3,91.3,68.9,83.5,70.5,17,20.0,69.2,37,14.0,38,80.5,6.77,0,4,9.0,No,74.6,71.7,Good,Low
STU105376,21,Male,IT,8,63.8,63.8,55.4,69.6,8,8.0,32.8,19,16.0,41,62.1,8.52,0,5,9.0,Yes,73.2,50.8,Average,Medium
STU105377,21,Male,CIVIL,2,73.2,65.2,66.4,71.0,12,15.0,64.4,40,14.0,40,70.1,7.39,0,3,15.0,Yes,74.9,60.1,Average,Medium
STU105378,24,Female,CIVIL,7,76.5,54.4,67.2,60.8,11,14.2,52.3,24,19.0,55,72.9,6.44,1,2,13.0,No,64.1,54.5,Average,Medium
STU105379,23,Female,CIVIL,4,74.3,55.0,75.2,45.3,9,13.2,58.6,30,12.0,35,71.8,5.78,3,2,4.0,No,58.8,55.5,Average,Medium
STU105380,19,Female,CSE,3,99.5,65.4,89.1,96.6,18,15.4,99.1,33,24.0,41,100.0,7.21,0,2,15.0,No,91.1,82.7,Excellent,Low
STU105381,21,Female,ECE,3,80.3,78.4,86.8,76.8,14,22.1,74.8,25,17.0,46,74.9,7.69,0,3,12.0,No,74.8,80.8,Excellent,Low
STU105382,23,Female,CSE,7,60.9,48.5,39.9,51.5,5,12.0,29.9,12,8.0,17,44.8,5.91,0,4,5.0,No,43.2,34.7,Poor,High
STU105383,21,Male,MECH,4,82.0,50.3,54.5,54.9,13,8.1,57.2,18,18.0,38,66.5,6.13,1,0,9.0,No,66.0,56.6,Average,Medium
STU105384,21,Male,CSE,2,70.3,67.3,53.4,46.4,11,13.1,49.8,24,10.0,36,54.8,8.19,1,4,8.0,Yes,55.5,47.4,Poor,High
STU105385,22,Female,CSE,5,83.4,88.7,94.3,70.4,16,22.0,98.9,41,20.0,39,75.8,7.64,1,0,15.0,No,80.8,91.6,Excellent,Low
STU105386,20,Male,IT,8,78.6,64.1,97.6,87.5,17,18.3,69.6,29,16.0,43,86.5,6.99,1,4,11.0,Yes,82.3,83.2,Excellent,Low
STU105387,22,Female,IT,8,57.4,54.3,57.2,27.6,8,10.7,34.9,14,16.0,19,66.2,5.78,2,4,3.0,No,31.4,29.2,Poor,High
STU105388,23,Female,EEE,4,87.7,69.9,76.8,59.2,13,10.3,100.0,38,20.0,42,78.8,6.57,2,3,12.0,No,71.5,79.9,Good,Low
STU105389,24,Female,ECE,6,70.6,64.5,77.3,54.4,9,18.0,61.9,20,15.0,37,59.7,5.12,2,4,12.0,No,54.1,53.1,Average,Medium
STU105390,24,Male,CIVIL,5,57.2,54.0,50.9,51.5,11,12.7,41.8,10,8.0,35,60.6,7.06,2,5,5.0,No,53.9,42.1,Poor,High
STU105391,22,Female,IT,4,92.2,91.6,79.0,94.1,13,23.2,72.7,34,17.0,51,63.9,6.9,3,0,14.0,No,93.1,68.0,Good,Low
STU105392,23,Male,CSE,2,68.4,55.0,66.0,31.9,11,10.5,56.2,23,8.0,6,62.7,5.98,2,2,8.0,No,53.5,50.9,Average,Medium
STU105393,23,Female,CSE,3,52.9,32.3,53.5,35.1,12,8.5,53.7,17,13.0,27,53.7,5.9,2,2,8.0,No,35.8,26.6,Poor,High
STU105394,20,Female,IT,8,77.4,57.0,56.3,52.9,8,8.5,52.9,16,10.0,40,55.6,7.2,1,2,6.0,No,51.3,53.1,Average,Medium
STU105395,24,Female,CSE,8,75.5,69.3,80.0,66.1,14,18.4,49.8,31,18.0,39,80.2,6.64,1,1,16.0,No,69.3,68.2,Good,Low
STU105396,21,Male,MECH,8,78.4,77.1,67.4,64.3,11,19.4,57.4,26,16.0,28,62.9,7.23,0,1,8.0,No,60.8,69.4,Good,Low
STU105397,24,Male,EEE,8,72.6,75.3,48.8,61.1,8,16.8,55.4,7,17.0,18,47.8,7.09,0,1,7.0,No,73.1,71.2,Good,Low
STU105398,19,Male,ECE,5,77.8,66.4,68.2,66.6,16,23.2,66.7,44,15.0,53,66.5,7.26,3,0,11.0,No,76.6,62.9,Average,Medium
STU105399,20,Female,CSE,2,53.6,47.9,39.2,33.1,5,6.3,36.8,1,5.0,15,28.9,5.14,1,3,2.0,No,51.7,37.4,Poor,High
STU105400,22,Female,MECH,3,80.1,74.3,71.5,60.1,12,14.5,72.5,22,15.0,33,60.3,7.91,1,3,8.0,No,67.0,58.8,Average,Medium
STU105401,22,Female,EEE,7,64.6,53.7,65.8,55.5,12,12.6,57.5,14,4.0,25,44.7,6.55,1,3,2.0,Yes,49.3,50.6,Average,Medium
STU105402,20,Male,IT,6,52.6,79.1,56.2,47.9,6,16.3,42.7,9,20.0,28,59.5,7.83,1,4,11.0,Yes,68.5,61.8,Average,Medium
STU105403,19,Male,ECE,8,55.3,46.7,77.7,34.3,8,8.7,49.1,17,11.0,24,51.3,5.87,2,3,8.0,No,50.5,49.1,Poor,High
STU105404,19,Female,IT,4,92.0,63.4,69.2,66.9,11,12.9,61.3,21,15.0,34,69.2,6.55,1,2,4.0,No,76.3,75.0,Good,Low
STU105405,23,Female,CSE,4,76.7,64.0,68.2,56.0,12,13.9,44.9,22,15.0,37,70.9,5.82,0,3,7.0,No,67.4,66.3,Good,Low
STU105406,18,Female,CSE,8,81.2,76.7,64.1,90.1,11,16.9,48.7,18,15.0,29,74.1,8.68,1,3,6.0,No,80.6,67.3,Good,Low
STU105407,18,Male,IT,8,81.8,58.4,56.9,37.1,7,9.2,50.4,23,22.0,17,54.1,4.41,2,4,9.0,No,48.1,59.4,Average,Medium
STU105408,24,Male,CSE,4,72.2,76.7,56.0,,15,13.9,47.3,28,,53,69.8,6.84,2,2,12.0,No,69.4,60.2,Average,Medium
STU105409,24,Female,AI&DS,8,63.4,58.7,59.7,59.8,11,11.6,37.7,25,12.0,19,62.2,4.68,1,4,6.0,No,58.0,53.6,Average,Medium
STU105410,18,Female,CSE,6,64.5,54.3,88.7,75.6,12,16.7,76.1,28,20.0,45,78.1,6.74,1,0,14.0,No,68.2,61.7,Average,Medium
STU105411,18,Female,MECH,8,79.9,83.7,86.5,68.2,18,14.1,61.8,35,20.0,51,85.0,7.4,0,2,13.0,No,91.2,85.0,Excellent,Low
STU105412,20,Female,CIVIL,2,83.9,83.0,70.1,71.5,13,11.7,96.5,31,22.0,38,59.9,7.93,0,0,14.0,No,74.1,66.4,Good,Low
STU105413,22,Female,IT,6,62.5,65.7,62.1,58.5,7,7.8,35.4,19,13.0,16,35.3,5.41,0,3,6.0,No,57.0,36.6,Poor,High
STU105414,19,Female,CSE,8,83.4,69.4,75.7,69.2,9,16.8,53.1,19,16.0,31,55.4,8.46,0,1,12.0,Yes,63.3,64.1,Average,Medium
STU105415,24,Female,AI&DS,8,88.9,77.8,93.1,70.5,15,15.0,59.8,36,21.0,35,87.8,7.52,2,0,13.0,No,84.0,78.8,Good,Low
STU105416,21,Male,AI&DS,6,74.8,56.5,56.9,38.7,12,10.2,48.3,18,15.0,32,26.6,5.84,2,1,4.0,Yes,46.9,49.0,Poor,High
STU105417,21,Male,IT,2,68.2,85.9,90.9,81.1,15,14.7,57.9,23,15.0,30,71.5,6.87,0,3,10.0,No,70.8,63.9,Average,Medium
STU105418,19,Female,EEE,8,82.0,75.4,79.6,66.9,13,16.4,74.4,36,22.0,42,70.3,7.26,1,1,12.0,No,73.4,66.7,Good,Low
STU105419,20,Female,AI&DS,3,87.4,54.4,76.4,59.8,15,15.5,80.8,34,22.0,39,84.2,7.75,2,2,17.0,No,71.9,69.2,Good,Low
STU105420,23,Female,AI&DS,4,77.3,55.4,46.2,45.3,9,13.2,58.5,16,13.0,27,53.1,5.61,2,4,4.0,Yes,58.4,38.1,Poor,High
STU105421,22,Male,AI&DS,8,81.9,72.0,76.9,69.9,16,16.0,67.9,35,15.0,37,50.1,6.24,1,0,12.0,No,77.9,62.8,Average,Medium
STU105422,19,Female,MECH,5,58.4,40.9,55.5,37.1,8,5.5,39.2,12,6.0,26,37.1,5.58,2,1,7.0,Yes,52.8,48.2,Poor,High
STU105423,21,Male,EEE,3,77.4,58.9,57.3,75.0,15,12.9,70.5,27,22.0,33,73.5,6.39,0,3,12.0,No,74.2,59.2,Average,Medium
STU105424,19,Male,EEE,2,77.2,68.5,81.0,57.9,15,16.0,,22,19.0,54,79.6,6.27,1,1,13.0,No,69.0,71.1,Good,Low
STU105425,20,Female,ECE,3,86.8,80.6,85.0,73.5,17,8.6,65.4,27,20.0,40,84.4,6.43,1,2,12.0,No,67.7,61.5,Average,Medium
STU105426,19,Female,CSE,7,77.1,54.1,70.8,71.0,15,9.4,84.6,33,22.0,41,70.5,5.59,0,2,6.0,No,78.5,64.5,Average,Medium
STU105427,24,Male,MECH,7,70.2,54.8,62.7,48.3,9,12.0,41.2,23,16.0,31,71.1,7.09,1,0,12.0,Yes,58.9,57.6,Average,Medium
STU105428,20,Female,MECH,3,,62.1,66.1,63.5,11,11.2,67.4,18,14.0,42,59.1,6.3,1,4,5.0,No,74.7,47.1,Poor,High
STU105429,21,Female,CSE,8,77.1,85.9,90.1,63.2,15,15.7,58.5,31,20.0,39,83.8,7.68,0,3,10.0,No,76.4,73.8,Good,Low
STU105430,22,Male,EEE,4,83.7,96.7,77.7,78.1,18,17.4,68.0,31,24.0,47,88.9,8.28,0,0,12.0,No,82.1,80.4,Excellent,Low
STU105431,18,Male,IT,6,38.1,48.0,28.0,39.7,5,9.7,23.3,10,7.0,9,25.3,4.47,1,5,3.0,No,40.2,29.4,Poor,High
STU105432,19,Female,EEE,6,84.4,72.1,73.5,60.4,15,14.7,73.6,31,19.0,50,74.6,6.53,0,1,14.0,No,70.9,75.4,Good,Low
STU105433,24,Female,MECH,2,65.2,48.2,50.0,53.6,9,3.5,47.4,15,18.0,23,47.0,6.15,2,4,8.0,Yes,58.6,42.0,Poor,High
STU105434,22,Female,MECH,2,83.4,82.8,71.9,67.9,13,19.6,83.4,28,19.0,63,78.3,8.21,1,2,11.0,No,78.7,64.7,Average,Medium
STU105435,19,Male,AI&DS,6,68.8,48.4,74.4,48.4,13,14.0,57.3,16,17.0,49,66.9,5.47,1,2,9.0,Yes,56.5,66.0,Good,Low
STU105436,21,Female,CSE,7,62.0,57.3,42.6,42.8,4,9.7,40.1,21,8.0,20,48.2,5.69,2,5,3.0,Yes,52.4,49.4,Poor,High
STU105437,24,Female,ECE,8,79.4,40.1,51.9,64.1,9,5.0,59.4,22,13.0,52,60.6,7.54,3,1,11.0,No,57.7,49.4,Poor,High
STU105438,19,Male,AI&DS,7,84.2,50.9,80.4,57.6,15,16.4,,29,16.0,33,65.6,6.86,0,0,13.0,No,63.8,71.4,Good,Low
STU105439,20,Female,MECH,6,90.8,53.6,90.8,58.1,13,11.8,86.1,24,19.0,42,75.7,7.57,2,3,7.0,No,68.0,63.1,Average,Medium
STU105440,19,Male,MECH,5,66.5,80.2,86.2,58.3,10,11.9,56.6,25,15.0,45,68.7,7.46,2,3,11.0,Yes,71.6,59.9,Average,Medium
STU105441,22,Female,CSE,4,83.8,64.2,66.2,53.4,14,12.2,74.6,26,18.0,56,68.5,7.58,2,2,13.0,No,69.4,59.7,Average,Medium
STU105442,21,Male,IT,6,55.0,35.5,54.6,52.9,11,3.1,48.2,23,6.0,38,62.2,5.37,3,7,4.0,Yes,39.6,36.3,Poor,High
STU105443,21,Male,IT,8,70.6,89.4,61.4,66.6,12,14.8,69.7,31,20.0,40,60.4,7.43,3,5,13.0,Yes,72.7,58.2,Average,Medium
STU105444,20,Male,CSE,2,84.9,60.0,81.7,88.3,17,15.1,87.4,35,21.0,36,85.9,6.35,2,2,13.0,No,76.7,78.2,Good,Low
STU105445,20,Male,ECE,5,85.8,82.7,89.5,71.2,19,18.2,88.9,34,27.0,57,94.3,6.86,1,0,16.0,No,84.4,74.4,Good,Low
STU105446,21,Male,CSE,5,66.5,50.6,51.3,40.4,14,10.7,60.0,27,14.0,41,71.0,5.7,1,3,12.0,Yes,52.3,50.1,Average,Medium
STU105447,23,Male,IT,4,55.3,51.6,58.0,41.4,10,5.3,59.9,12,13.0,36,62.8,4.0,1,3,10.0,Yes,51.8,48.3,Poor,High
STU105448,23,Female,EEE,7,70.3,62.5,69.4,80.7,10,17.5,63.0,27,,52,69.4,6.02,2,3,11.0,No,69.7,63.4,Average,Medium
STU105449,23,Male,MECH,5,83.0,71.1,85.6,77.0,14,17.6,73.0,35,20.0,43,98.0,8.04,0,2,13.0,No,73.5,77.5,Good,Low
STU105450,18,Male,IT,2,57.1,53.3,58.0,60.6,13,10.1,68.2,23,14.0,32,63.0,7.61,2,5,9.0,No,68.6,40.7,Poor,High
STU105451,21,Male,MECH,6,69.4,56.1,90.7,57.9,13,14.1,65.6,32,18.0,50,58.3,5.67,1,2,10.0,No,54.2,60.5,Average,Medium
STU105452,20,Female,IT,8,74.6,45.3,61.1,45.7,10,11.2,37.3,13,13.0,13,46.9,6.32,3,4,4.0,Yes,48.9,48.7,Poor,High
STU105453,24,Male,AI&DS,3,91.0,69.1,92.4,91.5,19,21.0,76.9,33,23.0,68,100.0,8.02,1,1,13.0,No,78.1,72.3,Good,Low
STU105454,20,Female,AI&DS,5,70.2,58.7,73.1,40.9,8,10.0,52.0,16,12.0,20,77.1,5.59,1,5,6.0,Yes,53.9,47.7,Poor,High
STU105455,19,Male,ECE,3,62.4,62.2,54.1,48.6,4,7.8,53.0,11,6.0,23,65.7,6.6,0,1,2.0,Yes,66.7,59.4,Average,Medium
STU105456,19,Male,IT,2,72.6,62.5,62.8,66.4,12,9.8,57.9,30,15.0,26,79.6,7.47,0,5,13.0,Yes,71.3,52.0,Average,Medium
STU105457,19,Female,CSE,5,,26.9,61.9,38.8,12,5.6,40.1,12,13.0,13,46.1,,2,5,5.0,Yes,37.3,35.1,Poor,High
STU105458,21,Female,ECE,4,74.9,78.0,75.1,71.5,14,10.9,76.0,31,22.0,53,73.3,7.6,2,1,11.0,No,71.3,69.7,Good,Low
STU105459,19,Female,CIVIL,8,88.2,69.9,79.1,53.2,10,15.4,58.2,31,18.0,32,87.0,,0,1,10.0,No,70.3,64.1,Average,Medium
STU105460,21,Male,CSE,5,75.3,65.0,74.6,68.4,13,10.8,58.2,26,17.0,32,69.1,7.93,1,0,11.0,No,52.4,69.5,Good,Low
STU105461,19,Male,EEE,6,93.7,69.6,97.0,66.4,16,14.0,78.4,45,17.0,63,76.5,7.77,1,3,13.0,No,82.5,89.3,Excellent,Low
STU105462,22,Male,CSE,8,65.0,37.5,64.3,71.5,14,14.0,72.1,30,23.0,44,77.1,6.88,2,5,14.0,No,59.2,53.0,Average,Medium
STU105463,22,Male,CSE,5,76.3,56.3,70.7,50.6,18,10.9,80.0,28,25.0,33,60.1,5.58,2,3,9.0,Yes,56.9,61.2,Average,Medium
STU105464,22,Female,AI&DS,6,76.7,62.0,75.5,58.1,10,13.0,63.8,19,13.0,23,57.3,5.86,2,4,14.0,No,65.8,57.8,Average,Medium
STU105465,24,Male,CIVIL,5,59.5,61.7,52.4,50.6,11,10.6,50.2,26,11.0,39,39.8,5.31,2,5,5.0,Yes,54.9,42.7,Poor,High
STU105466,18,Male,CSE,6,71.1,70.5,67.9,70.6,14,16.2,69.7,27,20.0,58,73.8,7.02,1,0,11.0,Yes,72.6,66.0,Good,Low
STU105467,18,Male,AI&DS,3,72.6,70.4,79.8,50.4,12,17.9,64.0,20,17.0,18,71.8,7.52,1,1,10.0,No,65.9,51.8,Average,Medium
STU105468,21,Male,MECH,8,76.7,95.6,74.5,78.1,14,19.8,89.4,27,19.0,34,80.7,7.76,0,1,13.0,No,87.6,86.7,Excellent,Low
STU105469,21,Male,AI&DS,4,76.2,60.1,78.4,47.7,9,15.0,83.0,19,17.0,45,50.8,7.78,1,0,13.0,Yes,60.6,65.4,Good,Low
STU105470,23,Male,ECE,4,,59.5,82.6,62.4,14,8.9,74.0,21,15.0,27,60.7,7.98,0,1,10.0,No,65.7,73.7,Good,Low
STU105471,19,Female,ECE,4,76.7,67.7,65.2,62.5,15,13.0,71.4,22,12.0,42,56.4,7.49,1,5,7.0,No,63.1,61.0,Average,Medium
STU105472,21,Female,IT,4,58.3,63.9,59.3,72.0,13,15.7,43.5,20,11.0,24,42.0,5.41,2,5,3.0,Yes,56.2,49.7,Poor,High
STU105473,22,Male,IT,4,88.4,79.4,73.4,54.9,12,17.7,69.8,38,20.0,49,56.9,7.57,0,0,14.0,Yes,80.9,74.0,Good,Low
STU105474,22,Male,CSE,7,79.4,59.4,82.1,48.8,12,15.9,61.9,26,20.0,22,76.3,7.02,1,0,13.0,Yes,70.3,54.6,Average,Medium
STU105475,21,Female,MECH,7,77.4,60.3,63.5,50.2,17,11.7,72.7,39,22.0,42,77.6,6.28,0,2,9.0,No,56.7,69.9,Good,Low
STU105476,22,Male,EEE,6,79.1,42.6,68.4,39.8,8,9.8,64.9,16,13.0,20,59.5,5.86,1,1,5.0,Yes,51.2,54.1,Average,Medium
STU105477,19,Female,AI&DS,4,75.6,49.2,68.2,70.1,9,13.2,68.6,20,13.0,33,78.4,5.84,2,4,10.0,No,57.1,53.1,Average,Medium
STU105478,21,Female,ECE,3,72.1,57.4,64.8,50.0,12,16.2,69.0,12,15.0,36,63.5,7.08,1,0,7.0,No,,61.4,Average,Medium
STU105479,21,Male,IT,6,95.1,71.3,75.5,38.8,10,19.2,89.8,32,18.0,34,79.2,6.73,0,1,9.0,Yes,72.2,70.7,Good,Low
STU105480,18,Female,CIVIL,7,84.3,72.0,80.7,55.7,7,9.0,65.9,18,12.0,22,55.5,5.48,1,1,9.0,No,63.2,59.7,Average,Medium
STU105481,24,Male,EEE,4,89.2,65.6,63.8,73.8,17,12.4,79.3,30,16.0,21,65.2,6.77,1,4,8.0,Yes,72.7,65.5,Good,Low
STU105482,22,Male,CSE,3,56.9,58.7,70.5,55.8,11,7.3,68.0,13,16.0,31,66.8,6.73,1,1,12.0,Yes,51.4,58.0,Average,Medium
STU105483,23,Female,EEE,5,68.0,,67.9,61.6,14,13.4,65.4,22,21.0,30,65.2,7.59,1,0,15.0,No,56.9,67.1,Good,Low
STU105484,21,Male,ECE,5,65.3,69.8,60.1,78.9,10,14.4,77.2,23,20.0,44,63.5,7.28,0,3,8.0,Yes,88.4,63.2,Average,Medium
STU105485,24,Male,ECE,2,76.9,72.4,92.2,78.3,17,16.4,75.6,34,28.0,42,70.0,7.85,1,0,10.0,No,79.5,69.9,Good,Low
STU105486,18,Female,IT,7,81.7,82.1,71.6,60.9,15,13.4,61.3,27,17.0,52,86.9,7.41,0,3,14.0,Yes,72.3,71.3,Good,Low
STU105487,24,Female,IT,7,84.3,85.2,81.8,66.1,11,16.3,62.4,30,23.0,39,65.7,8.55,1,0,11.0,Yes,73.9,72.7,Good,Low
STU105488,19,Male,IT,3,65.7,68.7,73.7,46.0,12,12.6,67.0,33,19.0,36,72.0,5.72,3,3,8.0,Yes,63.0,47.9,Poor,High
STU105489,24,Female,MECH,7,58.2,71.0,49.1,43.0,12,13.1,64.8,14,12.0,30,59.6,5.24,1,4,4.0,Yes,65.5,51.7,Average,Medium
STU105490,18,Male,EEE,7,73.8,47.4,57.0,58.1,10,15.3,66.0,23,12.0,23,68.7,6.91,1,4,10.0,Yes,69.0,57.6,Average,Medium
STU105491,20,Female,AI&DS,5,89.1,63.5,67.0,67.2,13,19.1,61.6,33,14.0,36,77.2,6.06,1,0,10.0,No,69.8,59.1,Average,Medium
STU105492,21,Male,IT,8,54.0,38.3,49.3,31.7,4,4.9,41.0,21,10.0,5,43.3,5.03,2,5,6.0,Yes,33.9,24.2,Poor,High
STU105493,22,Female,ECE,3,66.1,56.8,53.9,61.2,13,8.5,60.8,26,19.0,41,45.3,6.9,2,3,10.0,No,57.2,58.1,Average,Medium
STU105494,18,Female,CSE,4,71.9,52.8,53.6,53.4,10,13.7,58.9,21,11.0,34,65.8,6.03,2,4,10.0,No,46.7,51.3,Average,Medium
STU105495,20,Male,CSE,8,63.1,82.2,66.0,59.4,11,19.3,65.6,29,14.0,43,79.4,7.71,0,1,9.0,Yes,76.5,47.8,Poor,High
STU105496,23,Female,CIVIL,3,80.6,69.0,75.2,50.4,8,16.0,55.7,18,12.0,37,44.4,6.67,1,1,6.0,No,65.6,60.8,Average,Medium
STU105497,19,Male,AI&DS,7,62.9,79.3,64.6,55.0,12,12.2,56.6,32,21.0,51,70.2,6.36,1,1,10.0,Yes,56.9,69.4,Good,Low
STU105498,24,Female,CIVIL,8,88.6,66.3,63.6,71.6,12,12.9,55.0,37,10.0,35,69.9,6.02,2,2,8.0,No,77.8,63.3,Average,Medium
STU105499,22,Male,EEE,4,94.1,86.7,84.2,72.6,15,18.8,70.7,27,23.0,38,90.8,6.9,1,0,18.0,No,79.2,74.8,Good,Low
STU105500,24,Male,AI&DS,5,65.3,73.0,89.9,50.8,15,14.2,65.6,28,18.0,29,60.6,5.96,1,1,12.0,No,63.4,71.9,Good,Low
STU105501,24,Male,CIVIL,8,68.7,58.3,53.9,66.0,11,12.8,46.7,22,16.0,43,66.9,5.16,2,3,12.0,No,61.5,69.6,Good,Low
STU105502,19,Male,CIVIL,4,80.6,51.0,80.3,52.7,9,6.0,54.8,15,9.0,16,60.5,4.0,3,1,9.0,Yes,63.3,51.8,Average,Medium
STU105503,24,Female,CSE,4,52.8,59.4,65.3,35.0,9,6.8,61.4,24,11.0,52,47.7,4.62,2,3,9.0,Yes,45.1,34.2,Poor,High
STU105504,21,Female,CSE,2,75.4,53.9,88.6,41.4,12,11.8,75.3,24,14.0,32,55.5,6.31,2,7,11.0,Yes,55.5,56.4,Average,Medium
STU105505,19,Female,EEE,4,75.3,76.8,70.4,46.9,13,16.3,65.2,28,11.0,38,62.1,5.83,0,3,12.0,Yes,61.2,54.1,Average,Medium
STU105506,24,Female,AI&DS,3,64.5,50.8,76.6,61.7,12,14.8,63.1,35,25.0,52,78.9,5.05,1,4,9.0,Yes,63.1,59.6,Average,Medium
STU105507,21,Female,AI&DS,3,72.1,53.1,62.6,49.9,8,10.0,59.4,21,15.0,24,55.9,5.81,2,7,10.0,Yes,58.0,50.1,Average,Medium
STU105508,22,Male,IT,5,66.7,47.8,62.8,46.4,11,4.1,48.0,24,15.0,28,50.2,6.03,2,5,8.0,Yes,52.0,42.6,Poor,High
STU105509,22,Female,CSE,7,89.2,70.6,84.5,63.7,11,19.5,72.5,17,17.0,41,57.3,4.91,0,4,17.0,No,82.3,72.9,Good,Low
STU105510,20,Female,ECE,7,82.5,73.0,77.3,65.6,15,19.5,78.4,31,15.0,34,62.3,6.69,1,2,11.0,Yes,64.3,58.3,Average,Medium
STU105511,24,Male,AI&DS,4,69.4,63.0,97.4,56.5,10,14.9,54.7,30,11.0,20,44.4,7.67,2,1,12.0,No,64.3,64.8,Average,Medium
STU105512,23,Male,AI&DS,5,60.2,60.9,71.0,48.6,12,11.0,58.6,26,17.0,35,46.3,6.03,0,5,6.0,No,58.8,42.5,Poor,High
STU105513,21,Male,AI&DS,2,61.4,39.0,57.1,40.0,10,7.8,36.1,16,8.0,11,35.1,5.41,2,2,7.0,Yes,54.1,35.8,Poor,High
STU105514,22,Male,AI&DS,3,63.9,64.8,59.0,60.3,12,13.6,58.6,24,15.0,35,73.3,6.38,0,7,6.0,Yes,58.4,48.2,Poor,High
STU105515,18,Female,CIVIL,4,78.9,65.6,66.7,37.0,8,14.0,49.7,15,9.0,24,56.7,5.22,1,4,13.0,Yes,56.6,44.5,Poor,High
STU105516,23,Male,CIVIL,8,65.7,56.4,61.9,45.5,7,10.5,62.7,22,7.0,29,52.2,6.02,1,0,7.0,Yes,63.7,57.0,Average,Medium
STU105517,24,Female,ECE,7,64.3,62.9,77.1,44.0,12,20.5,69.0,32,17.0,47,70.5,6.25,1,3,8.0,Yes,70.2,68.8,Good,Low
STU105518,24,Male,IT,4,80.3,74.0,82.0,77.7,8,12.9,60.1,23,11.0,19,54.2,7.99,1,2,11.0,No,84.9,78.7,Good,Low
STU105519,21,Male,CSE,3,79.3,68.1,99.6,55.1,15,15.2,58.2,35,14.0,42,76.4,7.67,2,0,15.0,No,70.9,71.4,Good,Low
STU105520,24,Male,ECE,3,76.9,46.7,63.7,38.4,15,9.3,75.4,31,18.0,26,51.2,5.9,1,3,13.0,Yes,68.3,43.3,Poor,High
STU105521,23,Male,CIVIL,5,84.5,64.0,77.1,73.7,11,15.9,78.5,30,25.0,43,61.8,7.59,1,1,9.0,No,67.1,77.7,Good,Low
STU105522,21,Female,EEE,8,84.9,77.8,69.6,63.5,19,18.7,87.7,31,23.0,36,69.6,6.62,1,3,10.0,No,85.9,70.0,Good,Low
STU105523,23,Female,IT,6,65.4,63.2,59.6,34.6,8,13.3,55.7,25,10.0,39,38.6,5.69,1,1,6.0,Yes,46.9,67.1,Good,Low
STU105524,19,Male,EEE,4,74.6,60.6,73.4,77.0,14,15.7,74.3,44,20.0,36,86.0,7.82,0,3,9.0,No,80.7,67.0,Good,Low
STU105525,22,Male,IT,7,65.3,66.3,71.0,57.7,9,7.9,68.4,26,13.0,31,54.8,6.77,0,3,9.0,No,50.4,52.5,Average,Medium
STU105526,22,Female,CSE,5,55.4,37.3,44.7,56.5,6,11.2,32.7,8,6.0,5,45.3,4.24,1,3,2.0,Yes,57.6,40.9,Poor,High
STU105527,21,Female,CSE,3,64.3,71.1,75.4,53.0,11,9.4,61.4,23,13.0,34,73.1,7.19,2,0,8.0,No,60.0,58.3,Average,Medium
STU105528,22,Female,AI&DS,7,95.8,69.1,94.3,56.9,13,13.7,77.4,35,25.0,42,99.2,5.91,2,1,14.0,Yes,71.3,67.6,Good,Low
STU105529,23,Male,CIVIL,8,77.3,59.6,82.5,51.7,14,13.4,48.3,35,16.0,37,80.1,5.6,1,0,15.0,No,65.4,51.3,Average,Medium
STU105530,22,Female,CSE,4,71.1,66.3,58.8,66.7,11,10.3,51.3,25,15.0,22,61.9,7.23,2,1,10.0,No,61.7,71.3,Good,Low
STU105531,20,Male,AI&DS,8,51.6,62.3,64.0,34.9,8,,55.4,12,18.0,28,53.5,6.46,0,2,6.0,No,57.5,44.8,Poor,High
STU105532,20,Male,IT,5,74.9,55.2,74.1,64.9,18,17.9,80.3,26,19.0,61,69.7,6.69,1,2,13.0,No,61.7,52.6,Average,Medium
STU105533,21,Female,EEE,3,57.3,69.5,59.6,61.0,12,16.5,58.6,18,21.0,35,71.2,6.63,0,4,9.0,Yes,61.8,58.3,Average,Medium
STU105534,22,Male,AI&DS,8,73.6,59.9,83.2,77.5,17,13.9,87.9,39,24.0,64,73.3,7.04,2,3,14.0,No,85.3,54.8,Average,Medium
STU105535,20,Male,CSE,2,94.9,80.9,71.6,54.0,11,9.5,49.5,19,15.0,34,64.6,6.35,0,0,12.0,No,72.6,67.4,Good,Low
STU105536,21,Male,MECH,3,61.8,55.1,63.9,52.1,8,9.1,,28,13.0,28,58.7,4.08,2,4,9.0,No,50.5,47.3,Poor,High
STU105537,20,Male,IT,4,64.7,44.7,69.8,46.0,14,8.0,82.1,33,13.0,23,61.7,5.98,2,3,9.0,Yes,49.3,41.5,Poor,High
STU105538,24,Female,MECH,8,57.5,37.6,80.6,23.2,6,8.5,50.4,19,5.0,20,27.4,5.56,3,4,9.0,Yes,37.6,30.7,Poor,High
STU105539,21,Male,CSE,8,80.9,71.4,71.1,63.1,13,,74.1,14,4.0,51,61.7,6.68,1,2,12.0,No,59.5,65.7,Good,Low
STU105540,23,Male,ECE,3,60.4,58.4,61.5,46.4,13,3.5,59.0,20,13.0,42,59.0,5.47,0,1,8.0,Yes,36.5,43.9,Poor,High
STU105541,20,Female,ECE,2,73.9,72.8,99.1,65.4,11,14.1,79.5,27,12.0,43,81.7,7.4,1,1,9.0,No,76.6,62.7,Average,Medium
STU105542,20,Male,IT,7,82.8,71.5,61.6,81.6,13,16.7,78.5,26,15.0,52,80.6,7.84,1,0,12.0,Yes,66.2,75.6,Good,Low
STU105543,20,Male,CIVIL,5,70.0,64.9,74.2,65.5,8,14.8,75.5,16,17.0,37,47.8,7.39,1,1,9.0,No,73.2,56.2,Average,Medium
STU105544,21,Male,CIVIL,4,62.5,53.3,66.8,48.1,12,6.9,65.5,20,14.0,39,72.2,5.19,1,5,9.0,Yes,45.5,41.0,Poor,High
STU105545,22,Male,ECE,2,67.8,62.9,82.1,64.1,11,15.3,56.1,27,22.0,44,58.6,6.62,0,1,8.0,No,55.3,68.3,Good,Low
STU105546,21,Male,CSE,5,92.8,70.6,100.0,69.8,13,13.6,70.2,30,19.0,55,72.0,7.87,0,1,12.0,No,72.1,74.4,Good,Low
STU105547,23,Female,MECH,2,89.8,85.7,83.2,85.1,13,19.7,83.0,32,,40,81.1,7.9,1,1,16.0,No,88.1,82.8,Excellent,Low
STU105548,21,Male,EEE,5,63.0,67.0,75.6,62.5,11,12.7,39.2,28,15.0,35,68.6,7.86,0,2,10.0,Yes,80.0,60.9,Average,Medium
STU105549,23,Female,CSE,3,77.0,77.4,81.1,64.1,8,15.3,64.3,12,14.0,51,49.0,7.16,0,3,2.0,No,72.5,66.9,Good,Low
STU105550,18,Female,MECH,3,60.9,,72.9,45.9,13,9.5,59.2,12,17.0,21,59.3,5.97,1,2,4.0,Yes,59.7,49.8,Poor,High
STU105551,20,Male,CSE,2,63.0,71.1,73.0,63.1,11,16.2,76.7,23,23.0,28,60.6,7.06,0,2,10.0,Yes,70.4,63.6,Average,Medium
STU105552,22,Male,MECH,3,76.9,74.7,90.1,77.0,18,18.8,66.3,33,21.0,51,76.5,7.4,0,1,13.0,No,84.2,81.4,Excellent,Low
STU105553,20,Male,MECH,6,82.3,75.5,72.1,59.1,14,17.6,65.3,28,17.0,43,64.2,6.58,1,4,17.0,No,73.7,61.9,Average,Medium
STU105554,23,Male,CSE,6,71.0,59.9,86.5,54.4,11,14.8,56.4,21,13.0,39,58.9,4.88,1,3,7.0,No,58.1,49.6,Poor,High
STU105555,22,Male,CIVIL,5,86.8,54.5,75.7,58.2,13,16.3,81.2,33,23.0,33,90.2,6.03,0,0,15.0,No,58.9,60.1,Average,Medium
STU105556,21,Male,ECE,7,88.2,66.2,69.3,67.8,13,9.1,64.2,33,18.0,23,49.5,6.99,1,2,9.0,No,67.9,60.0,Average,Medium
STU105557,21,Male,ECE,8,65.0,61.1,63.6,49.8,9,13.2,71.1,19,16.0,55,51.3,6.69,1,2,11.0,No,51.6,68.7,Good,Low
STU105558,24,Male,IT,2,94.8,67.0,68.9,63.4,17,15.1,75.3,30,16.0,36,62.6,6.36,1,1,15.0,No,,69.3,Good,Low
STU105559,22,Male,IT,3,61.3,52.8,57.4,40.0,6,11.9,54.9,12,15.0,15,45.5,6.92,2,5,6.0,Yes,58.3,35.8,Poor,High
STU105560,24,Female,AI&DS,7,70.4,61.2,64.9,58.6,11,10.1,65.9,20,11.0,22,59.9,4.09,1,4,9.0,No,60.2,51.4,Average,Medium
STU105561,18,Male,MECH,6,67.5,87.4,66.8,86.3,10,19.1,61.4,26,17.0,23,68.9,7.95,1,1,9.0,No,74.0,60.9,Average,Medium
STU105562,23,Female,ECE,4,82.1,82.2,73.6,78.2,17,16.2,82.0,38,25.0,58,64.7,8.69,0,2,13.0,No,81.1,70.7,Good,Low
STU105563,24,Female,CIVIL,6,70.6,55.7,78.6,54.3,9,20.0,71.9,29,14.0,28,65.6,8.52,1,0,12.0,No,70.4,56.5,Average,Medium
STU105564,24,Male,AI&DS,6,85.1,47.7,80.3,41.0,8,13.5,77.1,17,15.0,31,42.3,6.0,2,3,10.0,No,66.9,50.0,Average,Medium
STU105565,21,Female,ECE,6,63.8,65.4,53.5,57.9,12,7.9,58.6,28,15.0,15,58.6,6.24,0,4,9.0,No,63.6,54.0,Average,Medium
STU105566,21,Male,CSE,5,86.8,78.4,86.7,69.6,17,19.8,82.2,35,21.0,51,85.0,8.49,1,1,14.0,No,73.7,79.0,Good,Low
STU105567,22,Female,IT,2,77.7,66.1,72.2,70.5,13,12.6,68.2,28,20.0,44,50.3,8.26,1,2,15.0,Yes,67.9,74.9,Good,Low
STU105568,24,Male,IT,7,78.4,41.5,55.0,56.8,10,10.6,62.4,26,13.0,25,41.1,6.09,2,3,8.0,No,59.4,49.9,Poor,High
STU105569,24,Female,AI&DS,3,72.0,54.4,50.8,61.4,11,11.8,49.8,20,15.0,41,51.7,6.17,1,3,10.0,No,65.5,49.1,Poor,High
STU105570,24,Female,EEE,5,79.2,79.7,82.8,58.0,16,12.3,71.7,34,19.0,55,71.1,7.64,1,4,13.0,No,60.5,51.7,Average,Medium
STU105571,24,Female,AI&DS,5,81.5,74.4,84.0,50.1,15,14.7,80.4,22,13.0,43,68.8,6.74,0,4,13.0,No,81.4,58.5,Average,Medium
STU105572,22,Female,CSE,2,78.9,58.2,72.7,73.0,10,12.4,64.9,26,12.0,30,73.0,5.89,1,3,9.0,No,64.0,64.5,Average,Medium
STU105573,19,Male,CSE,4,57.0,43.6,41.3,35.8,2,3.9,46.9,12,6.0,9,35.5,,1,5,1.0,Yes,51.3,33.0,Poor,High
STU105574,19,Male,CIVIL,3,82.3,56.5,80.7,41.0,11,16.6,79.7,23,16.0,35,48.7,7.13,1,2,10.0,No,61.1,53.4,Average,Medium
STU105575,24,Male,AI&DS,3,84.6,73.2,82.7,72.8,12,16.6,76.9,30,21.0,53,37.1,7.73,1,2,13.0,No,73.3,73.6,Good,Low
STU105576,19,Male,ECE,4,80.8,71.3,45.7,43.2,14,18.5,62.4,16,20.0,39,71.6,7.72,2,2,8.0,No,65.5,56.9,Average,Medium
STU105577,18,Male,IT,4,80.3,66.0,80.8,73.8,11,19.7,58.9,29,12.0,25,60.1,6.53,0,0,12.0,No,74.7,62.4,Average,Medium
STU105578,21,Female,CSE,6,75.4,56.4,68.3,66.2,14,9.3,57.1,20,12.0,34,71.1,6.21,2,6,10.0,No,65.9,62.0,Average,Medium
STU105579,23,Female,EEE,2,58.9,56.1,77.8,47.1,9,9.6,51.4,27,10.0,20,52.5,4.9,2,7,10.0,Yes,64.8,44.3,Poor,High
STU105580,23,Female,IT,3,92.0,65.9,94.2,58.0,11,14.3,64.5,25,18.0,27,62.3,8.05,1,4,8.0,No,64.5,62.5,Average,Medium
STU105581,19,Female,CIVIL,5,69.1,66.0,62.0,69.3,14,11.7,73.0,20,16.0,39,59.0,7.48,1,6,15.0,No,76.8,58.4,Average,Medium
STU105582,21,Female,CSE,4,83.4,64.6,87.5,78.8,14,18.5,71.9,45,24.0,50,84.2,7.27,1,0,12.0,No,79.6,79.0,Good,Low
STU105583,24,Female,CSE,4,75.0,72.4,72.9,71.6,12,16.1,57.8,28,17.0,46,71.8,7.45,0,0,9.0,No,75.7,71.3,Good,Low
STU105584,23,Male,CIVIL,2,63.2,48.8,56.8,45.6,9,8.1,59.5,16,16.0,34,65.9,5.96,3,3,7.0,Yes,46.4,54.0,Average,Medium
STU105585,24,Female,CSE,3,73.7,57.1,58.0,42.4,7,14.4,35.0,18,7.0,14,52.7,5.62,1,0,5.0,Yes,56.0,46.8,Poor,High
STU105586,23,Male,EEE,4,68.2,63.7,56.8,54.4,10,6.4,64.0,23,12.0,20,50.2,5.84,1,4,5.0,No,60.0,47.7,Poor,High
STU105587,18,Male,AI&DS,2,71.9,58.6,65.6,50.7,9,10.9,64.5,6,14.0,16,64.6,6.74,0,1,4.0,No,69.2,67.7,Good,Low
STU105588,19,Female,CIVIL,5,73.3,71.6,91.9,65.9,14,20.5,80.7,34,22.0,46,71.2,7.42,1,3,13.0,No,72.0,63.8,Average,Medium
STU105589,19,Male,AI&DS,2,84.3,62.7,69.5,46.9,10,17.2,47.2,21,14.0,35,65.7,6.19,0,5,13.0,No,61.8,53.2,Average,Medium
STU105590,18,Female,ECE,8,65.4,45.1,54.3,62.0,7,14.0,47.7,18,16.0,28,38.2,6.11,3,0,9.0,Yes,54.7,38.8,Poor,High
STU105591,24,Female,CIVIL,2,74.8,46.5,63.6,58.1,11,9.2,69.7,17,16.0,27,70.6,5.85,1,1,9.0,No,59.5,50.5,Average,Medium
STU105592,22,Female,CSE,3,82.7,68.2,83.6,56.6,13,11.0,62.8,26,14.0,51,77.5,7.37,2,0,14.0,No,72.4,56.4,Average,Medium
STU105593,24,Female,EEE,5,88.0,68.6,75.9,69.2,14,14.7,50.7,18,13.0,39,67.2,7.84,0,0,9.0,No,65.4,63.1,Average,Medium
STU105594,20,Female,IT,2,81.5,72.0,70.9,70.5,15,14.7,85.5,36,20.0,56,83.7,5.98,2,3,11.0,No,72.9,67.0,Good,Low
STU105595,24,Male,EEE,6,68.3,61.6,59.4,63.1,9,11.2,64.6,21,12.0,42,64.0,7.81,1,1,14.0,Yes,56.6,50.7,Average,Medium
STU105596,24,Male,CSE,4,71.6,50.6,84.1,52.9,13,8.3,60.7,27,22.0,25,61.8,8.44,2,3,13.0,No,66.8,51.7,Average,Medium
STU105597,18,Female,IT,2,85.2,62.3,71.7,56.5,10,16.3,82.1,24,20.0,38,54.5,7.37,2,0,15.0,No,76.6,56.6,Average,Medium
STU105598,24,Male,CSE,6,78.7,67.4,82.8,54.3,13,14.7,57.4,27,15.0,46,68.4,6.81,3,1,5.0,No,61.6,56.1,Average,Medium
STU105599,18,Male,AI&DS,2,82.9,71.2,66.8,68.4,17,13.1,89.4,30,22.0,35,76.7,6.8,1,1,14.0,Yes,81.6,72.4,Good,Low
STU105600,21,Other,CSE,6,66.7,47.3,76.4,62.4,13,13.8,77.0,29,17.0,34,73.3,5.09,2,3,16.0,Yes,70.6,59.0,Average,Medium
STU105601,19,Male,MECH,6,83.2,76.4,88.9,77.0,12,,73.8,29,18.0,47,76.3,8.05,0,1,13.0,No,81.1,71.8,Good,Low
STU105602,22,Female,AI&DS,4,98.7,76.0,96.7,66.5,16,10.6,100.0,43,21.0,52,93.4,7.71,0,1,15.0,No,81.5,86.8,Excellent,Low
STU105603,18,Male,AI&DS,6,74.4,69.4,65.4,90.3,12,17.4,83.1,31,21.0,47,69.3,7.03,1,3,12.0,Yes,89.9,80.2,Excellent,Low
STU105604,23,Male,ECE,2,94.8,67.4,88.4,69.9,14,16.1,72.8,37,21.0,34,71.5,6.63,0,2,14.0,No,77.9,79.8,Good,Low
STU105605,21,Female,AI&DS,8,71.2,46.1,55.8,65.2,10,3.7,53.6,26,13.0,40,58.2,6.74,1,3,9.0,Yes,65.3,41.1,Poor,High
STU105606,24,Male,CIVIL,8,70.6,50.9,55.4,51.3,7,13.3,47.8,20,12.0,11,52.6,5.06,1,2,14.0,No,60.0,45.2,Poor,High
STU105607,21,Female,ECE,3,69.5,71.8,52.6,58.4,10,12.3,70.0,30,20.0,36,51.9,5.87,1,3,13.0,No,67.8,62.8,Average,Medium
STU105608,21,Male,EEE,5,73.2,62.3,72.5,53.8,16,9.6,68.2,33,17.0,44,70.9,6.55,0,2,13.0,No,60.7,66.1,Good,Low
STU105609,23,Male,CSE,4,89.0,58.6,73.1,63.7,16,16.2,60.5,25,20.0,39,72.1,6.74,2,0,13.0,No,50.0,62.4,Average,Medium
STU105610,24,Female,IT,7,75.7,83.4,90.6,56.3,15,16.7,68.2,33,17.0,40,69.2,6.69,0,3,13.0,Yes,70.4,82.7,Excellent,Low
STU105611,20,Male,AI&DS,3,83.0,89.1,74.1,55.2,15,17.9,78.4,34,20.0,51,72.8,8.3,1,2,7.0,No,79.4,75.8,Good,Low
STU105612,21,Female,AI&DS,4,58.9,50.4,51.5,65.1,2,3.7,49.4,13,12.0,9,15.1,6.29,1,4,4.0,No,59.2,36.5,Poor,High
STU105613,20,Male,AI&DS,4,66.7,56.2,65.7,55.8,7,9.2,51.6,10,7.0,18,45.7,6.46,1,2,7.0,Yes,46.6,59.3,Average,Medium
STU105614,18,Female,IT,7,73.9,79.2,77.8,74.6,16,13.8,68.5,24,22.0,22,77.2,8.52,0,0,12.0,No,66.5,70.1,Good,Low
STU105615,24,Female,EEE,5,65.4,76.5,62.4,65.5,14,14.0,67.9,18,18.0,36,62.4,7.02,1,1,6.0,No,66.4,66.5,Good,Low
STU105616,21,Female,CSE,7,85.3,54.0,80.4,62.8,12,8.1,88.3,30,15.0,49,62.7,7.39,1,2,10.0,No,63.6,66.5,Good,Low
STU105617,20,Male,CSE,2,73.9,63.6,64.6,54.1,8,9.9,59.6,24,14.0,18,72.9,7.0,1,2,9.0,No,64.5,52.2,Average,Medium
STU105618,23,Other,ECE,2,49.6,50.5,45.5,51.6,6,16.4,55.3,10,10.0,27,44.1,6.85,2,3,7.0,Yes,61.3,48.3,Poor,High
STU105619,23,Female,CSE,8,72.6,66.4,71.9,70.9,10,16.8,75.6,21,14.0,42,61.6,5.86,2,1,16.0,Yes,78.8,66.9,Good,Low
STU105620,24,Female,EEE,2,94.3,81.7,84.6,59.0,16,18.2,71.2,32,16.0,58,94.4,6.43,2,2,15.0,No,75.3,69.7,Good,Low
STU105621,21,Female,AI&DS,6,86.2,88.3,78.3,93.6,16,,80.0,31,18.0,48,68.2,9.1,0,3,12.0,Yes,93.7,87.7,Excellent,Low
STU105622,18,Male,AI&DS,3,70.8,60.0,75.1,62.7,10,8.3,41.8,24,17.0,31,67.1,6.09,1,1,10.0,No,62.6,63.2,Average,Medium
STU105623,21,Male,CIVIL,5,89.6,81.2,80.4,69.1,14,16.2,69.8,30,16.0,37,74.2,6.89,0,1,9.0,No,76.6,88.7,Excellent,Low
STU105624,21,Female,ECE,7,78.4,44.2,80.2,40.7,10,10.3,41.3,24,16.0,33,66.9,5.19,1,2,10.0,Yes,50.9,61.3,Average,Medium
STU105625,19,Female,CSE,5,69.0,65.9,80.7,46.0,11,12.0,77.3,28,22.0,31,95.8,5.94,1,1,14.0,Yes,61.6,60.0,Average,Medium
STU105626,22,Female,AI&DS,3,75.7,68.4,73.8,65.5,12,10.1,62.9,30,20.0,39,72.7,8.21,0,2,14.0,No,71.1,67.9,Good,Low
STU105627,20,Female,IT,3,79.5,55.6,73.7,62.2,11,16.5,58.2,18,8.0,22,52.1,7.59,2,5,8.0,No,58.7,54.1,Average,Medium
STU105628,24,Male,CIVIL,4,42.4,29.5,56.1,23.6,8,7.0,36.4,15,12.0,24,45.7,4.0,2,4,-0.0,Yes,28.2,37.6,Poor,High
STU105629,18,Female,MECH,8,77.3,49.2,79.8,58.6,14,13.3,64.1,24,18.0,41,50.0,6.94,0,3,12.0,Yes,63.6,68.9,Good,Low
STU105630,23,Male,CIVIL,6,87.0,75.2,94.3,,18,21.8,73.9,33,19.0,45,91.6,8.14,0,1,17.0,No,74.4,68.1,Good,Low
STU105631,22,Female,CSE,5,61.0,61.8,63.3,40.3,7,8.4,50.8,13,9.0,18,68.0,4.66,3,4,4.0,Yes,53.6,43.5,Poor,High
STU105632,19,Male,CSE,6,100.0,58.8,90.3,66.3,16,20.6,88.4,37,27.0,56,100.0,8.19,1,0,13.0,No,79.8,85.5,Excellent,Low
STU105633,20,Male,CSE,5,70.1,26.0,64.5,42.6,9,3.4,39.1,16,10.0,2,50.6,4.0,1,4,8.0,No,48.0,44.2,Poor,High
STU105634,24,Female,CSE,4,69.8,84.5,60.7,78.4,9,15.5,59.5,21,13.0,41,51.1,7.43,2,4,11.0,No,64.8,57.0,Average,Medium
STU105635,20,Male,CIVIL,3,58.1,52.8,53.5,55.8,12,12.6,50.2,19,13.0,44,50.8,5.0,1,2,8.0,No,51.9,48.5,Poor,High
STU105636,22,Male,CSE,5,78.2,39.4,69.9,23.9,13,6.9,60.2,24,12.0,23,63.6,4.83,1,1,13.0,No,57.5,49.2,Poor,High
STU105637,21,Female,ECE,3,92.3,71.5,79.2,53.0,15,7.4,71.4,30,18.0,35,72.4,6.7,0,5,12.0,No,71.3,69.1,Good,Low
STU105638,24,Male,AI&DS,4,84.7,62.9,89.4,68.8,14,17.4,75.1,24,23.0,59,74.4,7.74,0,3,17.0,No,70.3,73.1,Good,Low
STU105639,22,Female,CIVIL,4,69.1,71.8,62.1,71.4,11,13.3,59.9,26,12.0,15,46.8,6.76,1,5,7.0,No,64.0,62.6,Average,Medium
STU105640,23,Male,CIVIL,2,90.3,71.9,99.2,65.2,16,13.3,72.9,25,16.0,56,58.8,7.73,1,3,10.0,No,69.5,71.5,Good,Low
STU105641,24,Male,CIVIL,5,,54.7,59.4,42.4,11,14.0,42.0,24,13.0,19,42.5,5.76,3,5,7.0,Yes,40.9,47.9,Poor,High
STU105642,18,Male,AI&DS,3,59.9,52.9,67.1,53.4,8,8.9,50.4,11,14.0,19,56.0,4.75,2,2,11.0,No,64.9,53.7,Average,Medium
STU105643,23,Male,IT,4,71.6,57.5,64.2,65.8,15,15.4,87.5,26,24.0,31,76.1,7.61,1,4,11.0,No,56.6,53.3,Average,Medium
STU105644,24,Male,IT,8,69.5,81.2,82.7,83.8,14,16.8,83.3,28,10.0,34,76.1,9.53,0,0,15.0,No,87.8,77.7,Good,Low
STU105645,18,Male,EEE,7,80.7,67.9,86.1,67.5,17,11.4,89.6,20,18.0,44,86.2,7.13,1,0,15.0,No,79.9,78.5,Good,Low
STU105646,21,Male,EEE,8,55.9,33.8,59.4,19.3,5,2.2,35.4,23,8.0,21,54.4,5.53,4,4,2.0,No,44.3,14.7,Poor,High
STU105647,19,Male,AI&DS,3,61.7,62.9,59.8,27.2,7,10.4,46.6,25,15.0,17,58.6,4.44,1,2,4.0,No,41.1,39.0,Poor,High
STU105648,24,Female,MECH,7,64.7,57.0,72.8,45.7,14,7.7,59.2,29,17.0,23,54.3,5.34,0,6,9.0,No,47.1,52.9,Average,Medium
STU105649,20,Male,IT,7,58.4,52.6,47.7,41.8,1,5.0,38.7,16,6.0,11,29.1,6.22,1,4,2.0,Yes,59.0,43.6,Poor,High
STU105650,19,Male,AI&DS,4,85.7,63.4,88.2,64.6,17,17.5,73.2,31,18.0,42,66.0,6.76,0,1,9.0,Yes,71.3,68.5,Good,Low
STU105651,18,Male,AI&DS,4,85.4,62.3,91.4,83.6,18,8.8,84.6,32,26.0,46,76.9,6.97,1,2,14.0,No,76.5,78.4,Good,Low
STU105652,23,Female,AI&DS,3,65.1,23.1,54.5,43.8,7,3.5,46.8,10,6.0,26,39.3,5.06,3,3,3.0,Yes,50.0,40.7,Poor,High
STU105653,18,Male,IT,8,74.9,66.2,60.9,65.4,14,16.7,55.8,19,16.0,35,75.7,6.93,1,2,9.0,No,60.7,57.6,Average,Medium
STU105654,20,Female,EEE,5,80.8,57.8,82.4,59.2,15,15.8,68.1,29,21.0,24,90.3,6.82,1,1,15.0,No,73.3,63.2,Average,Medium
STU105655,21,Male,IT,4,64.7,57.0,61.4,59.6,8,4.4,49.0,28,16.0,11,41.6,6.88,1,4,10.0,Yes,60.6,46.9,Poor,High
STU105656,18,Female,EEE,2,65.9,50.7,54.2,70.6,9,10.9,66.7,19,11.0,43,58.1,5.79,1,1,13.0,No,61.2,53.9,Average,Medium
STU105657,19,Male,AI&DS,5,47.4,44.6,48.4,30.9,8,6.8,45.4,10,6.0,18,29.2,4.1,2,3,3.0,Yes,34.2,29.3,Poor,High
STU105658,24,Female,EEE,8,70.9,73.1,48.1,50.4,8,7.1,54.8,15,10.0,13,34.8,5.74,0,3,0.0,No,60.4,55.7,Average,Medium
STU105659,21,Male,CSE,4,72.9,86.5,55.4,62.3,12,8.7,66.0,27,14.0,34,73.6,6.38,3,2,9.0,No,70.7,64.1,Average,Medium
STU105660,20,Female,ECE,7,,66.2,67.8,50.9,7,7.5,60.7,19,8.0,45,44.1,5.46,1,3,4.0,No,57.9,52.3,Average,Medium
STU105661,24,Male,ECE,4,88.4,72.1,76.7,47.4,15,19.0,59.2,27,22.0,32,73.8,6.25,1,0,11.0,No,65.6,61.7,Average,Medium
STU105662,18,Female,EEE,8,85.2,62.6,90.6,66.0,17,18.2,85.2,44,20.0,43,46.9,7.02,0,1,14.0,No,68.0,71.6,Good,Low
STU105663,19,Male,AI&DS,6,69.4,54.1,77.0,66.3,18,14.6,84.6,28,17.0,49,91.4,6.59,1,4,10.0,No,59.2,40.4,Poor,High
STU105664,24,Female,ECE,7,65.0,56.3,66.6,54.3,11,16.7,78.6,37,12.0,32,63.1,7.69,1,4,13.0,No,69.2,55.8,Average,Medium
STU105665,23,Female,IT,6,92.5,87.3,95.1,72.3,14,,99.0,32,22.0,71,88.3,7.67,1,3,19.0,No,98.0,73.2,Good,Low
STU105666,21,Male,CSE,4,62.4,59.1,77.2,78.0,10,7.9,55.0,26,13.0,35,67.9,6.92,1,2,18.0,No,77.7,53.3,Average,Medium
STU105667,24,Female,IT,2,82.7,86.3,71.0,71.8,13,18.3,74.2,30,18.0,46,68.7,7.7,0,2,7.0,No,75.4,73.6,Good,Low
STU105668,22,Female,ECE,4,61.4,53.1,70.3,57.4,10,12.5,43.8,14,19.0,30,38.6,6.18,1,2,12.0,Yes,50.9,55.8,Average,Medium
STU105669,23,Female,EEE,3,51.7,53.6,57.2,51.7,17,16.4,63.6,21,14.0,47,56.7,6.69,3,3,12.0,Yes,60.2,42.3,Poor,High
STU105670,24,Male,CSE,7,67.5,55.8,71.3,68.1,11,24.2,52.9,22,18.0,39,35.6,7.42,1,4,7.0,No,57.5,63.0,Average,Medium
STU105671,21,Male,CSE,5,64.1,62.2,65.9,42.2,16,11.0,65.4,22,22.0,25,87.5,5.97,2,3,10.0,No,58.5,60.1,Average,Medium
STU105672,21,Female,MECH,6,71.3,67.2,67.8,63.9,14,13.9,70.5,17,17.0,29,84.9,7.47,1,3,10.0,No,60.9,60.2,Average,Medium
STU105673,22,Male,IT,8,83.3,60.7,64.1,52.7,11,10.8,49.4,22,11.0,44,65.5,5.69,1,3,5.0,No,57.7,52.0,Average,Medium
STU105674,18,Female,ECE,8,77.8,58.6,66.8,63.8,11,12.8,68.8,20,15.0,26,60.8,6.27,2,2,9.0,No,66.3,58.8,Average,Medium
STU105675,21,Male,CSE,6,76.9,64.1,79.2,41.5,15,12.7,82.2,36,21.0,62,82.8,6.23,0,5,14.0,No,53.0,51.5,Average,Medium
STU105676,22,Female,CIVIL,4,76.2,65.2,84.4,80.4,12,20.8,83.7,31,19.0,28,65.7,6.75,2,0,11.0,No,71.7,63.7,Average,Medium
STU105677,20,Female,IT,2,55.5,53.9,45.2,37.0,11,9.1,53.8,21,10.0,17,60.5,5.15,1,5,7.0,Yes,58.6,40.1,Poor,High
STU105678,22,Male,MECH,5,80.1,62.1,77.8,76.3,16,13.9,63.2,32,14.0,36,62.3,7.22,1,2,12.0,Yes,73.2,62.1,Average,Medium
STU105679,20,Female,CSE,8,74.5,69.1,79.1,68.7,13,14.1,73.1,30,15.0,34,62.1,7.41,1,2,10.0,No,73.4,64.5,Average,Medium
STU105680,19,Female,ECE,5,60.9,66.5,72.1,70.9,12,12.2,75.5,32,19.0,47,56.8,7.34,2,0,9.0,No,83.4,64.9,Average,Medium
STU105681,19,Male,IT,8,95.4,72.8,81.5,58.9,20,8.0,79.0,27,16.0,56,71.4,5.01,1,0,13.0,No,73.5,54.6,Average,Medium
STU105682,21,Male,CSE,3,86.8,85.0,87.8,81.8,18,18.3,87.5,40,20.0,46,71.5,8.37,1,3,17.0,Yes,82.8,72.1,Good,Low
STU105683,19,Male,CSE,2,63.6,62.1,51.8,47.1,12,19.6,73.6,20,13.0,14,,5.54,0,3,6.0,Yes,52.9,51.5,Average,Medium
STU105684,20,Male,MECH,5,68.0,51.8,76.1,55.2,12,13.2,54.7,25,13.0,35,55.0,5.9,1,2,10.0,No,70.5,46.2,Poor,High
STU105685,21,Male,EEE,4,58.0,47.1,68.7,46.8,8,8.8,63.8,26,11.0,32,58.6,5.82,2,4,9.0,No,49.2,51.6,Average,Medium
STU105686,18,Male,CSE,2,52.7,45.2,49.4,46.3,8,8.7,51.6,23,10.0,14,46.2,5.88,2,3,8.0,No,50.9,54.4,Average,Medium
STU105687,20,Male,EEE,8,96.7,89.7,77.8,79.8,15,26.0,62.4,34,26.0,63,67.9,8.0,1,0,14.0,No,93.1,83.3,Excellent,Low
STU105688,20,Male,IT,4,87.3,73.9,96.4,73.1,17,18.9,69.8,27,20.0,44,100.0,7.7,1,5,15.0,No,69.7,64.7,Average,Medium
STU105689,20,Male,CIVIL,3,78.6,80.2,78.4,63.6,12,12.0,58.0,38,23.0,51,70.0,6.74,0,1,12.0,Yes,76.4,78.6,Good,Low
STU105690,24,Male,CSE,5,63.6,57.4,61.0,50.7,9,10.1,50.3,15,9.0,25,62.2,5.92,1,0,6.0,Yes,53.8,56.4,Average,Medium
STU105691,24,Female,IT,7,85.5,66.3,88.9,82.1,13,20.7,62.2,33,21.0,57,56.1,8.97,0,0,17.0,No,66.3,72.6,Good,Low
STU105692,20,Male,EEE,3,62.1,50.7,63.5,50.3,7,12.6,54.8,24,12.0,21,27.2,5.56,0,1,8.0,No,47.8,39.3,Poor,High
STU105693,24,Male,AI&DS,4,74.2,74.8,38.0,43.6,6,15.1,45.7,4,12.0,29,58.4,6.71,1,3,2.0,Yes,71.5,43.2,Poor,High
STU105694,19,Female,CSE,7,79.0,77.7,78.4,76.6,14,17.9,69.3,28,15.0,27,75.9,7.62,0,1,16.0,No,78.5,73.8,Good,Low
STU105695,20,Female,IT,6,78.0,64.5,87.1,74.0,16,8.2,81.1,36,20.0,49,92.0,7.05,0,0,13.0,No,,65.8,Good,Low
STU105696,24,Female,CSE,3,84.0,77.1,82.3,79.5,12,20.2,72.8,40,14.0,35,69.8,8.07,0,4,10.0,No,77.9,66.9,Good,Low
STU105697,18,Other,CSE,2,69.1,66.0,71.1,61.2,16,15.6,58.6,31,18.0,41,50.3,6.15,2,2,10.0,No,54.3,61.7,Average,Medium
STU105698,20,Female,MECH,7,81.9,68.2,70.8,62.3,11,13.7,62.7,20,15.0,49,64.2,6.38,0,3,10.0,No,69.9,65.9,Good,Low
STU105699,23,Female,MECH,3,69.0,54.7,76.1,45.0,8,8.7,41.3,30,10.0,25,71.9,6.14,1,1,12.0,Yes,48.3,58.8,Average,Medium
STU105700,24,Male,AI&DS,2,54.2,35.7,58.9,30.3,6,13.0,42.5,20,5.0,19,22.2,4.83,1,4,3.0,No,43.6,43.9,Poor,High
STU105701,24,Female,MECH,8,65.8,40.2,61.5,48.0,8,7.8,60.2,16,16.0,21,43.7,6.61,2,3,6.0,No,51.9,45.4,Poor,High
STU105702,24,Female,CIVIL,6,76.6,67.8,82.4,67.1,7,13.3,68.8,24,15.0,48,67.2,6.77,1,1,7.0,No,68.0,68.5,Good,Low
STU105703,24,Female,CIVIL,5,89.7,65.5,84.1,63.2,15,14.8,77.1,36,15.0,50,68.0,7.29,1,3,15.0,No,80.1,68.0,Good,Low
STU105704,21,Male,MECH,4,72.2,64.4,69.0,51.8,8,16.6,50.7,23,15.0,26,64.0,6.97,0,2,5.0,No,67.6,52.5,Average,Medium
STU105705,20,Female,CSE,8,65.6,54.9,57.2,56.0,9,13.9,65.9,18,12.0,33,41.8,5.23,2,3,10.0,No,60.0,51.1,Average,Medium
STU105706,20,Male,IT,7,75.7,80.5,79.9,66.2,17,17.2,90.0,30,24.0,39,62.4,6.89,1,3,15.0,No,74.2,71.2,Good,Low
STU105707,18,Female,EEE,5,73.9,63.2,87.7,75.6,12,18.5,64.8,17,18.0,41,67.4,8.04,0,4,11.0,No,72.6,72.2,Good,Low
STU105708,18,Other,ECE,5,81.0,70.8,93.4,64.9,13,11.0,77.3,24,16.0,38,81.5,6.47,1,4,10.0,No,68.3,74.1,Good,Low
STU105709,24,Female,CSE,5,95.6,69.2,81.3,57.4,13,9.4,70.8,29,21.0,49,89.5,7.14,0,4,11.0,No,93.3,68.0,Good,Low
STU105710,19,Male,EEE,4,61.3,47.9,71.1,63.5,13,9.9,64.6,25,19.0,18,83.1,5.8,0,2,10.0,No,58.7,54.7,Average,Medium
STU105711,22,Male,CSE,5,74.8,80.3,77.0,61.8,10,18.8,54.4,27,14.0,27,44.8,7.72,1,2,10.0,Yes,69.5,60.2,Average,Medium
STU105712,19,Female,EEE,6,63.6,50.5,50.8,33.4,7,8.5,48.0,8,12.0,10,39.4,4.26,1,3,7.0,Yes,45.1,50.2,Average,Medium
STU105713,22,Female,CSE,6,72.2,68.4,76.7,,11,11.8,61.0,24,13.0,26,80.7,6.19,2,3,15.0,No,66.1,62.3,Average,Medium
STU105714,21,Male,MECH,4,76.6,80.6,89.0,85.3,15,15.4,79.2,38,25.0,42,89.9,8.49,0,5,17.0,No,80.2,69.5,Good,Low
STU105715,18,Female,CSE,7,68.6,57.8,43.1,39.6,8,11.5,48.2,11,6.0,31,40.8,5.2,2,5,4.0,Yes,57.7,34.8,Poor,High
STU105716,20,Female,EEE,4,68.5,62.5,56.8,48.7,8,12.1,32.5,18,7.0,29,71.6,5.39,1,6,12.0,Yes,55.1,49.3,Poor,High
STU105717,23,Male,EEE,7,79.8,53.6,78.1,61.3,11,6.4,59.1,26,13.0,50,72.6,8.03,2,1,12.0,No,68.5,56.0,Average,Medium
STU105718,23,Male,AI&DS,4,79.1,58.2,72.2,49.2,13,8.6,57.4,25,11.0,35,77.8,6.0,0,2,10.0,Yes,54.9,54.4,Average,Medium
STU105719,20,Female,IT,8,84.5,72.1,91.8,69.5,13,18.1,78.3,26,25.0,57,63.6,7.55,2,3,11.0,Yes,74.7,65.3,Good,Low
STU105720,20,Female,ECE,6,75.9,61.4,72.4,59.2,13,10.6,61.8,27,13.0,24,56.3,6.82,2,3,8.0,No,66.0,50.6,Average,Medium
STU105721,23,Female,MECH,7,75.6,57.0,68.6,54.7,11,9.7,76.1,28,16.0,39,51.2,6.16,1,0,11.0,No,62.1,66.5,Good,Low
STU105722,20,Female,ECE,6,77.3,67.8,79.3,70.7,13,13.1,63.9,27,17.0,29,71.6,7.48,2,4,14.0,No,72.2,60.1,Average,Medium
STU105723,18,Male,CIVIL,3,100.0,74.9,97.1,72.9,16,18.0,64.6,44,26.0,46,74.8,6.71,0,1,12.0,Yes,87.9,85.2,Excellent,Low
STU105724,18,Female,IT,8,82.2,84.5,91.1,90.9,15,19.6,87.9,29,19.0,71,90.2,7.24,0,0,15.0,Yes,84.7,87.9,Excellent,Low
STU105725,20,Female,ECE,6,78.6,64.5,59.2,43.5,12,18.4,56.7,25,16.0,33,55.5,6.57,0,2,8.0,No,44.0,46.8,Poor,High
STU105726,19,Male,IT,2,71.4,71.1,68.9,59.4,9,11.4,55.6,14,11.0,34,52.0,6.91,1,3,8.0,No,66.9,57.5,Average,Medium
STU105727,18,Male,CSE,4,66.9,45.8,76.2,66.0,12,8.4,62.4,25,19.0,31,74.9,4.51,2,2,15.0,Yes,62.7,51.5,Average,Medium
STU105728,23,Female,CIVIL,3,71.9,47.6,64.7,55.0,9,12.3,65.0,32,14.0,36,46.8,5.14,1,5,7.0,Yes,72.5,53.4,Average,Medium
STU105729,21,Male,ECE,2,77.0,80.4,79.7,71.1,16,13.4,79.1,34,22.0,49,74.5,8.29,0,4,13.0,Yes,70.3,72.7,Good,Low
STU105730,22,Female,CSE,5,46.0,44.3,64.4,57.0,8,3.1,47.3,19,7.0,47,52.6,5.29,1,3,8.0,Yes,46.9,46.8,Poor,High
STU105731,18,Male,EEE,7,65.7,58.1,61.3,,11,6.8,51.6,15,13.0,24,,4.0,2,2,6.0,Yes,57.6,45.3,Poor,High
STU105732,20,Male,CSE,6,66.5,73.1,74.1,66.7,8,11.4,49.6,13,13.0,19,49.2,6.9,1,6,9.0,Yes,61.2,55.3,Average,Medium
STU105733,21,Female,IT,8,86.3,82.8,75.4,67.2,13,17.2,59.2,29,10.0,27,61.7,7.09,1,2,3.0,Yes,76.3,70.7,Good,Low
STU105734,22,Male,CIVIL,2,79.0,67.4,82.2,66.7,13,12.1,70.4,33,14.0,55,65.7,7.66,1,4,13.0,No,69.4,74.8,Good,Low
STU105735,24,Male,EEE,6,73.2,67.4,56.0,50.4,12,12.9,72.3,19,19.0,31,61.7,5.97,2,4,11.0,No,69.4,50.3,Average,Medium
STU105736,21,Male,AI&DS,4,56.2,46.2,62.1,49.4,8,6.5,48.5,14,13.0,35,46.3,4.0,2,5,5.0,Yes,48.8,44.5,Poor,High
STU105737,21,Other,IT,2,55.4,46.8,72.7,60.8,10,7.6,48.3,22,14.0,40,54.9,7.82,0,2,10.0,Yes,64.8,59.4,Average,Medium
STU105738,24,Female,CIVIL,8,59.3,65.7,56.1,65.4,9,11.4,40.4,27,18.0,32,63.6,7.18,1,3,7.0,No,72.3,50.1,Average,Medium
STU105739,20,Male,MECH,2,82.4,51.6,75.6,51.7,9,4.9,50.5,16,17.0,23,64.8,4.58,2,4,10.0,No,60.9,58.5,Average,Medium
STU105740,20,Female,AI&DS,4,100.0,69.6,89.1,79.7,16,23.7,92.2,37,28.0,58,84.2,7.71,2,0,13.0,No,78.9,74.5,Good,Low
STU105741,19,Female,ECE,5,100.0,95.3,79.0,64.5,14,16.9,66.6,29,14.0,28,92.0,7.61,0,0,9.0,No,90.5,88.3,Excellent,Low
STU105742,23,Male,AI&DS,4,72.2,74.3,79.6,60.5,16,18.7,73.5,32,20.0,58,82.0,8.85,0,1,11.0,No,66.4,57.9,Average,Medium
STU105743,18,Male,CIVIL,3,61.6,71.6,68.8,65.1,13,13.5,72.2,26,25.0,35,56.2,6.73,1,2,7.0,Yes,64.9,64.0,Average,Medium
STU105744,19,Female,AI&DS,3,69.5,79.2,71.2,62.8,13,20.8,78.2,19,19.0,38,74.0,6.61,1,0,8.0,No,68.4,80.5,Excellent,Low
STU105745,20,Male,AI&DS,6,88.0,74.8,90.5,69.5,20,11.1,73.9,35,13.0,53,78.0,8.89,0,3,16.0,No,83.6,65.5,Good,Low
STU105746,21,Female,CSE,2,89.9,70.2,70.2,65.6,10,12.5,62.2,29,17.0,43,70.3,6.58,0,3,12.0,No,63.0,71.4,Good,Low
STU105747,18,Male,ECE,2,75.5,50.2,68.7,54.7,11,12.3,42.9,17,14.0,21,65.3,4.86,2,6,6.0,No,60.1,61.7,Average,Medium
STU105748,21,Female,EEE,3,61.2,44.9,73.0,49.5,4,6.4,61.6,21,10.0,9,55.1,4.84,2,5,10.0,Yes,52.7,31.3,Poor,High
STU105749,24,Male,CIVIL,8,63.6,55.7,65.4,48.6,11,8.8,83.9,24,18.0,24,62.9,5.34,0,3,12.0,No,63.0,56.6,Average,Medium
STU105750,18,Male,IT,3,79.6,55.6,76.0,67.7,13,12.1,72.1,26,19.0,45,63.0,6.19,2,2,14.0,No,60.7,54.2,Average,Medium
STU105751,21,Male,CSE,6,85.4,68.4,79.7,77.2,14,21.8,68.3,26,20.0,48,64.6,6.38,1,1,11.0,No,65.3,69.8,Good,Low
STU105752,22,Other,CSE,4,83.4,57.8,83.5,56.9,11,20.9,64.7,22,14.0,24,59.3,7.14,1,5,8.0,No,50.6,53.6,Average,Medium
STU105753,20,Male,AI&DS,5,87.8,78.1,89.7,72.4,16,19.1,87.1,37,24.0,50,80.3,7.59,0,2,20.0,No,87.9,85.7,Excellent,Low
STU105754,22,Male,CIVIL,3,86.2,72.2,84.1,68.4,16,17.2,83.1,29,24.0,35,95.5,7.41,2,2,12.0,No,84.4,75.6,Good,Low
STU105755,20,Male,IT,8,73.4,59.3,63.2,56.5,11,13.4,68.9,18,18.0,14,71.5,,1,4,10.0,Yes,75.4,57.7,Average,Medium
STU105756,19,Male,CSE,4,70.2,53.5,62.1,72.4,7,14.9,26.5,14,7.0,37,42.2,5.58,1,3,0.0,Yes,60.7,52.9,Average,Medium
STU105757,23,Female,AI&DS,2,60.5,45.4,67.5,62.3,9,10.4,57.2,27,15.0,27,57.2,5.82,2,3,11.0,No,55.4,49.1,Poor,High
STU105758,24,Male,IT,3,72.4,53.8,56.8,55.2,10,11.0,68.5,23,22.0,37,85.8,6.19,2,2,8.0,No,65.4,61.6,Average,Medium
STU105759,20,Female,EEE,4,81.0,68.9,64.9,68.5,14,13.1,57.1,18,20.0,44,61.5,6.82,1,0,6.0,Yes,75.5,76.0,Good,Low
STU105760,18,Female,ECE,8,,35.4,50.8,44.7,9,7.4,37.4,12,10.0,36,58.3,4.55,2,4,5.0,No,34.3,42.4,Poor,High
STU105761,19,Female,AI&DS,2,94.3,96.2,83.6,70.5,12,20.3,76.3,32,19.0,52,90.2,8.89,0,1,16.0,No,85.0,91.7,Excellent,Low
STU105762,24,Female,CSE,4,89.6,69.8,74.3,58.1,13,,73.7,31,14.0,36,80.3,7.83,0,0,13.0,No,73.5,65.0,Average,Medium
STU105763,24,Male,CSE,3,71.1,57.6,64.4,61.0,8,10.7,62.7,18,9.0,24,53.5,5.88,0,2,9.0,Yes,65.8,57.0,Average,Medium
STU105764,21,Female,MECH,3,91.6,76.3,91.3,69.6,20,16.4,95.3,39,19.0,54,78.0,8.28,1,3,17.0,No,81.4,69.8,Good,Low
STU105765,24,Female,MECH,8,84.8,60.3,73.7,58.4,12,8.6,61.7,24,13.0,37,73.8,6.49,1,1,12.0,Yes,56.5,68.2,Good,Low
STU105766,19,Female,AI&DS,7,78.1,,85.2,68.7,12,11.3,51.8,34,19.0,39,69.7,5.66,1,4,14.0,No,68.9,71.8,Good,Low
STU105767,20,Female,EEE,8,86.4,65.2,82.3,58.5,13,8.3,80.7,19,20.0,29,64.4,7.04,2,1,13.0,No,65.4,62.5,Average,Medium
STU105768,18,Female,CSE,7,90.9,88.6,88.2,78.7,18,22.3,96.3,35,22.0,43,81.1,8.43,0,3,13.0,No,84.3,78.8,Good,Low
STU105769,21,Male,CSE,8,85.6,53.1,86.7,73.2,13,12.6,69.0,27,20.0,55,81.5,6.16,2,2,15.0,No,59.1,62.7,Average,Medium
STU105770,22,Male,CSE,5,81.3,63.4,45.2,68.3,11,10.2,67.7,25,17.0,35,59.2,6.54,0,3,8.0,No,64.5,47.0,Poor,High
STU105771,24,Female,CSE,5,99.8,78.0,92.4,94.3,17,19.5,85.1,28,24.0,41,73.5,8.28,2,3,15.0,No,89.3,83.2,Excellent,Low
STU105772,23,Female,IT,4,78.2,79.7,83.7,56.0,10,21.3,67.7,29,19.0,23,94.9,6.7,3,1,11.0,No,68.4,65.5,Good,Low
STU105773,22,Male,AI&DS,2,74.1,51.5,59.7,58.8,14,10.1,88.4,27,22.0,47,86.6,7.18,2,5,16.0,No,59.3,59.7,Average,Medium
STU105774,22,Female,CSE,7,83.5,72.0,94.0,73.2,15,14.1,77.1,36,24.0,47,78.9,8.32,2,0,11.0,No,84.1,65.9,Good,Low
STU105775,22,Male,CIVIL,4,85.0,89.3,79.4,94.7,12,18.5,62.0,28,17.0,41,92.7,8.41,0,3,14.0,No,99.9,82.8,Excellent,Low
STU105776,20,Male,AI&DS,6,88.3,64.2,84.0,75.1,20,8.7,85.2,41,24.0,57,70.0,6.29,2,0,15.0,No,76.1,71.9,Good,Low
STU105777,21,Male,CSE,8,74.5,58.3,48.7,52.0,6,13.8,39.9,15,15.0,13,33.2,7.4,1,4,6.0,Yes,45.8,37.3,Poor,High
STU105778,19,Male,AI&DS,4,74.4,63.1,84.5,54.0,15,16.1,72.4,27,18.0,41,65.9,7.18,2,2,9.0,Yes,59.9,53.4,Average,Medium
STU105779,18,Female,CSE,2,74.7,78.7,72.0,61.8,13,14.5,61.8,24,18.0,45,78.2,7.81,0,2,7.0,No,75.9,61.9,Average,Medium
STU105780,23,Male,CSE,4,74.3,67.2,74.0,73.4,11,8.1,67.0,29,25.0,32,66.8,6.2,0,4,13.0,No,71.1,68.0,Good,Low
STU105781,21,Female,MECH,8,69.7,59.3,66.6,57.0,10,19.7,60.1,27,14.0,36,70.9,6.15,2,1,7.0,No,60.2,60.8,Average,Medium
STU105782,24,Female,ECE,2,51.6,44.7,64.1,43.3,5,4.3,31.5,16,6.0,17,36.0,5.3,1,3,11.0,No,50.5,48.9,Poor,High
STU105783,18,Female,CSE,3,66.5,55.7,60.9,37.5,11,6.9,37.8,17,12.0,31,53.5,6.15,2,6,8.0,Yes,53.7,34.4,Poor,High
STU105784,20,Male,CIVIL,2,63.6,61.0,76.4,52.6,12,12.3,53.5,25,12.0,34,57.9,6.81,0,3,11.0,Yes,67.8,63.6,Average,Medium
STU105785,19,Male,CSE,7,81.9,64.6,66.3,50.5,14,15.9,64.5,34,15.0,11,54.5,7.15,1,2,7.0,No,61.1,57.6,Average,Medium
STU105786,23,Female,ECE,2,95.1,91.0,88.1,78.4,12,18.0,58.6,27,16.0,50,78.8,8.08,0,4,14.0,No,87.1,81.4,Excellent,Low
STU105787,20,Female,CSE,3,73.2,61.0,87.1,60.3,16,15.0,66.3,25,12.0,39,53.3,6.33,0,1,14.0,No,58.4,74.9,Good,Low
STU105788,22,Male,CSE,3,60.0,52.4,78.4,44.1,13,12.6,54.6,19,14.0,46,47.0,7.24,1,4,10.0,No,44.3,40.1,Poor,High
STU105789,18,Male,EEE,2,65.4,46.8,41.7,63.6,14,20.7,62.5,25,13.0,39,53.6,5.2,1,4,11.0,Yes,47.9,55.2,Average,Medium
STU105790,21,Female,CSE,8,84.4,75.8,86.9,83.0,13,16.4,70.9,34,23.0,41,57.4,8.0,0,3,12.0,No,73.5,72.2,Good,Low
STU105791,21,Male,CSE,4,78.1,65.1,64.4,71.8,10,14.9,68.3,16,13.0,30,47.0,7.63,0,3,8.0,No,79.6,76.3,Good,Low
STU105792,22,Male,ECE,7,84.2,64.2,78.1,44.4,12,14.4,68.6,30,17.0,27,86.9,7.82,0,2,12.0,No,48.3,72.4,Good,Low
STU105793,22,Female,CIVIL,5,72.0,64.6,71.5,46.6,15,15.2,52.3,19,19.0,39,65.1,7.1,2,0,13.0,Yes,48.9,74.1,Good,Low
STU105794,18,Female,ECE,2,92.8,53.7,84.1,63.9,14,24.4,94.3,29,28.0,42,74.5,6.17,0,2,12.0,No,68.9,62.6,Average,Medium
STU105795,18,Male,CSE,3,53.3,,52.8,67.3,10,8.2,56.2,20,13.0,25,52.6,4.58,2,7,11.0,No,56.5,33.5,Poor,High
STU105796,18,Female,AI&DS,2,82.4,65.9,68.0,76.9,17,15.7,77.5,35,23.0,45,71.2,7.85,2,5,12.0,Yes,76.5,52.0,Average,Medium
STU105797,19,Male,ECE,3,85.5,85.3,95.2,97.9,19,13.2,86.1,32,23.0,60,62.2,9.18,0,0,15.0,No,89.5,86.0,Excellent,Low
STU105798,23,Female,AI&DS,6,84.0,54.2,74.1,60.7,16,14.8,97.0,30,19.0,59,94.1,6.31,2,2,15.0,No,63.0,78.4,Good,Low
STU105799,19,Female,AI&DS,2,81.3,65.3,70.5,44.8,16,11.8,70.8,31,20.0,48,100.0,6.09,1,0,11.0,Yes,,58.8,Average,Medium
STU105800,24,Male,ECE,4,58.1,68.9,49.4,68.7,8,14.8,33.0,17,9.0,31,40.5,6.78,1,5,2.0,Yes,65.5,45.1,Poor,High
STU105801,18,Female,IT,2,61.1,66.0,56.3,28.9,7,9.3,35.4,6,14.0,16,42.9,6.01,0,2,6.0,Yes,58.5,47.0,Poor,High
STU105802,21,Female,CIVIL,7,56.3,43.0,57.0,45.6,11,4.4,54.4,31,14.0,21,53.8,5.67,2,4,9.0,Yes,51.3,36.1,Poor,High
STU105803,23,Male,CSE,4,73.6,71.1,75.5,73.5,14,15.5,64.1,25,21.0,41,66.2,7.56,0,4,10.0,Yes,80.6,65.1,Good,Low
STU105804,18,Female,CIVIL,8,80.2,70.6,77.8,60.9,13,12.1,65.5,25,18.0,44,66.7,7.43,0,1,13.0,No,68.6,74.2,Good,Low
STU105805,21,Female,AI&DS,4,71.7,50.5,68.2,71.5,15,9.1,54.4,19,15.0,26,68.2,6.04,1,3,6.0,No,58.1,60.1,Average,Medium
STU105806,18,Female,CIVIL,5,78.6,48.8,62.7,52.3,9,11.4,63.8,24,11.0,22,42.8,5.94,1,5,5.0,No,57.5,61.5,Average,Medium
STU105807,23,Male,EEE,5,69.0,,62.3,50.7,9,2.7,54.4,16,14.0,33,60.0,5.38,2,5,4.0,No,52.9,41.8,Poor,High
STU105808,21,Male,MECH,3,79.7,70.0,59.8,61.4,11,12.5,66.9,26,18.0,32,55.0,5.7,1,1,8.0,No,76.7,66.6,Good,Low
STU105809,24,Female,AI&DS,7,75.3,67.3,67.5,54.8,9,16.2,51.8,23,17.0,5,34.5,6.75,2,1,8.0,No,73.2,58.5,Average,Medium
STU105810,22,Male,MECH,8,75.3,56.6,80.2,45.9,12,6.7,66.1,36,13.0,37,55.9,7.46,1,2,12.0,Yes,54.4,50.4,Average,Medium
STU105811,20,Female,EEE,8,64.6,74.4,80.5,70.9,15,15.1,76.0,22,15.0,46,66.0,8.23,2,1,9.0,Yes,71.1,67.4,Good,Low
STU105812,19,Female,EEE,4,68.3,64.5,65.9,67.1,11,15.1,53.3,23,21.0,39,69.3,,0,1,15.0,Yes,68.9,64.7,Average,Medium
STU105813,19,Male,EEE,7,77.6,74.7,77.3,72.5,16,,77.3,26,20.0,42,81.9,9.01,1,4,11.0,No,70.6,73.1,Good,Low
STU105814,18,Male,CSE,4,84.2,82.2,70.7,77.1,11,14.4,67.6,15,19.0,56,71.8,6.38,1,1,11.0,No,71.8,73.8,Good,Low
STU105815,20,Male,ECE,3,77.7,82.5,79.3,68.9,14,15.5,90.3,35,21.0,47,83.0,6.88,1,2,19.0,No,,72.7,Good,Low
STU105816,23,Male,CSE,6,70.7,65.4,58.0,53.7,6,16.1,58.8,17,14.0,6,58.5,6.46,1,4,6.0,Yes,69.4,57.4,Average,Medium
STU105817,20,Female,CSE,4,66.0,73.5,55.2,51.7,7,13.0,37.6,23,11.0,43,46.0,6.74,1,2,4.0,No,53.0,47.6,Poor,High
STU105818,19,Male,ECE,4,72.7,62.5,64.3,66.6,11,9.5,59.7,27,18.0,44,70.6,5.91,1,2,7.0,Yes,57.9,56.0,Average,Medium
STU105819,18,Male,ECE,2,75.1,72.2,85.4,57.4,12,15.7,50.6,29,18.0,35,83.0,8.33,1,3,17.0,No,71.1,57.6,Average,Medium
STU105820,21,Female,CSE,3,74.2,76.8,72.7,66.3,10,14.3,43.4,30,15.0,28,52.5,7.53,1,2,8.0,No,79.3,54.2,Average,Medium
STU105821,19,Female,CSE,4,85.1,66.8,84.2,,15,12.0,65.0,27,20.0,49,66.2,6.56,1,1,10.0,Yes,76.0,63.9,Average,Medium
STU105822,23,Male,ECE,7,76.7,57.1,80.1,59.1,11,4.0,79.8,32,11.0,61,63.1,6.06,2,5,11.0,No,59.8,53.3,Average,Medium
STU105823,20,Male,IT,4,54.9,60.2,78.7,47.3,14,13.6,59.5,25,11.0,38,44.9,6.96,1,2,10.0,Yes,52.9,43.4,Poor,High
STU105824,18,Female,ECE,3,84.3,75.0,70.8,47.0,14,15.5,79.4,39,24.0,36,87.9,6.99,1,3,17.0,Yes,57.6,71.8,Good,Low
STU105825,19,Female,CIVIL,4,47.8,37.7,41.0,26.2,6,8.9,26.3,7,7.0,15,25.6,5.42,2,5,2.0,Yes,48.9,27.8,Poor,High
STU105826,21,Female,ECE,2,78.5,78.9,84.3,57.9,13,15.2,73.1,43,22.0,38,59.8,5.85,0,2,14.0,No,58.8,78.2,Good,Low
STU105827,18,Male,CSE,5,73.2,69.5,69.9,86.6,10,14.7,65.8,21,11.0,30,36.3,7.46,1,2,8.0,Yes,77.0,65.2,Good,Low
STU105828,18,Female,CSE,5,100.0,83.1,98.4,90.2,18,18.1,84.9,39,22.0,56,100.0,8.74,0,0,16.0,No,87.4,89.5,Excellent,Low
STU105829,24,Female,AI&DS,6,64.9,43.6,62.7,41.7,10,15.1,51.4,17,16.0,34,63.8,5.62,1,2,8.0,Yes,60.2,38.5,Poor,High
STU105830,20,Female,IT,2,77.5,59.3,64.7,44.7,13,9.1,67.2,29,11.0,40,54.4,5.7,2,1,10.0,Yes,68.4,48.0,Poor,High
STU105831,23,Female,AI&DS,6,59.1,43.9,58.2,60.0,7,9.0,41.8,16,10.0,11,58.4,5.45,2,6,12.0,No,44.9,42.3,Poor,High
STU105832,24,Female,AI&DS,7,80.9,59.4,84.1,72.8,17,11.7,66.1,39,12.0,30,52.9,6.72,1,2,14.0,No,67.0,63.3,Average,Medium
STU105833,18,Male,MECH,7,77.5,71.5,81.8,54.1,19,14.2,82.1,35,23.0,32,79.4,7.82,2,1,11.0,No,70.6,58.3,Average,Medium
STU105834,22,Female,MECH,8,79.2,43.0,70.9,57.7,11,15.0,40.5,21,12.0,38,49.0,6.5,2,4,8.0,Yes,60.5,56.7,Average,Medium
STU105835,23,Female,EEE,6,75.7,70.8,68.3,59.9,15,8.5,66.1,27,24.0,49,64.5,6.27,0,5,10.0,No,62.3,60.5,Average,Medium
STU105836,18,Male,AI&DS,8,54.1,61.8,45.1,36.0,8,7.6,38.3,5,10.0,22,,5.57,1,3,10.0,Yes,58.6,36.7,Poor,High
STU105837,20,Male,IT,4,79.1,68.9,84.4,60.6,14,16.7,75.7,36,23.0,50,83.9,7.23,1,3,11.0,No,66.6,61.6,Average,Medium
STU105838,18,Male,AI&DS,3,68.7,65.1,50.6,44.0,5,7.7,50.1,10,12.0,23,42.3,4.53,1,3,9.0,Yes,60.6,48.6,Poor,High
STU105839,18,Female,AI&DS,2,82.4,53.6,78.1,49.1,9,13.2,54.5,28,20.0,36,70.0,6.42,0,0,13.0,No,61.2,61.2,Average,Medium
STU105840,20,Female,CIVIL,8,58.8,53.3,75.5,54.6,6,6.7,42.1,5,14.0,25,52.0,6.09,3,1,4.0,Yes,40.2,45.4,Poor,High
STU105841,19,Female,IT,2,81.1,64.2,61.8,48.4,18,13.4,80.5,26,23.0,32,67.1,7.25,2,1,8.0,Yes,79.5,55.3,Average,Medium
STU105842,24,Female,IT,2,73.3,85.7,62.4,67.4,11,12.1,71.5,25,14.0,42,53.5,6.45,2,2,5.0,No,83.7,61.3,Average,Medium
STU105843,19,Female,ECE,7,62.6,56.8,55.8,50.9,9,16.3,52.3,22,7.0,34,51.5,6.46,1,2,8.0,Yes,67.3,58.1,Average,Medium
STU105844,23,Female,IT,4,81.0,70.9,64.0,44.1,10,11.6,45.4,20,9.0,33,56.7,7.0,2,2,10.0,Yes,67.7,52.9,Average,Medium
STU105845,18,Male,CSE,5,65.4,74.4,70.9,66.2,12,15.7,54.7,26,17.0,38,60.4,7.58,0,4,11.0,No,85.1,60.9,Average,Medium
STU105846,22,Male,IT,2,92.0,70.1,100.0,58.0,15,15.0,62.2,27,20.0,63,75.3,7.17,0,0,16.0,Yes,66.3,62.6,Average,Medium
STU105847,22,Female,MECH,4,83.6,72.2,73.5,75.4,14,20.3,52.3,31,20.0,53,87.0,6.84,1,4,11.0,No,67.5,52.2,Average,Medium
STU105848,19,Female,AI&DS,7,77.8,76.2,76.8,62.9,17,15.5,59.3,27,19.0,29,77.7,7.09,0,3,11.0,No,66.4,69.0,Good,Low
STU105849,21,Female,AI&DS,6,84.7,65.1,67.9,59.6,12,12.3,58.3,34,18.0,42,63.7,6.98,1,2,16.0,No,63.3,66.4,Good,Low
STU105850,24,Female,MECH,3,69.9,64.6,58.3,63.2,15,10.3,68.9,17,16.0,49,90.1,6.41,0,3,12.0,No,70.0,52.9,Average,Medium
STU105851,22,Female,ECE,3,68.3,67.5,81.1,55.9,12,13.9,70.6,28,17.0,35,63.0,6.75,1,3,6.0,No,68.9,62.6,Average,Medium
STU105852,23,Male,IT,6,51.3,69.1,59.6,83.7,16,13.4,70.2,26,15.0,34,76.6,7.6,0,1,14.0,Yes,69.8,64.2,Average,Medium
STU105853,20,Male,CIVIL,6,72.4,86.5,67.8,68.4,14,12.7,,28,22.0,53,79.1,7.35,1,0,16.0,No,73.7,80.9,Excellent,Low
STU105854,19,Male,CIVIL,7,59.7,47.6,59.3,43.7,8,8.9,42.4,17,5.0,26,33.5,5.73,0,1,5.0,No,46.9,45.0,Poor,High
STU105855,21,Female,AI&DS,2,75.7,64.2,75.7,37.4,9,7.5,74.9,22,13.0,43,60.3,4.3,2,2,13.0,No,55.0,57.6,Average,Medium
STU105856,20,Female,MECH,4,69.7,57.7,54.7,51.5,12,13.1,51.3,17,16.0,36,57.7,6.56,2,2,9.0,No,61.0,43.4,Poor,High
STU105857,24,Male,MECH,2,70.9,75.1,63.8,65.7,16,14.5,73.4,20,20.0,28,44.8,7.93,1,0,10.0,No,68.4,61.1,Average,Medium
STU105858,20,Male,ECE,7,62.9,62.2,55.4,44.3,12,18.4,55.7,32,15.0,34,57.0,6.99,1,5,7.0,Yes,63.5,45.0,Poor,High
STU105859,22,Female,CSE,3,78.5,54.2,82.9,79.9,14,17.8,85.9,31,16.0,53,57.2,7.97,1,5,14.0,No,70.7,65.4,Good,Low
STU105860,22,Male,MECH,4,83.8,77.4,83.8,75.3,17,18.4,94.0,29,13.0,42,100.0,7.65,1,1,12.0,No,83.1,76.2,Good,Low
STU105861,20,Female,AI&DS,5,91.3,66.7,76.6,64.3,12,22.6,63.5,33,23.0,68,80.7,7.21,0,6,11.0,No,80.8,65.8,Good,Low
STU105862,20,Male,CSE,3,92.2,75.7,75.8,69.7,13,19.0,58.0,37,21.0,39,70.0,7.73,0,1,16.0,Yes,,84.2,Excellent,Low
STU105863,23,Female,CSE,7,57.1,59.1,71.1,47.9,9,9.7,53.9,21,15.0,21,78.8,6.0,2,4,9.0,Yes,53.7,40.0,Poor,High
STU105864,19,Female,AI&DS,5,79.3,84.3,75.0,83.8,13,12.3,78.1,26,17.0,58,86.2,7.38,0,3,14.0,No,95.4,72.8,Good,Low
STU105865,20,Male,ECE,5,69.3,44.0,67.5,56.0,11,15.1,56.6,26,14.0,19,63.2,7.0,1,3,7.0,Yes,64.7,56.6,Average,Medium
STU105866,22,Female,CSE,6,62.3,45.0,51.7,31.3,9,5.2,69.6,10,4.0,16,47.8,4.74,2,2,5.0,Yes,50.2,44.7,Poor,High
STU105867,18,Female,EEE,6,58.7,59.7,69.4,51.6,12,8.2,70.6,22,16.0,32,62.8,6.33,2,3,12.0,Yes,64.2,51.2,Average,Medium
STU105868,22,Male,IT,2,78.4,74.6,62.7,64.9,14,12.1,62.1,16,17.0,35,55.1,7.82,1,0,9.0,Yes,74.8,69.4,Good,Low
STU105869,23,Female,EEE,2,73.3,66.3,75.2,69.3,11,11.1,53.8,21,10.0,31,71.5,6.31,2,0,13.0,No,60.3,59.8,Average,Medium
STU105870,21,Female,ECE,7,83.1,87.8,72.0,82.4,17,18.8,68.7,34,26.0,65,94.9,8.02,1,0,13.0,No,89.4,78.9,Good,Low
STU105871,22,Female,AI&DS,8,73.3,63.5,77.9,63.6,11,13.6,67.6,22,12.0,26,71.5,6.58,0,3,7.0,No,56.7,65.1,Good,Low
STU105872,21,Male,ECE,3,97.6,86.7,79.0,83.2,16,21.9,84.6,45,20.0,60,99.2,8.62,1,1,15.0,No,86.2,80.5,Excellent,Low
STU105873,22,Male,EEE,2,57.5,67.1,62.8,44.7,11,9.6,58.1,23,13.0,20,59.6,6.36,0,1,5.0,No,60.0,55.8,Average,Medium
STU105874,18,Male,IT,6,65.7,58.9,78.6,64.9,15,10.8,79.2,28,24.0,37,62.9,7.35,2,3,11.0,No,55.8,53.0,Average,Medium
STU105875,22,Male,IT,8,61.7,46.2,53.5,38.3,10,10.1,49.0,22,12.0,39,73.2,5.6,1,4,12.0,Yes,46.4,40.8,Poor,High
STU105876,21,Female,ECE,2,81.0,73.9,79.4,73.6,9,13.1,69.8,23,19.0,41,86.1,8.03,1,0,10.0,No,73.0,68.1,Good,Low
STU105877,18,Female,CSE,2,67.2,55.4,80.0,45.4,15,8.1,65.4,33,15.0,51,60.7,5.89,1,1,9.0,Yes,60.0,50.0,Poor,High
STU105878,23,Male,MECH,4,61.6,47.4,45.4,52.1,11,5.7,83.5,18,12.0,30,57.6,5.34,0,3,9.0,No,54.9,48.9,Poor,High
STU105879,19,Female,IT,6,82.3,68.6,86.4,80.2,19,17.0,70.8,30,21.0,54,89.5,8.08,1,1,15.0,No,69.5,73.9,Good,Low
STU105880,22,Female,IT,5,79.7,72.9,84.2,92.0,13,15.4,97.6,38,16.0,53,73.7,5.69,1,0,12.0,Yes,95.2,70.7,Good,Low
STU105881,23,Female,IT,5,87.1,88.4,81.5,69.0,16,17.1,82.0,43,19.0,42,82.7,7.79,0,1,15.0,Yes,93.8,76.6,Good,Low
STU105882,24,Female,AI&DS,5,66.3,61.5,57.8,69.3,8,15.3,57.1,35,14.0,46,76.7,4.77,2,3,12.0,No,49.8,46.4,Poor,High
STU105883,22,Male,CIVIL,8,73.7,57.5,62.2,66.7,12,14.9,62.9,23,17.0,26,64.8,7.12,1,2,6.0,No,66.8,51.2,Average,Medium
STU105884,23,Female,CSE,3,63.3,69.4,42.9,51.4,8,10.4,34.8,18,10.0,31,43.1,5.32,1,1,6.0,No,60.6,62.9,Average,Medium
STU105885,22,Male,CSE,2,92.8,70.9,93.9,67.5,17,21.2,66.2,22,22.0,40,79.4,6.7,1,2,13.0,No,81.2,69.3,Good,Low
STU105886,23,Male,MECH,5,83.5,89.8,73.7,72.7,16,19.8,93.9,41,19.0,55,87.1,8.49,0,2,12.0,Yes,81.8,75.2,Good,Low
STU105887,24,Female,CSE,5,65.9,64.7,72.1,56.9,11,11.0,,26,21.0,40,38.9,6.05,1,5,12.0,Yes,67.1,61.7,Average,Medium
STU105888,21,Male,AI&DS,3,71.4,83.2,65.3,58.1,9,20.4,57.4,21,13.0,49,71.1,8.38,0,3,12.0,No,65.7,66.0,Good,Low
STU105889,20,Male,CSE,8,89.2,71.7,82.9,61.3,17,22.3,74.0,36,20.0,53,81.0,8.39,0,3,11.0,Yes,79.4,68.9,Good,Low
STU105890,19,Male,CSE,3,70.4,59.1,81.5,35.7,10,18.3,75.0,30,16.0,36,79.0,7.25,1,2,13.0,Yes,61.2,59.9,Average,Medium
STU105891,24,Male,CSE,2,76.1,84.5,90.4,68.0,14,19.3,69.9,25,16.0,38,80.5,7.58,0,0,6.0,No,76.8,80.7,Excellent,Low
STU105892,24,Male,EEE,2,86.0,78.7,83.4,92.7,15,19.0,75.0,31,19.0,53,71.4,9.05,1,3,10.0,No,86.7,67.6,Good,Low
STU105893,22,Male,AI&DS,8,77.4,91.1,83.1,83.6,15,19.7,100.0,39,21.0,49,62.6,8.63,0,1,15.0,No,92.2,77.3,Good,Low
STU105894,22,Male,EEE,8,75.7,74.8,67.6,70.2,12,20.7,52.5,23,16.0,28,75.6,7.15,1,3,5.0,No,73.1,63.1,Average,Medium
STU105895,19,Female,EEE,8,82.3,63.0,79.8,56.8,11,9.0,73.5,27,20.0,61,83.5,5.61,1,1,11.0,Yes,69.3,81.4,Excellent,Low
STU105896,24,Female,CSE,2,59.0,61.6,52.0,70.8,5,14.5,51.6,16,13.0,35,39.1,6.42,1,5,5.0,Yes,61.9,44.9,Poor,High
STU105897,18,Female,CIVIL,2,69.8,68.4,84.4,74.3,14,15.2,69.5,26,18.0,33,81.9,7.14,2,0,13.0,No,67.6,70.2,Good,Low
STU105898,22,Female,CSE,4,86.4,73.8,67.1,64.8,13,14.9,69.3,28,15.0,48,65.0,9.11,0,3,8.0,Yes,80.8,76.0,Good,Low
STU105899,19,Female,IT,5,74.9,63.3,72.2,80.4,12,11.2,56.2,23,15.0,45,57.6,7.11,0,2,9.0,No,67.1,67.2,Good,Low
STU105900,21,Female,IT,3,77.2,70.6,66.8,78.3,13,8.1,69.0,28,19.0,36,65.4,7.62,1,4,10.0,No,88.8,64.1,Average,Medium
STU105901,18,Male,IT,6,79.4,46.4,77.3,53.3,12,15.1,66.4,25,25.0,27,61.7,6.97,1,1,9.0,Yes,69.0,71.3,Good,Low
STU105902,18,Male,EEE,6,80.3,66.7,70.0,65.7,13,19.9,84.7,25,19.0,32,70.1,6.35,2,1,11.0,No,67.5,58.5,Average,Medium
STU105903,20,Female,CIVIL,6,71.9,51.7,73.1,57.5,11,11.7,71.0,31,18.0,28,73.4,5.55,1,3,11.0,No,55.8,54.2,Average,Medium
STU105904,20,Female,CSE,4,65.4,65.9,74.7,38.8,5,10.6,49.9,21,12.0,26,63.2,5.97,3,3,12.0,Yes,53.6,43.4,Poor,High
STU105905,24,Female,IT,2,100.0,91.3,81.2,65.7,12,21.8,66.3,24,17.0,28,67.0,8.41,0,2,8.0,No,84.8,75.5,Good,Low
STU105906,22,Female,CSE,4,59.4,55.1,74.8,63.9,12,13.3,68.9,23,14.0,42,61.4,6.52,1,1,9.0,No,67.9,58.1,Average,Medium
STU105907,18,Male,EEE,3,71.2,71.8,74.0,65.3,14,18.9,79.6,31,20.0,37,57.6,5.62,1,1,16.0,No,75.3,68.7,Good,Low
STU105908,24,Male,ECE,8,75.0,63.6,61.2,73.7,10,7.5,57.0,14,13.0,32,52.8,5.41,2,3,8.0,No,80.4,64.5,Average,Medium
STU105909,22,Female,CIVIL,7,86.4,66.0,70.2,72.9,13,17.2,83.5,29,29.0,56,73.4,6.22,1,0,13.0,No,74.5,64.1,Average,Medium
STU105910,23,Male,MECH,8,88.6,73.6,91.8,57.5,11,23.5,,27,20.0,36,66.0,8.55,2,0,16.0,No,73.4,76.0,Good,Low
STU105911,24,Male,AI&DS,7,69.1,82.4,84.3,68.7,14,14.2,64.9,20,23.0,30,69.2,8.11,1,1,10.0,Yes,73.9,70.1,Good,Low
STU105912,21,Female,CSE,2,82.1,76.3,76.7,59.6,14,13.0,67.8,40,18.0,50,75.6,7.28,1,1,14.0,Yes,69.8,59.9,Average,Medium
STU105913,19,Female,CIVIL,5,72.8,88.4,78.1,62.6,12,14.0,67.3,21,19.0,33,72.9,6.29,2,2,6.0,Yes,67.7,55.3,Average,Medium
STU105914,21,Female,IT,6,77.6,56.9,86.2,60.7,14,15.5,73.9,40,24.0,55,80.2,6.22,1,3,10.0,No,70.4,76.7,Good,Low
STU105915,22,Male,CSE,2,74.0,72.3,83.3,65.2,13,17.9,64.5,24,20.0,33,69.6,6.69,0,3,10.0,No,66.6,73.1,Good,Low
STU105916,18,Male,MECH,8,79.7,63.3,73.2,74.3,13,12.1,61.8,26,14.0,36,71.8,6.57,2,1,7.0,No,70.9,66.0,Good,Low
STU105917,24,Female,ECE,7,63.5,53.3,64.4,60.9,11,20.5,44.4,29,12.0,39,45.9,7.66,1,4,7.0,No,56.6,50.5,Average,Medium
STU105918,20,Female,AI&DS,8,94.6,66.4,86.8,46.8,16,15.2,68.4,36,22.0,38,95.1,7.12,0,0,11.0,Yes,57.2,75.6,Good,Low
STU105919,22,Other,CSE,4,80.3,65.2,83.4,68.9,11,12.1,70.7,29,13.0,36,49.0,7.35,2,1,12.0,No,75.6,67.4,Good,Low
STU105920,24,Male,MECH,4,58.3,58.9,67.0,38.3,11,15.9,60.3,28,15.0,42,63.6,6.1,2,2,13.0,Yes,44.6,48.2,Poor,High
STU105921,24,Male,CSE,6,75.8,67.4,78.5,48.4,16,14.2,59.8,12,14.0,37,61.4,6.08,2,2,4.0,Yes,64.2,72.0,Good,Low
STU105922,23,Male,CIVIL,7,76.4,81.0,86.2,95.8,18,16.1,100.0,42,24.0,59,79.3,8.45,0,3,12.0,No,75.5,82.2,Excellent,Low
STU105923,20,Female,AI&DS,3,89.4,97.7,91.5,66.5,16,18.4,81.1,36,21.0,42,79.4,10.0,1,2,15.0,No,100.0,70.5,Good,Low
STU105924,21,Male,EEE,4,85.7,71.3,67.4,67.2,11,18.6,65.8,29,18.0,33,74.5,5.36,0,4,10.0,No,83.7,72.1,Good,Low
STU105925,21,Male,AI&DS,4,52.9,50.9,70.1,50.2,8,6.4,65.7,19,15.0,17,49.7,4.5,3,2,8.0,Yes,41.6,38.8,Poor,High
STU105926,24,Male,MECH,6,63.0,53.1,67.2,53.0,13,15.4,67.0,27,18.0,26,71.0,5.53,1,2,12.0,Yes,55.1,51.6,Average,Medium
STU105927,18,Male,CSE,2,72.0,62.5,74.0,46.2,14,11.0,78.7,24,14.0,29,45.3,6.64,0,3,9.0,Yes,52.7,68.0,Good,Low
STU105928,18,Female,AI&DS,5,86.6,70.2,67.6,67.4,10,13.5,77.1,21,19.0,29,60.3,8.13,2,2,7.0,No,68.2,60.0,Average,Medium
STU105929,18,Male,ECE,3,78.1,64.5,71.1,60.1,13,14.4,62.7,27,17.0,38,69.9,7.51,0,3,13.0,No,71.2,58.3,Average,Medium
STU105930,24,Female,EEE,6,70.8,48.2,56.9,49.9,7,12.9,44.2,21,10.0,22,49.2,6.92,1,5,8.0,No,46.3,49.6,Poor,High
STU105931,21,Female,EEE,7,76.3,58.0,85.4,64.3,15,9.4,76.8,28,17.0,37,59.6,6.63,0,3,13.0,Yes,72.6,55.1,Average,Medium
STU105932,22,Male,CSE,8,67.8,63.2,67.1,74.5,14,10.0,58.0,29,18.0,27,65.0,6.18,3,5,11.0,No,65.4,48.3,Poor,High
STU105933,18,Male,CSE,4,65.6,68.5,86.2,65.6,15,16.4,66.1,32,15.0,51,75.2,5.32,1,5,15.0,No,66.4,67.3,Good,Low
STU105934,18,Male,AI&DS,2,83.2,71.3,73.8,58.1,14,18.7,57.2,34,16.0,41,78.5,7.02,1,2,11.0,No,65.3,70.0,Good,Low
STU105935,22,Male,CSE,3,60.9,46.1,50.8,45.1,11,7.9,50.5,22,15.0,28,49.1,4.28,0,2,9.0,No,39.9,40.1,Poor,High
STU105936,22,Female,AI&DS,3,,50.4,66.1,46.4,14,7.3,82.9,31,19.0,34,75.8,5.58,2,8,15.0,Yes,61.0,47.4,Poor,High
STU105937,20,Female,CSE,2,70.5,44.3,79.3,55.4,13,12.0,66.0,28,18.0,32,61.6,5.42,3,0,13.0,Yes,60.0,53.2,Average,Medium
STU105938,18,Male,ECE,6,80.6,68.4,77.3,59.0,16,19.0,66.6,24,21.0,50,78.1,7.96,2,1,16.0,No,71.1,70.1,Good,Low
STU105939,21,Male,CSE,6,80.5,61.4,68.2,72.5,13,15.0,95.4,29,22.0,59,85.7,6.31,2,3,11.0,No,64.7,59.8,Average,Medium
STU105940,22,Female,ECE,4,76.5,58.2,88.0,51.0,13,19.3,60.4,25,15.0,49,56.3,5.92,2,3,11.0,No,65.4,56.4,Average,Medium
STU105941,19,Female,CIVIL,3,64.5,46.5,56.8,37.8,10,6.9,53.3,24,14.0,25,53.9,4.95,2,4,3.0,No,48.4,39.9,Poor,High
STU105942,20,Male,CIVIL,5,58.6,44.3,78.2,55.0,9,5.4,63.5,21,12.0,21,48.0,5.73,2,4,8.0,No,55.5,53.3,Average,Medium
STU105943,23,Male,EEE,3,65.0,69.3,77.2,79.3,12,12.6,65.7,27,17.0,40,67.2,8.1,0,4,9.0,Yes,78.1,66.7,Good,Low
STU105944,19,Male,CSE,7,63.5,25.6,57.6,15.0,7,5.8,41.5,18,10.0,6,40.2,4.04,1,2,5.0,No,42.8,37.7,Poor,High
STU105945,18,Male,ECE,3,69.7,77.6,77.7,57.8,9,13.1,57.3,33,13.0,33,71.7,8.36,1,4,10.0,Yes,77.8,66.9,Good,Low
STU105946,22,Female,AI&DS,6,69.0,48.8,56.3,39.5,9,6.4,49.9,21,10.0,20,64.4,5.08,2,4,8.0,Yes,51.1,43.2,Poor,High
STU105947,18,Female,EEE,6,84.9,70.7,73.9,73.3,12,19.8,63.8,25,20.0,41,71.0,7.68,1,2,11.0,No,72.9,69.4,Good,Low
STU105948,21,Male,IT,7,63.4,63.9,61.0,40.5,9,7.3,35.2,17,7.0,30,31.7,,2,4,2.0,Yes,62.3,46.8,Poor,High
STU105949,21,Female,EEE,5,93.4,76.9,84.6,69.9,13,13.4,73.1,36,18.0,35,71.3,6.46,0,0,13.0,Yes,76.6,72.9,Good,Low
STU105950,18,Male,IT,3,85.3,89.0,92.0,84.0,18,22.7,93.4,26,25.0,56,73.7,7.93,0,2,14.0,No,71.8,94.6,Excellent,Low
STU105951,22,Male,CSE,2,59.4,29.1,67.2,37.2,13,9.2,47.6,28,13.0,23,76.8,4.0,3,1,3.0,No,37.9,39.9,Poor,High
STU105952,23,Female,AI&DS,2,81.5,66.4,78.4,70.8,18,12.7,73.2,34,24.0,79,89.5,6.84,0,2,19.0,No,69.7,71.5,Good,Low
STU105953,24,Female,CSE,2,62.4,40.0,53.8,41.5,14,10.2,55.3,21,9.0,24,61.2,4.54,1,8,12.0,Yes,57.5,34.1,Poor,High
STU105954,19,Female,CSE,8,67.8,69.7,58.9,76.7,13,8.8,64.9,16,15.0,44,71.6,6.85,2,3,8.0,No,80.7,54.4,Average,Medium
STU105955,20,Male,CSE,2,76.8,71.5,86.9,56.8,15,11.3,63.2,33,23.0,53,75.8,6.32,0,0,12.0,No,55.8,67.3,Good,Low
STU105956,22,Male,IT,5,94.2,64.6,77.0,72.1,17,11.9,60.7,19,19.0,27,72.7,6.5,1,1,13.0,Yes,75.2,69.8,Good,Low
STU105957,22,Female,ECE,5,82.2,56.5,80.5,48.8,10,9.4,59.4,21,17.0,27,66.3,6.67,0,2,11.0,No,61.1,49.7,Poor,High
STU105958,22,Male,IT,6,72.2,78.6,61.8,59.1,11,17.3,64.3,22,,40,44.0,7.91,0,2,15.0,No,67.0,70.4,Good,Low
STU105959,20,Female,IT,2,70.7,45.5,70.6,40.7,10,9.6,62.5,21,18.0,14,37.4,5.05,4,3,10.0,Yes,51.8,46.3,Poor,High
STU105960,18,Female,MECH,2,86.8,66.5,86.3,56.5,14,15.0,84.0,28,19.0,39,75.3,8.46,0,0,13.0,No,76.0,71.0,Good,Low
STU105961,18,Male,IT,7,76.9,65.8,75.4,47.2,15,12.9,55.6,33,14.0,34,77.2,7.9,2,0,10.0,Yes,62.7,52.7,Average,Medium
STU105962,24,Female,AI&DS,6,67.7,53.8,69.3,39.3,9,10.8,49.1,21,9.0,35,59.2,5.45,2,1,12.0,Yes,50.6,39.4,Poor,High
STU105963,20,Female,CIVIL,6,89.9,80.4,61.2,81.0,15,20.1,58.2,39,25.0,70,85.0,7.42,0,2,15.0,No,74.7,83.4,Excellent,Low
STU105964,21,Female,MECH,2,75.7,70.2,67.9,75.1,10,14.0,68.9,31,21.0,37,49.1,6.24,1,4,10.0,No,83.6,59.2,Average,Medium
STU105965,22,Male,EEE,6,86.7,92.3,86.2,77.2,14,21.5,74.0,36,17.0,42,92.9,8.77,0,2,8.0,No,85.9,84.5,Excellent,Low
STU105966,19,Female,EEE,7,82.1,82.4,92.0,62.1,14,17.5,89.2,32,20.0,62,88.7,7.23,2,2,9.0,No,76.0,73.7,Good,Low
STU105967,20,Male,IT,7,61.6,47.1,64.9,56.2,6,8.7,46.8,11,11.0,29,38.0,5.39,1,4,11.0,Yes,53.9,45.5,Poor,High
STU105968,21,Male,IT,2,59.2,47.1,70.3,58.9,8,11.9,51.1,17,16.0,39,,6.41,0,2,9.0,Yes,56.7,49.1,Poor,High
STU105969,18,Female,CSE,5,73.0,64.2,74.8,69.5,8,15.9,48.4,18,11.0,17,63.0,7.32,0,0,8.0,Yes,67.1,68.7,Good,Low
STU105970,22,Other,CSE,2,84.5,78.4,77.4,78.1,9,21.1,54.7,23,15.0,17,63.8,8.32,0,2,6.0,No,76.0,65.0,Average,Medium
STU105971,19,Male,AI&DS,4,64.6,66.8,66.5,,10,5.2,68.2,27,19.0,29,22.5,7.88,1,0,9.0,Yes,74.9,63.3,Average,Medium
STU105972,18,Female,CIVIL,4,77.9,82.1,75.5,68.4,20,17.1,61.0,35,20.0,51,85.2,5.9,1,2,13.0,No,68.2,78.0,Good,Low
STU105973,22,Female,CSE,2,72.3,66.1,67.2,67.0,13,9.8,71.1,22,12.0,36,58.3,6.12,1,3,11.0,Yes,77.9,49.8,Poor,High
STU105974,20,Female,MECH,3,74.8,61.1,65.5,66.2,10,14.1,41.8,23,20.0,27,53.7,5.99,1,6,7.0,Yes,55.2,57.5,Average,Medium
STU105975,23,Male,AI&DS,8,69.5,71.2,92.2,82.6,15,12.7,72.9,33,20.0,37,60.6,7.22,2,4,11.0,No,65.5,58.0,Average,Medium
STU105976,21,Male,IT,8,89.4,68.0,52.9,63.2,7,11.5,38.4,17,10.0,32,51.0,6.5,1,3,2.0,No,67.8,60.3,Average,Medium
STU105977,18,Female,CIVIL,5,67.3,61.6,58.3,55.4,13,6.2,51.1,20,13.0,39,54.1,6.51,2,2,8.0,No,60.6,52.4,Average,Medium
STU105978,22,Female,ECE,5,77.0,53.6,69.3,49.3,13,9.0,52.7,20,20.0,33,62.3,5.71,0,1,9.0,Yes,63.3,58.4,Average,Medium
STU105979,18,Male,AI&DS,8,72.2,36.4,81.1,53.6,10,13.6,62.3,18,14.0,30,79.3,6.52,2,6,8.0,Yes,57.9,41.1,Poor,High
STU105980,20,Male,CIVIL,5,54.2,41.2,61.9,36.9,7,10.4,36.0,7,8.0,8,58.4,4.46,2,3,7.0,Yes,36.4,49.9,Poor,High
STU105981,22,Female,AI&DS,5,74.4,64.4,79.4,42.3,11,18.6,61.8,22,12.0,20,67.7,6.52,1,3,7.0,Yes,62.6,60.5,Average,Medium
STU105982,20,Female,EEE,2,75.8,68.9,86.1,92.6,17,16.0,89.3,32,23.0,55,75.3,7.55,0,0,18.0,No,89.8,69.6,Good,Low
STU105983,20,Female,IT,2,76.8,67.9,88.3,57.8,13,10.5,63.3,29,18.0,53,60.1,7.16,1,5,11.0,No,62.9,53.7,Average,Medium
STU105984,19,Female,EEE,5,68.0,73.9,73.9,54.0,12,19.5,63.4,11,18.0,35,56.4,7.98,1,1,10.0,No,51.3,62.7,Average,Medium
STU105985,21,Female,IT,4,72.8,35.3,75.8,51.2,17,2.7,69.5,24,14.0,36,79.9,4.0,3,2,10.0,Yes,35.6,61.8,Average,Medium
STU105986,20,Female,ECE,2,74.3,75.3,70.6,63.5,13,14.9,52.3,21,13.0,30,44.0,7.04,2,3,8.0,No,67.4,65.9,Good,Low
STU105987,24,Female,EEE,7,65.2,57.8,57.3,66.2,8,12.8,64.2,22,19.0,31,48.8,6.21,0,5,10.0,No,71.5,59.3,Average,Medium
STU105988,22,Female,IT,6,56.6,56.5,66.1,48.6,10,4.0,64.4,19,12.0,31,52.9,5.85,1,2,5.0,Yes,48.3,47.0,Poor,High
STU105989,24,Male,MECH,2,67.2,55.5,70.1,64.3,15,9.9,67.4,26,15.0,33,53.1,7.11,0,3,13.0,No,58.1,58.6,Average,Medium
STU105990,20,Male,IT,8,58.1,69.6,72.0,59.0,11,7.7,41.9,29,13.0,34,48.9,6.27,3,1,9.0,Yes,77.7,43.8,Poor,High
STU105991,24,Male,CIVIL,3,59.7,30.3,33.1,39.7,12,8.8,50.7,21,11.0,13,52.3,4.32,2,4,7.0,Yes,38.3,28.1,Poor,High
STU105992,19,Female,CSE,4,84.2,63.8,74.3,66.6,20,14.0,91.4,34,24.0,48,67.2,7.09,2,3,13.0,No,68.5,67.9,Good,Low
STU105993,20,Male,AI&DS,3,70.3,68.5,71.4,64.7,10,13.6,52.7,28,15.0,35,62.0,7.52,0,4,12.0,No,55.0,58.2,Average,Medium
STU105994,20,Male,MECH,7,77.6,51.5,51.8,59.2,9,6.6,51.5,19,14.0,33,37.3,5.32,1,3,11.0,No,55.8,42.1,Poor,High
STU105995,22,Other,IT,8,71.5,70.2,57.4,39.7,11,7.8,53.0,29,18.0,34,67.2,5.47,0,1,12.0,Yes,60.4,54.8,Average,Medium
STU105996,22,Female,CIVIL,8,75.9,45.0,79.2,67.1,9,8.3,64.2,24,,21,44.0,5.86,2,5,9.0,No,62.5,49.4,Poor,High
STU105997,18,Female,AI&DS,2,67.4,70.4,70.3,77.1,15,12.3,90.5,25,16.0,48,47.2,6.33,0,4,13.0,No,72.1,63.5,Average,Medium
STU105998,21,Female,EEE,8,85.8,95.3,96.6,78.4,16,,79.2,36,21.0,60,71.2,8.09,0,1,11.0,No,77.3,84.7,Excellent,Low
STU105999,24,Male,MECH,2,74.5,73.2,84.6,69.0,9,19.3,64.6,23,19.0,31,50.4,6.8,2,5,9.0,No,78.2,71.8,Good,Low
STU106000,20,Male,ECE,7,72.9,43.3,68.7,45.1,10,11.3,73.9,28,16.0,17,50.8,5.26,2,6,9.0,Yes,38.7,43.8,Poor,High
STU106001,22,Female,EEE,6,76.4,68.4,71.8,55.7,10,8.0,65.0,17,15.0,30,57.9,6.72,0,1,14.0,No,60.3,65.1,Good,Low
STU106002,22,Female,IT,8,70.1,74.8,85.9,70.1,14,16.7,66.0,24,22.0,35,75.6,5.57,1,2,10.0,No,77.7,77.1,Good,Low
STU106003,24,Male,EEE,5,96.6,62.5,82.1,66.0,12,19.4,71.4,43,26.0,52,82.1,7.03,2,0,14.0,No,81.1,77.4,Good,Low
STU106004,22,Male,CSE,4,74.7,77.5,83.0,69.6,12,14.7,77.3,35,18.0,50,71.2,6.94,1,2,10.0,No,75.2,70.8,Good,Low
STU106005,21,Male,ECE,6,49.2,40.4,57.9,26.2,9,8.5,33.3,25,10.0,16,41.7,5.42,2,5,10.0,Yes,43.1,36.4,Poor,High
STU106006,18,Female,CSE,6,90.3,83.8,79.0,58.3,12,,66.5,25,,51,92.1,6.53,0,0,9.0,No,66.9,79.9,Good,Low
STU106007,23,Male,MECH,3,56.0,55.7,59.3,48.7,5,8.2,53.9,18,9.0,39,36.8,4.0,2,3,7.0,Yes,43.4,49.2,Poor,High
STU106008,20,Male,IT,6,60.7,50.6,57.5,55.8,11,5.3,64.7,24,,39,42.9,6.37,1,2,12.0,No,45.9,32.2,Poor,High
STU106009,24,Male,MECH,6,62.9,63.3,59.5,60.9,11,12.7,45.4,26,16.0,45,60.1,6.73,0,5,7.0,Yes,64.0,45.2,Poor,High
STU106010,19,Female,IT,3,77.7,57.6,60.2,63.4,15,11.7,53.1,30,17.0,44,50.9,6.97,1,5,12.0,No,75.0,52.8,Average,Medium
STU106011,21,Female,MECH,6,59.2,40.3,69.2,28.3,11,9.3,60.0,25,18.0,29,55.8,4.91,2,5,13.0,No,43.9,46.1,Poor,High
STU106012,23,Male,ECE,4,53.3,67.7,61.8,65.1,11,10.3,49.5,38,14.0,30,75.5,6.34,0,3,4.0,Yes,60.7,55.4,Average,Medium
STU106013,19,Male,ECE,5,73.5,65.6,66.5,52.5,9,17.8,65.7,29,14.0,46,62.9,8.25,1,4,11.0,Yes,65.8,57.3,Average,Medium
STU106014,19,Male,ECE,4,66.3,58.8,56.1,61.3,12,10.7,53.6,32,10.0,45,72.9,6.46,1,2,16.0,No,67.5,56.7,Average,Medium
STU106015,23,Female,AI&DS,6,73.6,73.8,64.5,50.9,16,11.2,59.6,20,17.0,18,55.9,5.33,0,1,11.0,Yes,71.8,61.6,Average,Medium
STU106016,20,Male,CSE,2,63.0,67.9,86.5,51.0,13,9.4,58.5,30,13.0,32,56.0,7.12,1,2,10.0,Yes,47.7,64.8,Average,Medium
STU106017,24,Female,MECH,3,79.2,55.7,79.9,72.0,17,12.5,86.0,39,22.0,47,87.3,7.5,1,3,13.0,No,76.7,70.4,Good,Low
STU106018,21,Male,CSE,5,69.5,51.2,75.7,47.9,5,13.4,50.4,25,8.0,20,39.2,5.72,2,5,4.0,No,,55.7,Average,Medium
STU106019,23,Female,CSE,6,71.1,,62.2,74.6,14,19.6,71.5,18,17.0,49,67.3,8.88,2,2,14.0,No,74.5,48.9,Poor,High
STU106020,21,Male,ECE,7,66.8,71.1,58.5,60.8,12,12.2,72.3,21,16.0,41,58.2,6.54,1,4,9.0,Yes,57.2,62.3,Average,Medium
STU106021,18,Female,IT,3,90.4,68.1,80.7,68.1,13,12.1,69.3,25,18.0,43,62.1,6.43,0,0,14.0,No,77.5,67.6,Good,Low
STU106022,23,Female,AI&DS,6,,59.0,62.9,21.0,10,7.9,58.1,20,13.0,24,53.3,4.69,2,5,11.0,Yes,53.6,39.6,Poor,High
STU106023,20,Male,CIVIL,8,74.3,56.2,68.1,49.7,13,11.6,59.3,25,15.0,29,61.9,6.41,1,0,10.0,Yes,58.1,45.0,Poor,High
STU106024,20,Male,ECE,6,75.0,61.3,72.1,69.7,12,14.5,55.8,42,21.0,50,70.3,7.85,0,4,9.0,Yes,69.1,57.2,Average,Medium
STU106025,23,Male,AI&DS,2,61.1,50.6,63.4,47.9,11,9.3,52.3,23,13.0,23,65.4,5.13,3,5,11.0,Yes,49.5,41.9,Poor,High
STU106026,19,Female,CSE,6,66.5,63.2,80.5,55.3,9,11.4,61.9,24,20.0,22,51.2,,1,1,14.0,Yes,67.2,63.8,Average,Medium
STU106027,20,Female,CSE,4,73.9,62.5,88.3,70.3,15,16.5,74.8,37,21.0,48,92.1,6.44,1,5,15.0,No,64.2,71.5,Good,Low
STU106028,22,Female,ECE,2,70.4,66.6,76.0,61.2,14,10.7,68.0,26,21.0,34,78.6,6.4,1,0,7.0,No,67.6,61.2,Average,Medium
STU106029,22,Female,ECE,4,63.4,72.7,54.1,58.9,9,20.4,54.3,32,14.0,37,59.5,8.08,1,2,7.0,Yes,70.6,70.4,Good,Low
STU106030,23,Male,EEE,2,61.5,39.4,60.6,31.0,10,7.4,45.2,21,14.0,28,59.5,4.43,3,5,9.0,No,35.0,32.6,Poor,High
STU106031,18,Male,CSE,2,76.1,66.5,66.7,50.3,11,12.4,68.1,27,15.0,50,69.5,8.1,2,2,12.0,Yes,65.9,43.7,Poor,High
STU106032,24,Female,AI&DS,3,89.2,67.9,77.9,74.7,11,17.2,53.5,29,14.0,51,63.1,8.85,1,0,10.0,No,75.9,80.6,Excellent,Low
STU106033,22,Male,CSE,3,82.2,,79.6,70.6,11,15.6,69.1,29,19.0,32,67.3,7.79,1,2,12.0,No,73.8,61.8,Average,Medium
STU106034,22,Male,IT,8,74.6,73.9,62.7,51.5,12,12.5,51.0,27,18.0,33,53.8,6.55,0,2,7.0,No,62.5,61.7,Average,Medium
STU106035,24,Male,AI&DS,3,72.3,54.0,69.2,52.9,9,12.8,60.9,29,14.0,36,65.9,4.81,1,5,11.0,No,61.3,62.0,Average,Medium
STU106036,21,Male,EEE,7,57.1,68.3,62.2,48.2,11,7.6,60.0,13,15.0,35,44.7,6.64,2,0,3.0,No,52.3,57.3,Average,Medium
STU106037,18,Female,MECH,3,70.6,59.0,61.1,61.1,14,9.5,48.9,16,6.0,16,61.0,6.76,1,2,8.0,No,68.7,75.8,Good,Low
STU106038,18,Male,AI&DS,6,65.8,68.9,63.6,63.0,15,16.7,74.6,32,18.0,37,67.9,6.96,0,0,9.0,No,65.7,61.3,Average,Medium
STU106039,24,Male,CSE,4,68.4,59.8,55.9,42.4,8,11.5,35.4,28,11.0,45,53.4,4.4,1,4,7.0,Yes,57.8,51.8,Average,Medium
STU106040,24,Male,EEE,4,95.7,82.0,81.6,79.1,12,11.7,61.6,31,17.0,49,,6.2,0,0,10.0,No,72.7,74.7,Good,Low
STU106041,18,Male,IT,5,85.2,80.6,86.1,86.9,13,20.7,84.2,29,23.0,48,92.9,7.55,0,1,10.0,No,89.3,84.5,Excellent,Low
STU106042,22,Male,IT,8,76.8,62.4,71.2,43.6,8,15.2,58.6,18,7.0,25,48.2,6.78,1,2,8.0,No,71.4,55.7,Average,Medium
STU106043,22,Male,AI&DS,6,71.3,48.9,58.1,53.0,10,9.7,62.2,12,14.0,37,77.0,5.2,2,3,7.0,Yes,63.5,45.3,Poor,High
STU106044,19,Male,AI&DS,2,66.0,52.8,60.4,,5,3.9,40.4,23,6.0,31,58.9,5.8,2,4,7.0,Yes,52.4,48.4,Poor,High
STU106045,23,Male,AI&DS,8,89.3,75.8,90.0,75.6,14,12.4,70.3,22,15.0,38,72.8,6.53,2,2,12.0,No,75.6,69.3,Good,Low
STU106046,21,Female,AI&DS,2,82.8,58.0,71.0,56.0,10,13.2,62.8,33,18.0,54,74.3,6.45,2,2,12.0,No,66.8,55.4,Average,Medium
STU106047,19,Female,IT,5,74.1,75.5,84.5,51.9,12,22.5,72.8,29,18.0,39,87.1,7.58,1,1,10.0,No,62.0,64.3,Average,Medium
STU106048,21,Female,CSE,6,70.0,45.9,65.6,47.1,8,9.7,61.7,31,13.0,29,51.9,7.07,2,5,6.0,Yes,59.8,47.7,Poor,High
STU106049,24,Male,CSE,5,70.3,68.3,59.2,55.5,10,15.9,51.7,24,8.0,44,30.6,7.22,0,2,6.0,No,60.8,62.2,Average,Medium
STU106050,19,Male,CSE,5,60.8,62.0,57.2,52.7,14,10.2,73.0,27,20.0,35,48.8,6.63,0,4,12.0,Yes,58.9,49.5,Poor,High
STU106051,22,Other,CIVIL,6,77.4,46.3,52.3,31.3,8,15.6,66.1,22,11.0,47,47.0,4.99,2,3,7.0,Yes,51.3,31.7,Poor,High
STU106052,23,Male,ECE,8,78.4,57.3,75.0,53.0,13,12.2,46.0,19,17.0,37,63.0,5.57,2,6,11.0,Yes,53.9,48.1,Poor,High
STU106053,22,Male,AI&DS,3,76.8,48.8,51.4,26.1,6,6.5,31.8,18,11.0,16,,5.62,0,1,6.0,No,54.9,34.9,Poor,High
STU106054,22,Male,AI&DS,7,89.9,80.1,99.2,79.2,14,16.4,86.8,32,24.0,63,95.4,9.13,0,0,11.0,Yes,92.1,75.3,Good,Low
STU106055,23,Male,CSE,2,66.9,68.5,64.9,37.9,14,10.0,66.5,19,22.0,33,75.0,6.05,2,2,12.0,No,52.4,58.9,Average,Medium
STU106056,19,Female,CSE,8,65.3,72.4,56.9,56.6,9,14.8,79.3,33,17.0,30,67.4,6.69,1,2,9.0,No,68.3,58.7,Average,Medium
STU106057,18,Female,IT,4,77.8,68.0,71.7,62.7,13,10.4,77.1,30,25.0,41,73.9,4.97,1,2,10.0,No,72.8,59.3,Average,Medium
STU106058,24,Male,MECH,7,68.6,67.9,41.8,56.4,9,7.8,73.2,22,16.0,26,55.4,4.39,1,4,10.0,No,66.4,51.8,Average,Medium
STU106059,20,Male,EEE,3,70.1,67.8,48.7,49.6,10,17.8,64.9,14,15.0,31,54.9,4.79,0,3,10.0,No,62.6,46.8,Poor,High
STU106060,24,Male,ECE,8,100.0,64.8,86.9,77.7,14,15.5,82.7,31,18.0,43,80.0,8.11,0,3,12.0,No,74.4,68.3,Good,Low
STU106061,19,Male,ECE,5,67.3,52.6,53.2,37.7,7,12.1,55.8,27,13.0,24,45.5,5.89,1,5,9.0,Yes,50.2,52.9,Average,Medium
STU106062,19,Female,CIVIL,6,64.7,65.0,51.1,59.3,12,9.6,52.1,18,15.0,15,41.5,5.97,0,3,5.0,No,58.3,42.7,Poor,High
STU106063,18,Female,CSE,3,78.9,62.9,76.8,74.8,15,13.8,58.7,26,19.0,51,73.1,6.41,0,2,9.0,No,75.3,63.3,Average,Medium
STU106064,21,Male,MECH,5,69.4,65.5,74.4,60.7,13,17.0,66.6,23,16.0,39,62.7,7.45,1,2,6.0,No,55.1,57.6,Average,Medium
STU106065,24,Male,EEE,7,95.5,83.2,86.7,72.8,14,,67.8,32,21.0,52,73.3,8.46,2,2,12.0,Yes,79.9,57.0,Average,Medium
STU106066,24,Female,AI&DS,6,74.9,64.5,76.0,44.9,14,14.5,71.3,36,16.0,47,67.8,6.81,0,0,8.0,Yes,62.1,70.5,Good,Low
STU106067,20,Male,CSE,3,77.2,82.7,72.0,66.4,15,13.3,68.2,34,16.0,34,82.0,6.31,1,5,13.0,No,73.8,77.7,Good,Low
STU106068,20,Female,IT,8,81.7,68.9,77.3,72.1,13,15.5,59.7,25,21.0,42,71.6,8.14,1,4,9.0,Yes,77.8,64.9,Average,Medium
STU106069,22,Female,IT,3,56.9,70.3,64.0,46.6,9,8.8,43.4,7,7.0,12,40.5,4.69,1,3,9.0,Yes,43.7,49.8,Poor,High
STU106070,24,Male,CSE,2,61.4,47.3,54.2,45.3,8,8.9,15.5,9,4.0,9,30.9,5.25,1,2,4.0,No,49.1,42.6,Poor,High
STU106071,22,Female,CSE,6,74.3,49.0,75.7,40.2,14,11.7,72.9,35,17.0,22,63.8,5.56,1,1,9.0,Yes,58.3,67.3,Good,Low
STU106072,19,Male,MECH,5,74.0,43.8,42.1,47.4,10,7.8,62.6,16,16.0,36,64.3,4.71,2,4,14.0,Yes,46.9,43.7,Poor,High
STU106073,20,Male,CIVIL,5,76.6,64.8,69.6,58.7,12,21.5,47.8,29,15.0,31,54.8,7.78,0,5,6.0,No,74.9,57.9,Average,Medium
STU106074,23,Female,ECE,4,53.0,71.1,81.3,76.1,13,10.4,59.9,38,13.0,45,80.0,6.81,2,0,10.0,Yes,81.3,53.9,Average,Medium
STU106075,18,Female,IT,2,70.1,54.9,68.3,63.5,10,18.6,71.1,27,13.0,18,64.9,7.01,1,2,8.0,Yes,63.6,54.6,Average,Medium
STU106076,22,Male,IT,6,43.8,28.2,52.8,33.9,7,1.3,40.4,15,10.0,8,39.5,4.0,1,2,4.0,Yes,34.1,42.2,Poor,High
STU106077,23,Female,CSE,3,97.3,87.9,82.8,79.1,14,17.9,63.5,35,16.0,55,62.6,9.14,2,1,10.0,No,72.4,72.3,Good,Low
STU106078,20,Male,CSE,6,62.5,32.0,42.0,38.2,5,9.3,47.2,15,10.0,29,44.4,5.86,1,4,4.0,No,44.3,41.7,Poor,High
STU106079,21,Female,CSE,8,62.7,70.2,77.5,68.6,12,15.0,49.1,21,16.0,49,56.9,8.93,0,4,10.0,No,77.4,49.0,Poor,High
STU106080,23,Female,IT,4,46.4,45.0,44.0,57.7,8,4.3,27.7,12,,12,32.8,5.71,3,5,2.0,No,47.5,27.4,Poor,High
STU106081,22,Female,EEE,5,58.0,,60.3,45.4,12,9.5,55.0,20,13.0,26,57.8,5.46,0,4,13.0,No,51.7,46.3,Poor,High
STU106082,18,Male,IT,6,70.8,42.4,60.2,34.2,8,11.4,58.2,9,7.0,18,48.0,5.44,2,2,5.0,Yes,48.3,53.6,Average,Medium
STU106083,22,Male,MECH,6,72.8,71.7,69.7,65.5,14,14.9,61.3,28,22.0,27,63.8,6.62,0,2,10.0,Yes,72.1,63.0,Average,Medium
STU106084,19,Female,MECH,5,75.2,48.8,65.8,50.3,9,17.5,65.8,23,19.0,27,67.4,5.65,0,2,11.0,Yes,56.9,67.3,Good,Low
STU106085,23,Male,CSE,5,62.2,66.5,64.0,49.9,10,12.7,68.5,19,15.0,21,68.8,6.26,1,6,10.0,No,58.1,52.4,Average,Medium
STU106086,19,Female,CSE,3,72.5,58.7,65.7,61.2,14,8.5,44.2,15,14.0,37,47.4,4.0,0,3,9.0,No,52.4,53.4,Average,Medium
STU106087,24,Male,IT,6,66.5,64.7,72.3,69.2,13,6.7,53.0,27,20.0,36,59.2,7.63,2,2,12.0,No,60.2,51.4,Average,Medium
STU106088,18,Male,ECE,6,100.0,72.0,78.6,70.4,11,11.4,88.0,24,16.0,39,87.6,7.75,0,3,8.0,No,89.0,72.2,Good,Low
STU106089,24,Male,IT,4,100.0,68.0,100.0,78.6,17,18.3,88.0,37,27.0,43,84.6,7.84,0,0,14.0,Yes,88.5,71.9,Good,Low
STU106090,18,Female,AI&DS,2,94.3,65.9,80.2,55.0,13,7.0,68.2,27,19.0,50,81.7,6.26,1,0,13.0,No,61.5,65.8,Good,Low
STU106091,22,Male,EEE,2,86.3,57.4,66.6,69.5,15,14.0,75.9,29,20.0,51,76.0,8.04,1,1,10.0,Yes,68.7,62.9,Average,Medium
STU106092,20,Male,EEE,7,68.3,44.1,53.5,53.4,6,9.3,42.9,10,12.0,10,32.6,5.22,2,5,7.0,Yes,52.5,42.9,Poor,High
STU106093,19,Female,CSE,2,76.8,57.6,68.9,66.5,10,11.2,43.0,14,16.0,39,66.0,6.53,2,2,12.0,No,,51.8,Average,Medium
STU106094,19,Male,ECE,8,63.5,47.3,94.8,25.6,13,10.8,55.2,19,13.0,44,71.7,5.29,2,3,6.0,No,45.7,53.8,Average,Medium
STU106095,18,Female,IT,2,77.9,62.8,80.5,50.4,11,21.3,78.6,35,20.0,37,59.8,7.47,1,1,10.0,No,71.7,67.3,Good,Low
STU106096,18,Male,ECE,2,85.8,78.6,96.0,84.7,12,17.1,73.7,27,14.0,43,38.3,7.9,1,1,8.0,No,72.9,75.4,Good,Low
STU106097,20,Female,ECE,3,75.5,65.8,59.8,60.9,12,13.9,66.2,20,12.0,32,59.0,8.2,2,1,4.0,No,68.8,48.4,Poor,High
STU106098,19,Male,MECH,3,79.4,65.4,70.5,50.3,13,9.1,72.0,21,19.0,24,84.2,4.76,1,3,10.0,No,68.2,59.4,Average,Medium
STU106099,24,Female,CIVIL,4,80.0,78.4,63.6,63.4,14,15.5,78.5,20,11.0,43,64.7,7.87,0,3,12.0,No,70.0,78.5,Good,Low
STU106100,23,Male,CIVIL,2,72.4,57.5,77.5,43.7,9,12.0,37.9,19,11.0,22,50.4,7.36,1,5,10.0,No,54.3,51.4,Average,Medium
STU106101,21,Female,ECE,2,63.3,55.1,54.3,46.5,7,17.3,52.3,20,11.0,15,51.3,6.66,0,1,7.0,No,52.4,62.1,Average,Medium
STU106102,18,Male,ECE,7,62.9,54.0,64.5,48.1,8,13.5,38.3,21,16.0,34,71.3,5.98,2,6,8.0,Yes,49.6,50.0,Poor,High
STU106103,24,Male,ECE,8,69.8,53.7,66.3,47.1,8,15.7,65.2,22,8.0,30,57.7,4.81,2,2,6.0,No,51.2,46.1,Poor,High
STU106104,23,Male,IT,2,73.2,89.9,71.5,69.5,13,17.5,77.2,29,15.0,67,63.7,7.56,0,0,11.0,No,86.8,73.5,Good,Low
STU106105,19,Female,IT,6,72.2,70.7,78.9,68.6,16,19.1,77.7,28,16.0,31,48.5,6.34,1,3,10.0,No,62.9,61.5,Average,Medium
STU106106,18,Male,EEE,5,59.6,48.7,48.8,56.3,8,9.0,42.1,19,14.0,16,31.5,7.52,2,5,5.0,Yes,56.2,53.1,Average,Medium
STU106107,22,Female,AI&DS,6,80.0,57.2,56.4,61.5,13,13.9,61.1,35,20.0,37,74.5,5.28,2,1,12.0,No,60.4,58.1,Average,Medium
STU106108,18,Male,IT,4,89.4,82.4,93.1,86.3,17,16.5,87.9,34,29.0,64,96.0,10.0,1,0,15.0,Yes,89.5,82.1,Excellent,Low
STU106109,22,Female,CSE,3,72.6,77.3,79.9,67.7,12,14.2,64.8,24,16.0,60,42.7,7.43,1,0,14.0,No,84.8,48.2,Poor,High
STU106110,21,Male,CSE,7,74.0,69.9,60.2,44.3,12,10.9,63.4,24,12.0,35,43.8,6.16,1,1,7.0,No,62.4,59.0,Average,Medium
STU106111,24,Female,ECE,6,85.1,67.3,72.8,46.8,17,9.4,79.2,31,17.0,45,81.7,6.6,1,1,14.0,No,70.9,60.3,Average,Medium
STU106112,20,Female,MECH,6,66.8,58.9,57.8,65.2,12,7.1,61.1,26,20.0,33,55.5,,1,4,12.0,Yes,69.1,51.3,Average,Medium
STU106113,21,Male,CSE,3,85.7,59.2,74.3,62.4,11,17.2,73.4,33,17.0,38,80.0,6.5,1,3,13.0,No,67.7,59.2,Average,Medium
STU106114,21,Male,AI&DS,5,55.2,64.5,74.5,61.8,9,4.3,47.8,24,12.0,32,42.6,4.78,0,4,7.0,No,76.3,60.5,Average,Medium
STU106115,24,Female,CIVIL,8,68.4,66.0,88.7,67.6,12,20.0,67.2,29,10.0,41,56.1,7.68,1,1,10.0,No,72.1,68.4,Good,Low
STU106116,22,Male,EEE,5,77.1,67.0,83.7,89.9,18,14.8,71.7,37,24.0,34,81.5,8.36,0,1,15.0,No,78.3,72.3,Good,Low
STU106117,22,Male,CSE,8,45.0,48.0,30.5,41.0,8,9.0,49.1,3,12.0,12,30.9,4.99,2,6,4.0,Yes,33.9,28.7,Poor,High
STU106118,20,Male,CSE,7,60.9,41.2,63.8,38.7,9,11.5,37.7,22,12.0,25,51.8,6.16,1,4,10.0,Yes,37.3,44.5,Poor,High
STU106119,21,Male,MECH,4,85.1,64.4,65.0,69.8,13,8.4,38.7,28,13.0,29,54.5,6.16,2,3,7.0,No,81.7,56.5,Average,Medium
STU106120,19,Female,CSE,5,63.6,54.4,60.3,66.2,11,12.7,56.9,29,16.0,29,79.0,4.93,2,5,10.0,Yes,53.1,39.1,Poor,High
STU106121,20,Male,CSE,4,81.4,81.1,80.9,60.5,13,19.3,61.6,22,24.0,45,60.7,9.13,1,0,14.0,No,66.7,86.4,Excellent,Low
STU106122,23,Male,IT,4,85.5,53.1,97.6,75.5,14,18.7,71.2,28,19.0,48,69.9,7.64,0,0,14.0,No,,68.1,Good,Low
STU106123,18,Male,EEE,3,66.4,80.1,74.0,76.5,16,19.0,81.1,37,19.0,47,76.3,8.01,2,4,10.0,No,75.1,54.1,Average,Medium
STU106124,19,Male,ECE,2,72.5,51.3,75.7,54.2,10,14.9,60.8,35,11.0,40,62.9,6.44,1,2,8.0,Yes,64.9,63.8,Average,Medium
STU106125,22,Female,EEE,7,82.7,56.9,78.4,46.0,14,10.5,73.9,29,20.0,26,59.3,6.12,1,2,8.0,Yes,,59.1,Average,Medium
STU106126,23,Female,MECH,3,69.5,48.5,57.5,41.7,9,7.7,52.7,35,14.0,24,41.3,5.19,2,3,7.0,No,47.7,49.5,Poor,High
STU106127,24,Female,ECE,8,84.4,69.3,77.1,67.8,12,12.3,76.2,24,13.0,39,53.5,6.52,0,1,12.0,No,60.0,65.5,Good,Low
STU106128,22,Male,EEE,4,87.5,89.6,79.2,59.6,16,13.9,68.1,37,19.0,48,70.9,7.36,0,0,14.0,No,73.4,90.7,Excellent,Low
STU106129,22,Male,MECH,6,78.1,61.7,66.4,80.9,18,17.9,80.1,27,24.0,48,79.1,7.91,0,4,15.0,No,59.5,65.8,Good,Low
STU106130,20,Male,CSE,6,72.0,58.8,82.1,41.6,8,14.7,56.7,25,15.0,23,50.2,6.34,1,3,11.0,No,42.3,56.0,Average,Medium
STU106131,20,Female,ECE,3,68.2,65.9,48.9,58.2,10,13.5,44.7,14,9.0,30,48.1,6.0,1,4,5.0,No,70.6,52.8,Average,Medium
STU106132,20,Female,AI&DS,6,73.2,61.3,72.3,78.3,11,14.4,51.5,28,19.0,35,77.1,5.91,1,0,12.0,No,62.7,83.8,Excellent,Low
STU106133,18,Female,CIVIL,5,79.1,72.9,91.1,72.9,13,17.3,63.9,23,16.0,39,64.0,7.96,0,0,7.0,No,75.7,65.7,Good,Low
STU106134,20,Female,CIVIL,8,51.6,66.2,57.1,60.7,10,6.1,69.4,19,11.0,46,67.4,4.16,3,3,7.0,Yes,58.0,41.9,Poor,High
STU106135,19,Male,CIVIL,4,81.6,70.8,78.9,66.7,11,19.3,,36,20.0,37,71.9,7.8,1,3,13.0,No,76.5,79.4,Good,Low
STU106136,22,Other,ECE,3,78.2,75.4,77.6,61.2,12,15.6,59.7,28,23.0,37,63.5,5.23,0,1,6.0,No,68.3,63.9,Average,Medium
STU106137,23,Female,EEE,2,59.9,57.7,69.8,42.3,11,9.9,42.4,13,11.0,6,58.0,5.27,3,4,8.0,No,52.6,38.8,Poor,High
STU106138,24,Male,MECH,5,71.6,48.1,67.7,35.8,9,10.7,42.8,17,12.0,17,50.4,5.09,1,1,7.0,No,51.0,58.2,Average,Medium
STU106139,24,Male,AI&DS,5,66.6,58.0,49.5,61.2,11,10.0,50.2,13,8.0,26,56.0,7.07,0,2,7.0,No,70.7,57.4,Average,Medium
STU106140,20,Female,IT,7,73.7,65.8,91.4,64.7,16,18.0,79.5,25,14.0,39,56.4,7.69,0,0,9.0,No,78.2,67.8,Good,Low
STU106141,24,Male,AI&DS,3,92.1,89.3,83.1,86.4,16,20.9,82.9,31,15.0,61,68.3,8.57,0,1,8.0,No,79.5,77.6,Good,Low
STU106142,24,Male,ECE,4,75.7,73.0,71.5,68.5,15,10.9,65.1,31,16.0,49,58.9,6.13,1,0,11.0,Yes,73.1,46.9,Poor,High
STU106143,21,Male,CIVIL,3,75.9,86.2,66.2,63.1,13,25.2,53.5,23,12.0,17,43.9,7.83,1,1,10.0,Yes,72.7,71.1,Good,Low
STU106144,19,Female,MECH,5,69.5,61.0,69.2,67.4,14,10.7,63.5,19,13.0,32,73.5,6.84,2,0,13.0,No,44.6,52.0,Average,Medium
STU106145,23,Female,ECE,3,91.9,70.2,78.9,88.7,18,15.4,68.0,25,19.0,52,65.4,7.19,1,0,14.0,No,97.1,66.4,Good,Low
STU106146,18,Female,ECE,4,66.5,68.2,63.3,61.9,10,11.3,63.8,30,13.0,32,53.3,5.74,2,2,12.0,No,56.1,47.7,Poor,High
STU106147,20,Female,EEE,8,81.9,63.5,74.1,37.0,14,15.1,,30,13.0,31,72.0,5.97,1,4,9.0,Yes,57.4,47.9,Poor,High
STU106148,21,Male,ECE,4,58.9,43.1,67.3,69.4,9,14.3,36.2,21,10.0,16,61.3,5.74,2,0,4.0,Yes,58.3,46.8,Poor,High
STU106149,24,Female,EEE,8,51.3,42.5,59.3,15.0,6,12.2,31.4,9,8.0,1,32.2,4.58,1,3,4.0,No,29.3,36.2,Poor,High
STU106150,24,Male,CIVIL,2,77.6,72.9,83.4,55.2,13,,67.2,19,19.0,39,61.8,8.74,0,3,14.0,No,74.3,63.7,Average,Medium
STU106151,23,Female,CSE,5,79.1,41.3,90.4,37.6,15,14.7,78.9,29,19.0,17,54.3,6.76,0,1,11.0,Yes,59.7,65.3,Good,Low
STU106152,21,Female,MECH,2,57.9,47.3,65.4,41.7,4,5.0,10.8,7,10.0,12,15.8,6.47,3,2,-0.0,No,56.1,38.1,Poor,High
STU106153,18,Female,CSE,5,70.1,72.2,58.0,27.6,9,6.3,42.8,31,7.0,34,58.5,5.55,3,2,5.0,Yes,47.8,62.8,Average,Medium
STU106154,23,Female,MECH,4,59.9,40.9,54.6,32.5,5,11.5,22.8,12,1.0,28,44.8,6.61,3,3,7.0,No,47.0,29.6,Poor,High
STU106155,23,Male,CSE,3,72.9,69.8,74.6,71.1,12,18.3,77.6,36,20.0,38,76.3,7.55,1,4,13.0,No,66.7,66.2,Good,Low
STU106156,21,Male,ECE,8,92.7,66.6,86.8,77.8,16,19.6,88.3,37,29.0,58,92.0,9.72,1,0,15.0,No,73.7,69.5,Good,Low
STU106157,21,Female,AI&DS,6,45.1,32.9,44.7,38.8,10,9.6,57.7,17,6.0,34,38.7,4.62,1,4,5.0,Yes,31.6,24.6,Poor,High
STU106158,23,Male,AI&DS,3,83.2,47.0,70.5,59.7,12,12.7,59.9,32,15.0,30,53.1,7.2,2,2,8.0,Yes,69.3,60.4,Average,Medium
STU106159,18,Male,EEE,6,77.6,46.7,79.0,63.8,15,10.8,63.7,21,15.0,37,70.6,5.56,2,5,10.0,Yes,60.1,59.3,Average,Medium
STU106160,23,Female,ECE,2,83.9,88.5,90.3,69.5,16,24.2,74.9,36,24.0,46,75.0,8.34,0,0,12.0,No,89.0,64.7,Average,Medium
STU106161,21,Male,ECE,5,67.6,72.2,67.0,65.9,11,12.5,62.5,22,17.0,37,72.1,6.54,1,4,10.0,No,66.8,59.9,Average,Medium
STU106162,22,Male,IT,6,76.5,55.3,77.1,52.3,18,14.7,61.0,30,16.0,33,57.8,6.47,0,1,8.0,No,73.1,66.2,Good,Low
STU106163,19,Male,CSE,2,61.2,73.0,58.7,71.7,12,7.2,69.1,29,19.0,59,51.8,7.59,1,3,11.0,Yes,61.6,72.2,Good,Low
STU106164,22,Male,AI&DS,8,80.1,55.0,48.9,68.7,9,12.2,72.0,28,16.0,47,63.3,7.08,2,4,7.0,No,69.4,50.9,Average,Medium
STU106165,19,Male,ECE,2,75.6,73.7,74.3,70.6,12,16.3,78.1,25,18.0,47,88.6,8.21,0,2,11.0,No,71.0,73.3,Good,Low
STU106166,21,Male,CIVIL,2,75.3,64.9,74.7,52.2,13,20.7,76.0,23,19.0,34,78.2,7.1,0,0,9.0,Yes,65.7,72.7,Good,Low
STU106167,21,Female,AI&DS,5,78.7,57.4,61.5,63.3,11,13.2,87.4,32,15.0,49,63.6,7.55,2,2,14.0,No,70.3,53.7,Average,Medium
STU106168,24,Male,AI&DS,7,57.3,21.3,39.0,26.9,7,5.3,36.2,9,,33,42.0,4.99,2,6,9.0,Yes,44.1,27.7,Poor,High
STU106169,22,Male,CIVIL,5,94.2,71.7,69.9,59.6,14,11.9,76.1,34,19.0,45,88.7,7.07,2,2,10.0,No,59.9,62.8,Average,Medium
STU106170,21,Female,ECE,2,73.1,86.2,78.0,78.7,17,15.8,72.2,33,25.0,54,75.6,8.7,1,0,13.0,No,74.7,69.9,Good,Low
STU106171,20,Male,CIVIL,2,81.8,69.5,92.1,74.7,15,18.0,71.9,35,19.0,45,70.8,8.61,1,0,13.0,No,85.5,74.4,Good,Low
STU106172,20,Female,CSE,2,58.9,48.0,43.3,29.7,11,8.8,53.8,24,9.0,29,61.9,4.1,2,4,10.0,Yes,43.7,34.3,Poor,High
STU106173,22,Female,AI&DS,8,56.3,64.1,71.3,51.5,9,15.5,52.3,20,15.0,42,45.7,6.7,1,2,8.0,Yes,55.7,63.7,Average,Medium
STU106174,24,Female,EEE,8,82.4,46.3,62.3,50.5,10,7.7,51.3,24,12.0,39,61.4,,0,1,6.0,Yes,46.1,56.2,Average,Medium
STU106175,22,Male,CSE,2,95.7,75.3,76.1,89.3,17,17.1,75.2,33,20.0,56,77.4,9.32,0,1,15.0,No,82.2,84.5,Excellent,Low
STU106176,22,Female,ECE,6,80.1,72.8,73.6,56.8,11,18.2,57.1,32,16.0,36,73.2,7.41,1,5,9.0,No,76.9,69.0,Good,Low
STU106177,20,Male,CSE,7,83.9,63.1,68.6,49.9,9,17.7,44.9,18,12.0,23,58.2,4.97,2,2,7.0,Yes,80.9,52.4,Average,Medium
STU106178,21,Female,ECE,5,80.4,76.9,61.7,58.2,10,12.6,39.8,29,16.0,44,64.5,5.78,2,0,10.0,No,72.3,51.7,Average,Medium
STU106179,22,Female,IT,3,65.0,44.6,55.1,29.5,8,8.9,41.0,26,15.0,16,56.5,4.0,2,1,7.0,Yes,51.8,50.1,Average,Medium
STU106180,22,Female,IT,3,67.3,39.2,65.9,44.7,8,15.7,49.3,24,12.0,44,61.7,5.96,3,4,9.0,Yes,55.6,39.5,Poor,High
STU106181,20,Female,AI&DS,6,76.8,52.3,68.3,40.2,9,22.0,56.3,16,10.0,38,69.9,7.17,1,3,8.0,Yes,52.9,51.8,Average,Medium
STU106182,20,Male,CSE,5,65.4,67.1,62.8,69.6,7,15.5,60.1,25,13.0,53,60.7,6.12,1,3,12.0,Yes,77.4,50.8,Average,Medium
STU106183,20,Male,IT,3,58.3,51.4,59.4,45.6,8,10.5,47.3,22,11.0,19,43.6,4.47,2,4,3.0,No,50.5,42.9,Poor,High
STU106184,20,Female,EEE,2,63.7,60.6,65.5,52.4,9,11.8,66.2,23,17.0,26,,5.96,2,6,7.0,No,53.4,57.8,Average,Medium
STU106185,20,Male,EEE,5,81.7,68.8,74.1,72.7,13,11.3,67.9,30,17.0,45,61.5,7.71,1,3,11.0,No,70.1,68.2,Good,Low
STU106186,19,Female,CIVIL,4,69.5,34.0,43.6,32.2,9,9.5,54.5,22,17.0,36,71.4,5.09,2,3,11.0,No,51.9,31.4,Poor,High
STU106187,21,Female,AI&DS,8,69.0,78.2,74.8,76.9,15,18.5,62.6,32,19.0,33,78.4,6.95,2,2,12.0,No,84.3,76.2,Good,Low
STU106188,23,Male,ECE,6,76.4,77.2,66.3,51.5,7,11.6,72.0,24,13.0,40,66.1,5.94,2,3,5.0,No,65.5,55.9,Average,Medium
STU106189,18,Male,CIVIL,4,84.3,70.1,90.9,73.1,12,12.3,65.6,33,23.0,59,57.5,7.22,0,0,11.0,No,77.1,76.8,Good,Low
STU106190,22,Female,ECE,5,55.6,64.0,64.7,64.6,10,13.3,72.3,15,15.0,49,59.0,5.88,1,7,5.0,Yes,56.1,53.9,Average,Medium
STU106191,23,Male,MECH,5,65.0,60.0,65.5,43.6,9,5.4,43.1,7,8.0,32,43.4,6.4,1,3,13.0,No,58.4,51.6,Average,Medium
STU106192,23,Male,IT,6,85.7,79.8,80.2,66.9,16,11.5,78.3,28,23.0,37,70.0,7.42,0,0,15.0,No,83.5,85.3,Excellent,Low
STU106193,23,Male,AI&DS,6,71.0,66.3,81.5,41.2,10,5.9,52.1,27,13.0,26,64.0,4.3,3,2,9.0,Yes,51.0,55.2,Average,Medium
STU106194,20,Male,IT,2,64.4,,55.0,61.9,15,5.4,41.5,33,16.0,26,65.1,5.84,1,2,14.0,Yes,72.3,51.9,Average,Medium
STU106195,18,Male,AI&DS,5,88.2,67.7,81.6,47.6,17,17.3,64.3,31,23.0,29,73.3,6.44,2,4,16.0,Yes,58.9,65.3,Good,Low
STU106196,24,Female,IT,7,83.0,61.0,65.9,66.6,8,13.6,75.3,35,18.0,41,63.8,7.38,1,2,14.0,No,79.1,66.3,Good,Low
STU106197,22,Female,AI&DS,8,71.7,66.1,70.7,70.6,13,20.6,58.9,30,23.0,34,65.4,6.73,1,4,13.0,No,81.2,66.5,Good,Low
STU106198,20,Male,AI&DS,8,84.1,64.8,81.4,52.0,12,16.0,71.6,17,13.0,26,82.1,7.67,1,4,9.0,No,69.3,65.8,Good,Low
STU106199,23,Female,MECH,6,83.3,79.9,75.0,60.4,12,18.5,56.6,26,19.0,25,58.3,5.14,3,1,12.0,No,72.9,63.0,Average,Medium
STU106200,20,Male,IT,8,81.1,66.0,62.3,78.7,13,11.8,80.4,25,17.0,52,49.8,7.77,0,2,10.0,No,81.7,66.1,Good,Low
STU106201,23,Female,CIVIL,2,83.0,87.0,79.8,64.9,12,19.5,62.9,24,15.0,48,70.1,6.95,1,1,14.0,No,82.5,74.0,Good,Low
STU106202,24,Male,MECH,2,68.1,55.6,79.8,44.3,8,5.5,61.9,18,16.0,16,38.6,4.62,2,5,7.0,No,57.9,58.8,Average,Medium
STU106203,23,Other,IT,3,69.0,57.1,77.4,48.4,15,12.7,62.3,26,15.0,39,64.8,6.61,1,1,13.0,Yes,65.0,52.8,Average,Medium
STU106204,22,Female,EEE,2,75.4,64.9,59.9,55.0,14,17.0,46.4,12,14.0,30,40.2,5.48,0,2,9.0,No,71.3,62.9,Average,Medium
STU106205,19,Female,IT,6,50.3,56.1,70.1,64.9,9,12.2,42.1,14,11.0,24,29.8,6.63,0,0,8.0,Yes,63.2,39.9,Poor,High
STU106206,24,Female,CSE,5,61.0,39.4,61.3,37.7,7,7.7,59.7,19,21.0,25,49.2,4.52,2,2,6.0,Yes,41.6,40.2,Poor,High
STU106207,20,Female,CSE,5,72.3,82.2,100.0,66.6,14,17.0,64.5,30,22.0,59,85.3,8.31,2,2,9.0,No,81.5,67.8,Good,Low
STU106208,22,Male,AI&DS,5,63.2,44.8,60.8,59.4,8,11.1,49.3,20,14.0,14,41.5,5.77,2,5,4.0,Yes,57.7,35.8,Poor,High
STU106209,22,Female,IT,5,70.2,81.4,76.0,62.6,16,16.7,62.2,24,15.0,43,76.8,6.95,2,3,4.0,Yes,80.4,58.2,Average,Medium
STU106210,19,Female,CSE,7,71.0,62.2,66.2,45.9,8,15.8,47.8,25,11.0,26,57.8,6.24,0,1,8.0,Yes,59.5,65.2,Good,Low
STU106211,22,Other,AI&DS,3,80.3,69.9,70.5,51.0,8,10.2,55.3,35,14.0,21,46.0,5.45,0,1,10.0,No,58.3,54.7,Average,Medium
STU106212,20,Female,CSE,4,66.7,76.4,61.7,53.8,10,14.6,45.3,23,14.0,47,59.5,7.63,0,4,6.0,No,61.1,68.5,Good,Low
STU106213,20,Female,CSE,2,63.5,61.3,52.5,58.9,11,14.3,55.2,22,10.0,46,66.8,7.08,2,3,12.0,Yes,64.5,55.5,Average,Medium
STU106214,24,Male,EEE,5,84.0,77.0,75.9,79.5,12,11.9,72.8,28,18.0,40,74.4,7.26,1,1,14.0,No,82.2,67.4,Good,Low
STU106215,23,Male,CSE,4,67.8,77.4,69.9,70.1,9,12.5,46.2,16,16.0,40,65.1,6.46,1,5,8.0,No,63.1,64.6,Average,Medium
STU106216,21,Female,IT,3,78.8,66.9,63.4,61.3,12,14.4,50.7,20,15.0,27,59.9,5.29,2,4,10.0,No,76.9,59.2,Average,Medium
STU106217,18,Female,IT,5,64.8,67.9,61.1,,8,9.9,45.0,27,9.0,40,71.4,6.97,1,1,8.0,No,74.9,67.4,Good,Low
STU106218,22,Female,EEE,8,69.9,43.8,51.4,57.8,10,19.6,49.8,16,18.0,30,58.9,5.11,2,2,10.0,No,55.4,44.2,Poor,High
STU106219,23,Female,AI&DS,7,74.8,77.0,75.5,65.8,13,19.9,71.6,24,,36,51.9,7.5,2,5,10.0,No,75.1,68.0,Good,Low
STU106220,19,Male,IT,2,61.5,47.0,82.7,55.3,15,11.9,63.4,26,22.0,38,60.7,6.66,0,3,13.0,Yes,68.9,62.9,Average,Medium
STU106221,23,Female,ECE,4,81.2,73.4,70.2,74.4,11,19.2,63.4,26,15.0,37,72.8,8.39,1,4,8.0,No,79.6,73.8,Good,Low
STU106222,20,Female,CSE,8,74.6,54.5,67.1,53.9,16,15.1,72.9,26,26.0,42,61.2,6.16,2,1,16.0,No,53.1,58.3,Average,Medium
STU106223,23,Female,AI&DS,3,64.0,50.0,54.8,65.5,6,14.5,32.3,13,14.0,1,43.8,7.27,0,4,5.0,Yes,56.1,48.6,Poor,High
STU106224,23,Male,AI&DS,8,93.6,73.0,85.7,55.5,17,15.8,98.0,32,23.0,45,82.3,7.27,0,3,10.0,No,69.7,80.3,Excellent,Low
STU106225,22,Female,EEE,8,80.2,63.5,74.8,52.0,11,22.0,56.2,18,11.0,35,47.0,5.88,1,4,3.0,No,58.0,46.1,Poor,High
STU106226,24,Male,ECE,2,73.2,72.4,77.8,72.2,11,10.6,76.4,40,26.0,46,75.8,7.6,1,4,15.0,No,80.0,74.2,Good,Low
STU106227,18,Female,CIVIL,8,65.9,68.6,47.7,67.2,13,9.9,38.3,28,13.0,21,59.3,6.13,2,3,9.0,Yes,63.0,46.9,Poor,High
STU106228,20,Female,EEE,7,91.1,75.8,87.1,67.4,14,16.7,71.1,28,24.0,58,80.2,7.58,2,2,11.0,No,78.5,71.2,Good,Low
STU106229,18,Female,AI&DS,5,78.9,65.7,76.8,57.9,12,14.4,86.4,29,19.0,42,78.0,6.04,1,2,13.0,Yes,63.3,67.0,Good,Low
STU106230,19,Male,ECE,4,61.0,60.0,67.4,59.8,13,18.6,60.8,26,,25,46.4,5.6,1,4,9.0,Yes,53.7,52.2,Average,Medium
STU106231,20,Male,MECH,5,72.2,64.8,67.1,78.3,11,14.1,57.7,34,17.0,21,57.9,7.2,3,0,12.0,No,68.6,64.2,Average,Medium
STU106232,18,Female,AI&DS,3,75.5,71.0,59.2,59.3,11,16.5,55.6,18,13.0,43,77.4,7.15,1,0,7.0,No,63.7,66.6,Good,Low
STU106233,20,Female,CSE,7,83.3,63.4,64.0,62.2,15,15.0,82.7,30,21.0,36,87.3,7.08,1,2,11.0,No,69.2,66.8,Good,Low
STU106234,18,Male,MECH,4,87.6,85.4,96.4,73.7,15,18.9,78.4,36,20.0,19,74.1,7.56,1,1,15.0,Yes,79.1,75.0,Good,Low
STU106235,18,Female,ECE,5,79.4,66.7,75.5,69.6,8,16.4,51.3,18,12.0,19,44.5,5.93,1,3,13.0,No,78.2,58.1,Average,Medium
STU106236,23,Female,CSE,8,83.8,51.5,57.1,57.0,15,13.9,50.2,24,15.0,33,76.5,6.63,1,2,8.0,Yes,66.6,59.0,Average,Medium
STU106237,23,Male,ECE,2,79.4,57.6,58.4,50.0,10,15.4,52.0,18,18.0,45,77.5,7.15,0,5,7.0,No,68.3,42.4,Poor,High
STU106238,21,Female,EEE,4,83.5,59.4,62.5,51.5,7,9.7,60.1,23,10.0,31,41.0,5.81,2,3,2.0,No,63.3,67.6,Good,Low
STU106239,21,Female,CSE,6,70.0,49.6,73.4,41.7,10,8.9,61.9,21,15.0,14,67.1,4.5,3,2,10.0,Yes,52.3,52.7,Average,Medium
STU106240,20,Female,CIVIL,3,70.1,57.5,76.3,54.1,12,12.1,49.7,25,11.0,21,64.9,6.7,2,1,4.0,No,58.7,49.8,Poor,High
STU106241,21,Female,ECE,3,78.3,83.3,89.9,76.3,12,17.4,67.0,24,19.0,53,58.7,7.29,1,0,9.0,No,75.2,72.4,Good,Low
STU106242,23,Female,CSE,5,75.2,57.5,71.2,47.2,11,16.7,78.8,37,19.0,33,84.0,5.72,2,6,12.0,Yes,42.7,51.9,Average,Medium
STU106243,21,Female,IT,3,62.8,60.9,52.4,46.6,8,17.9,69.2,24,14.0,37,46.6,6.87,2,3,6.0,Yes,67.6,65.1,Good,Low
STU106244,23,Male,EEE,4,77.8,77.0,71.7,88.7,12,17.2,65.2,19,17.0,34,64.9,7.33,0,3,13.0,No,88.2,62.3,Average,Medium
STU106245,21,Male,IT,2,64.2,82.3,62.0,77.3,13,21.8,83.3,30,11.0,42,65.3,8.64,0,3,13.0,Yes,80.5,60.3,Average,Medium
STU106246,20,Male,AI&DS,2,85.9,75.2,86.9,63.5,17,18.6,78.7,23,21.0,30,63.0,7.88,1,2,12.0,Yes,76.1,71.1,Good,Low
STU106247,24,Female,ECE,7,74.0,46.9,73.1,49.4,5,7.8,42.0,14,12.0,21,47.1,5.92,1,4,5.0,No,57.3,51.3,Average,Medium
STU106248,24,Male,MECH,3,90.4,54.2,74.3,38.5,11,12.5,54.4,25,13.0,31,52.1,6.81,1,0,6.0,No,69.9,59.2,Average,Medium
STU106249,19,Male,IT,2,92.2,97.0,83.0,80.6,12,21.6,59.9,31,22.0,46,75.3,7.62,1,2,13.0,No,76.3,82.9,Excellent,Low
STU106250,21,Female,CIVIL,2,67.9,60.3,66.6,61.3,9,15.9,40.7,22,12.0,45,63.5,7.54,0,2,5.0,Yes,68.7,59.6,Average,Medium
STU106251,23,Male,EEE,5,68.8,54.0,53.2,60.2,17,10.0,84.8,40,20.0,51,79.7,5.31,2,4,10.0,Yes,62.2,51.2,Average,Medium
STU106252,19,Male,CIVIL,5,88.6,66.7,75.3,63.8,17,13.9,73.8,23,21.0,41,84.8,7.37,0,3,16.0,No,72.8,74.5,Good,Low
STU106253,23,Female,CSE,6,88.0,71.4,61.8,84.2,12,14.9,49.1,23,14.0,29,74.3,8.55,0,2,8.0,No,71.5,61.2,Average,Medium
STU106254,24,Male,MECH,6,65.1,53.7,66.0,47.8,8,10.6,42.2,19,14.0,32,65.0,6.69,2,5,2.0,No,61.4,53.2,Average,Medium
STU106255,19,Female,EEE,6,93.0,73.7,80.5,45.3,13,16.2,70.5,28,19.0,28,53.7,6.81,1,4,10.0,Yes,54.3,49.3,Poor,High
STU106256,19,Male,AI&DS,7,80.5,74.3,82.2,64.3,11,22.1,56.6,14,9.0,30,63.1,8.45,1,0,7.0,No,72.8,80.0,Excellent,Low
STU106257,24,Female,AI&DS,7,71.5,50.2,79.6,61.1,13,9.8,71.8,34,16.0,44,58.9,5.09,3,1,6.0,No,59.5,50.4,Average,Medium
STU106258,24,Female,AI&DS,3,70.1,68.7,62.9,73.1,10,7.6,55.5,23,16.0,29,51.9,6.83,2,0,14.0,No,80.4,64.7,Average,Medium
STU106259,24,Female,CSE,2,90.7,58.2,84.2,27.4,14,6.1,65.9,33,24.0,30,59.2,5.46,3,2,9.0,Yes,61.4,46.0,Poor,High
STU106260,22,Male,AI&DS,7,65.3,61.8,45.9,39.7,6,11.9,46.4,20,11.0,17,68.7,5.77,2,4,6.0,No,54.8,43.8,Poor,High
STU106261,18,Female,CSE,2,71.5,62.2,92.5,49.9,12,10.6,50.1,22,11.0,23,41.8,6.63,3,1,11.0,Yes,47.3,46.6,Poor,High
STU106262,24,Male,MECH,4,86.7,68.0,67.1,69.0,16,15.7,77.6,26,15.0,55,78.1,7.14,1,2,16.0,No,67.0,61.4,Average,Medium
STU106263,19,Female,ECE,6,68.3,55.7,65.0,43.1,15,8.7,45.5,21,13.0,33,71.9,5.79,0,7,9.0,Yes,58.5,41.5,Poor,High
STU106264,19,Male,CSE,2,71.9,59.6,80.5,58.3,13,11.5,60.3,18,15.0,30,61.7,4.37,0,3,13.0,No,61.4,59.9,Average,Medium
STU106265,23,Male,MECH,8,80.3,70.7,84.7,71.0,14,13.9,78.5,37,21.0,40,49.3,7.44,2,1,10.0,No,77.6,79.5,Good,Low
STU106266,20,Male,CSE,8,55.0,50.7,49.8,38.2,12,7.2,45.9,24,8.0,30,72.0,6.07,1,4,5.0,No,48.0,42.5,Poor,High
STU106267,24,Male,ECE,7,68.5,66.3,70.1,60.5,14,19.2,58.8,25,15.0,27,79.4,7.35,1,2,10.0,No,56.7,58.3,Average,Medium
STU106268,24,Male,IT,6,62.4,75.6,54.6,75.2,8,18.6,60.7,20,13.0,35,44.5,7.88,1,0,6.0,No,74.0,67.9,Good,Low
STU106269,23,Male,CIVIL,7,68.2,64.5,66.1,76.0,16,14.2,57.7,31,14.0,29,75.6,6.43,1,3,7.0,No,73.8,56.0,Average,Medium
STU106270,23,Female,EEE,5,82.2,61.8,76.4,67.8,13,19.2,79.4,32,21.0,50,68.1,5.66,0,2,8.0,No,69.3,57.3,Average,Medium
STU106271,21,Female,EEE,7,84.0,73.0,79.6,61.3,11,10.1,61.9,34,22.0,48,60.0,7.11,0,4,10.0,Yes,74.6,57.7,Average,Medium
STU106272,24,Female,CSE,2,58.4,41.0,52.3,41.6,6,6.1,55.9,22,9.0,8,55.8,4.77,2,4,3.0,No,47.1,44.8,Poor,High
STU106273,24,Male,ECE,3,59.6,68.1,57.4,59.6,9,13.2,58.8,28,9.0,26,50.2,7.91,1,5,7.0,Yes,67.5,54.3,Average,Medium
STU106274,19,Male,AI&DS,2,79.3,89.7,87.1,72.1,14,20.9,62.7,30,16.0,33,59.8,8.68,0,3,5.0,No,76.6,83.4,Excellent,Low
STU106275,20,Female,ECE,2,69.4,70.4,77.9,68.9,17,9.5,,42,21.0,47,90.3,7.02,3,4,11.0,Yes,68.1,63.8,Average,Medium
STU106276,22,Male,IT,5,82.7,68.6,70.5,63.9,13,15.4,67.2,14,19.0,54,72.8,6.37,2,1,11.0,No,76.2,64.9,Average,Medium
STU106277,24,Female,CIVIL,7,81.9,63.8,74.4,67.5,13,,69.3,30,19.0,37,73.7,7.47,1,3,9.0,No,61.7,61.4,Average,Medium
STU106278,20,Female,EEE,8,84.9,83.3,69.1,86.4,19,20.3,77.1,33,17.0,47,65.1,7.35,0,5,12.0,No,78.4,76.5,Good,Low
STU106279,19,Male,MECH,3,77.1,71.3,66.8,63.7,10,18.6,63.9,26,14.0,27,29.2,6.41,1,0,6.0,No,66.0,59.0,Average,Medium
STU106280,20,Female,MECH,6,58.7,42.0,44.1,34.2,5,2.1,47.7,5,11.0,17,31.3,4.47,2,6,6.0,Yes,34.3,42.8,Poor,High
STU106281,23,Female,ECE,7,88.6,86.9,84.8,71.4,19,14.9,83.2,30,18.0,43,92.3,7.63,1,3,12.0,No,87.3,65.3,Good,Low
STU106282,21,Female,IT,2,90.4,86.7,99.8,89.0,17,24.1,82.0,45,24.0,49,73.3,8.85,1,1,13.0,No,97.9,83.2,Excellent,Low
STU106283,19,Female,EEE,4,71.2,71.4,67.1,55.9,15,20.0,54.1,28,21.0,31,62.6,6.9,2,2,12.0,No,68.0,59.4,Average,Medium
STU106284,23,Male,MECH,6,61.6,47.0,58.7,61.4,7,5.1,47.3,17,7.0,21,48.6,5.1,2,5,7.0,Yes,49.4,43.8,Poor,High
STU106285,22,Female,CSE,2,63.5,63.2,61.7,67.3,11,14.5,54.8,20,9.0,33,58.4,5.76,0,5,10.0,Yes,59.3,50.0,Poor,High
STU106286,21,Male,ECE,4,56.4,44.4,57.1,45.3,13,11.3,34.8,14,20.0,24,64.4,5.78,1,1,7.0,Yes,50.4,53.8,Average,Medium
STU106287,22,Male,AI&DS,5,86.8,70.5,97.4,76.9,17,18.0,86.8,35,17.0,61,82.7,7.3,1,3,16.0,No,76.1,71.2,Good,Low
STU106288,19,Female,CSE,2,41.9,33.8,49.8,48.3,11,13.1,49.8,14,11.0,16,48.2,4.17,1,3,5.0,No,47.7,31.7,Poor,High
STU106289,19,Male,EEE,2,75.0,57.0,61.6,70.6,6,10.9,59.9,23,16.0,30,55.4,6.6,2,4,4.0,No,64.3,45.1,Poor,High
STU106290,23,Female,IT,7,73.8,51.3,49.6,59.0,12,10.0,58.1,24,18.0,39,60.1,6.29,3,0,11.0,No,66.9,47.9,Poor,High
STU106291,22,Female,MECH,2,73.8,55.7,68.1,60.1,9,8.7,49.3,18,15.0,43,43.7,7.72,2,1,10.0,No,63.9,49.2,Poor,High
STU106292,24,Male,CSE,6,86.2,74.0,64.2,94.3,14,18.1,72.8,30,21.0,40,78.5,8.78,0,5,10.0,Yes,82.6,74.1,Good,Low
STU106293,24,Male,CSE,4,81.5,74.0,71.3,66.9,11,13.1,49.2,14,17.0,44,78.4,6.93,0,3,13.0,No,85.2,65.4,Good,Low
STU106294,20,Male,AI&DS,7,73.0,58.1,57.4,48.4,14,13.6,51.8,12,15.0,49,57.1,5.99,1,0,13.0,No,57.3,57.7,Average,Medium
STU106295,21,Male,AI&DS,8,68.9,58.3,45.6,54.5,10,8.9,53.9,25,14.0,21,62.2,5.85,2,1,8.0,Yes,49.2,57.1,Average,Medium
STU106296,23,Male,CSE,3,65.5,50.7,52.0,42.8,8,6.5,38.9,23,10.0,14,38.3,4.72,1,3,7.0,Yes,46.5,48.3,Poor,High
STU106297,18,Female,CSE,8,62.9,62.4,58.5,57.6,9,10.6,48.5,5,13.0,18,59.9,4.93,2,2,8.0,Yes,55.6,46.6,Poor,High
STU106298,24,Male,AI&DS,2,71.9,72.3,71.6,63.4,9,10.9,43.8,16,9.0,25,66.8,5.97,2,1,8.0,No,57.1,48.3,Poor,High
STU106299,19,Male,CSE,8,,67.1,83.1,70.7,12,19.7,77.9,37,18.0,34,53.6,6.07,0,0,10.0,No,71.6,71.7,Good,Low
STU106300,19,Male,CSE,5,86.2,65.2,73.4,63.0,10,14.1,59.7,16,12.0,29,80.1,6.22,1,2,13.0,Yes,64.1,66.6,Good,Low
STU106301,21,Male,IT,2,77.4,81.8,82.8,58.7,14,19.8,54.4,32,17.0,46,83.9,8.16,1,1,8.0,Yes,64.6,70.5,Good,Low
STU106302,22,Female,IT,5,79.7,66.6,71.8,60.9,11,7.8,74.2,28,20.0,37,61.9,6.77,3,1,9.0,No,70.9,57.8,Average,Medium
STU106303,20,Female,CIVIL,8,65.7,62.1,79.9,64.0,13,17.9,60.3,32,19.0,39,44.1,4.83,2,4,12.0,No,73.4,70.1,Good,Low
STU106304,24,Male,AI&DS,6,57.3,58.7,53.8,31.9,4,3.0,29.6,18,14.0,11,39.3,6.31,0,2,6.0,No,56.7,46.9,Poor,High
STU106305,23,Male,CSE,2,77.6,74.8,76.7,66.7,10,18.7,56.3,24,13.0,39,61.2,7.66,2,3,13.0,No,69.9,70.1,Good,Low
STU106306,23,Female,EEE,7,79.6,86.3,82.7,73.2,10,20.0,84.9,25,22.0,31,61.2,9.29,0,2,6.0,No,83.5,65.1,Good,Low
STU106307,23,Female,CIVIL,7,67.8,53.9,71.3,40.9,15,11.7,45.4,21,23.0,29,56.9,6.01,1,2,12.0,Yes,51.7,55.0,Average,Medium
STU106308,18,Female,EEE,6,87.5,61.7,85.5,66.3,15,13.5,56.7,27,26.0,46,79.0,5.1,0,0,12.0,No,64.8,74.0,Good,Low
STU106309,23,Male,CIVIL,4,83.7,81.6,88.5,67.4,17,17.6,75.6,28,26.0,50,84.6,8.05,0,3,18.0,Yes,78.9,80.2,Excellent,Low
STU106310,22,Female,ECE,6,55.5,35.8,56.3,42.3,10,11.0,66.0,23,8.0,17,44.6,5.45,2,2,4.0,No,46.9,43.0,Poor,High
STU106311,19,Male,IT,4,81.1,72.3,88.5,56.6,14,14.6,53.5,16,13.0,48,72.1,7.6,0,4,12.0,No,73.3,65.1,Good,Low
STU106312,23,Male,CIVIL,3,68.5,61.6,76.9,71.3,9,15.7,65.8,29,11.0,30,58.2,8.75,0,3,7.0,Yes,69.8,60.3,Average,Medium
STU106313,18,Female,CSE,7,70.2,66.2,57.8,64.2,14,13.2,69.8,21,16.0,35,83.0,6.56,0,5,7.0,No,65.8,67.2,Good,Low
STU106314,22,Male,AI&DS,4,87.5,45.2,76.7,53.2,11,22.4,75.9,26,23.0,35,89.5,6.68,1,0,14.0,Yes,62.9,71.2,Good,Low
STU106315,21,Female,EEE,7,,64.0,86.8,74.3,13,12.0,60.9,26,18.0,42,72.8,7.94,0,2,12.0,No,70.3,76.0,Good,Low
STU106316,18,Female,AI&DS,6,69.3,82.8,76.7,81.4,14,22.7,84.9,45,21.0,66,83.9,7.28,0,0,17.0,Yes,83.7,69.2,Good,Low
STU106317,20,Female,ECE,8,71.8,63.2,59.1,59.6,14,14.5,66.7,27,19.0,20,62.2,7.97,1,5,6.0,No,70.1,60.9,Average,Medium
STU106318,18,Female,EEE,5,61.7,56.6,92.0,65.6,13,13.1,72.1,34,17.0,33,62.8,7.2,1,3,14.0,Yes,67.3,66.4,Good,Low
STU106319,24,Male,EEE,4,86.1,60.4,58.1,37.4,9,6.8,70.2,13,13.0,19,50.2,5.62,1,2,6.0,Yes,79.7,58.4,Average,Medium
STU106320,23,Female,IT,4,88.4,82.8,69.8,70.7,16,20.6,100.0,41,23.0,57,77.3,7.62,0,0,16.0,No,66.3,77.8,Good,Low
STU106321,24,Female,AI&DS,5,66.8,68.1,48.6,56.0,8,5.0,58.2,21,14.0,13,51.1,4.68,2,2,4.0,No,75.3,51.2,Average,Medium
STU106322,21,Male,IT,8,75.6,63.9,73.7,65.6,11,18.5,75.2,29,19.0,43,62.7,5.94,2,3,12.0,No,71.3,55.0,Average,Medium
STU106323,20,Female,AI&DS,3,79.1,75.1,85.5,54.0,12,12.9,79.1,31,18.0,44,64.9,7.26,0,3,15.0,No,78.6,74.7,Good,Low
STU106324,24,Female,IT,2,69.5,48.7,57.5,52.0,6,15.3,61.3,21,8.0,17,47.3,6.4,0,6,6.0,Yes,54.1,61.0,Average,Medium
STU106325,20,Female,AI&DS,3,83.6,63.3,66.1,68.1,13,12.4,87.8,31,19.0,36,68.0,7.08,2,2,12.0,No,84.9,67.5,Good,Low
STU106326,20,Male,ECE,8,99.9,80.6,63.2,94.6,15,16.9,77.6,41,20.0,55,88.9,8.67,0,0,18.0,No,100.0,78.0,Good,Low
STU106327,18,Female,IT,6,60.9,59.4,66.4,59.4,14,11.8,64.8,16,14.0,40,58.7,6.96,1,4,4.0,No,61.6,50.5,Average,Medium
STU106328,23,Male,AI&DS,7,76.8,64.0,75.0,56.9,9,11.0,60.7,8,17.0,40,59.2,4.94,3,3,12.0,Yes,47.7,49.1,Poor,High
STU106329,18,Male,CIVIL,5,84.6,82.5,87.9,74.1,12,15.6,79.9,25,,50,73.4,7.71,0,1,9.0,No,76.1,83.4,Excellent,Low
STU106330,18,Male,ECE,6,78.6,68.3,65.3,62.1,13,19.2,63.7,22,16.0,31,68.4,8.03,0,3,13.0,No,,59.5,Average,Medium
STU106331,23,Female,ECE,6,91.3,90.2,84.7,63.7,15,16.3,80.6,38,23.0,55,76.6,8.44,0,1,19.0,Yes,77.3,82.7,Excellent,Low
STU106332,23,Female,MECH,2,72.8,78.4,75.1,58.4,14,15.4,68.0,30,21.0,43,73.4,5.78,2,3,10.0,No,82.2,64.0,Average,Medium
STU106333,23,Male,CSE,6,62.0,60.0,59.8,67.8,12,17.1,59.9,20,13.0,22,56.7,6.59,0,1,10.0,Yes,53.6,66.8,Good,Low
STU106334,24,Male,EEE,5,64.9,44.3,61.2,50.0,11,8.8,59.0,11,14.0,24,47.3,4.72,1,4,7.0,No,60.6,56.0,Average,Medium
STU106335,18,Male,CSE,7,49.0,34.5,50.3,37.5,6,12.1,32.5,8,3.0,26,45.7,6.12,1,1,4.0,Yes,39.8,41.0,Poor,High
STU106336,20,Male,MECH,2,46.4,37.3,33.6,36.6,6,8.4,28.3,15,6.0,9,60.7,4.98,1,3,1.0,No,39.2,25.5,Poor,High
STU106337,23,Male,EEE,5,82.7,63.1,90.2,57.5,15,18.6,76.4,35,19.0,42,82.4,8.35,0,2,9.0,No,72.8,74.6,Good,Low
STU106338,20,Male,CSE,8,56.0,41.7,59.2,40.1,13,8.3,57.9,19,10.0,32,67.7,6.79,3,3,7.0,Yes,51.9,30.4,Poor,High
STU106339,23,Male,CSE,7,82.8,72.6,83.8,81.7,14,18.7,54.0,30,20.0,37,76.4,8.04,0,1,9.0,No,66.3,72.6,Good,Low
STU106340,24,Male,EEE,3,70.7,66.4,79.0,60.5,15,18.5,57.1,28,21.0,50,74.1,6.74,0,3,9.0,No,62.6,72.7,Good,Low
STU106341,24,Female,CSE,7,64.7,62.2,65.3,61.7,11,11.1,68.5,21,15.0,33,69.8,7.26,1,3,10.0,No,62.6,58.7,Average,Medium
STU106342,23,Female,EEE,4,68.3,65.1,67.9,71.1,12,13.2,62.1,25,15.0,37,61.1,5.39,0,0,7.0,No,67.6,55.0,Average,Medium
STU106343,23,Female,IT,7,91.6,74.8,71.1,66.6,15,13.8,78.7,30,14.0,60,80.5,7.41,2,1,11.0,No,72.5,69.9,Good,Low
STU106344,22,Male,CSE,6,79.2,53.3,79.9,45.3,11,15.5,58.9,38,18.0,32,61.2,5.71,1,4,11.0,No,48.8,63.4,Average,Medium
STU106345,18,Male,ECE,5,60.5,56.5,41.5,56.0,7,3.8,43.2,12,10.0,42,50.5,5.37,1,4,6.0,Yes,,43.1,Poor,High
STU106346,21,Male,IT,2,81.9,64.0,81.3,85.3,19,15.5,86.5,34,19.0,53,92.9,8.26,0,5,11.0,No,82.2,81.4,Excellent,Low
STU106347,24,Male,IT,7,67.5,74.7,74.0,43.1,9,17.4,49.4,22,13.0,12,51.1,6.98,2,3,8.0,No,62.3,56.5,Average,Medium
STU106348,24,Male,CSE,5,73.4,56.8,63.6,69.0,12,12.9,58.3,22,13.0,33,61.0,7.76,1,5,8.0,No,69.9,59.0,Average,Medium
STU106349,19,Female,CIVIL,5,59.7,50.8,83.6,59.9,11,9.1,73.4,35,21.0,43,66.5,6.78,0,0,14.0,No,50.6,67.7,Good,Low
STU106350,23,Male,AI&DS,7,65.4,66.7,50.2,73.4,13,10.3,61.5,21,15.0,49,55.7,5.95,0,3,4.0,No,67.9,52.0,Average,Medium
STU106351,20,Male,MECH,8,64.2,62.3,54.0,73.7,10,11.1,63.4,19,18.0,36,68.6,6.93,1,1,5.0,Yes,76.4,58.5,Average,Medium
STU106352,20,Male,AI&DS,3,81.1,67.9,73.3,51.9,11,17.4,61.7,28,10.0,9,80.2,6.21,0,1,7.0,Yes,65.8,69.8,Good,Low
STU106353,22,Male,AI&DS,8,83.0,92.0,91.3,75.5,16,21.7,74.0,30,25.0,58,75.9,8.35,0,4,11.0,No,80.5,67.7,Good,Low
STU106354,21,Female,ECE,3,74.2,49.5,53.6,62.1,15,14.4,51.7,22,8.0,29,40.7,6.5,1,0,8.0,No,59.7,60.7,Average,Medium
STU106355,22,Male,CSE,6,78.2,90.7,82.6,77.0,16,13.5,65.8,22,17.0,39,59.9,7.44,0,3,11.0,Yes,75.7,76.6,Good,Low
STU106356,18,Male,ECE,5,83.8,49.8,86.8,53.3,15,14.2,85.3,29,27.0,40,75.1,6.95,1,2,15.0,No,61.0,67.5,Good,Low
STU106357,20,Female,AI&DS,7,75.3,74.0,69.5,73.6,12,20.0,75.8,28,13.0,54,66.0,6.69,0,3,11.0,Yes,70.2,76.0,Good,Low
STU106358,23,Male,IT,5,93.1,85.6,87.3,59.4,16,19.7,80.8,36,21.0,47,83.6,6.28,2,1,10.0,Yes,77.3,71.7,Good,Low
STU106359,22,Male,EEE,6,85.7,65.3,84.1,75.8,14,14.2,80.1,31,17.0,49,73.3,6.48,1,5,9.0,Yes,79.2,59.9,Average,Medium
STU106360,23,Female,MECH,5,75.9,76.2,93.0,58.5,18,15.3,89.7,30,19.0,37,88.0,6.79,1,2,13.0,No,66.5,80.5,Excellent,Low
STU106361,24,Male,CSE,6,88.2,73.5,69.4,77.7,20,11.3,64.0,34,17.0,38,79.9,7.97,2,3,14.0,No,84.1,58.8,Average,Medium
STU106362,20,Female,IT,4,76.1,84.4,72.6,88.0,14,15.5,69.9,24,10.0,46,44.8,8.65,1,0,10.0,No,84.6,79.1,Good,Low
STU106363,19,Female,ECE,4,81.2,73.9,78.3,53.5,15,8.1,54.4,33,20.0,31,58.1,6.15,1,0,9.0,No,71.0,64.5,Average,Medium
STU106364,20,Male,CSE,4,72.0,68.1,63.4,52.8,15,13.5,60.5,38,15.0,34,57.6,7.16,1,1,7.0,Yes,59.6,63.5,Average,Medium
STU106365,22,Male,EEE,3,81.8,48.1,77.2,53.2,11,14.1,52.3,22,11.0,11,41.6,5.62,1,4,10.0,No,58.3,46.3,Poor,High
STU106366,19,Male,AI&DS,4,53.8,31.1,60.1,59.8,6,7.8,58.6,19,14.0,26,51.1,5.74,2,2,3.0,Yes,49.6,39.2,Poor,High
STU106367,20,Female,AI&DS,2,84.7,71.4,76.9,74.9,13,17.2,81.3,23,20.0,45,79.8,8.23,1,0,14.0,No,75.3,77.8,Good,Low
STU106368,19,Male,AI&DS,3,61.3,49.4,82.3,35.8,12,9.1,82.3,25,16.0,32,66.6,5.97,2,2,9.0,Yes,43.9,53.4,Average,Medium
STU106369,20,Female,ECE,4,76.1,47.4,72.5,47.1,9,9.1,54.7,25,16.0,30,54.8,5.24,3,1,9.0,Yes,63.8,45.3,Poor,High
STU106370,24,Male,AI&DS,5,83.1,75.5,89.2,75.2,13,14.9,69.6,29,19.0,45,65.6,8.72,2,2,10.0,No,73.4,69.7,Good,Low
STU106371,20,Female,CIVIL,6,70.0,45.9,72.8,55.4,7,18.6,54.6,17,13.0,36,47.7,6.47,0,2,10.0,Yes,54.6,48.7,Poor,High
STU106372,23,Other,CSE,4,85.2,76.0,100.0,63.5,13,17.4,99.2,35,25.0,55,86.5,8.53,0,2,14.0,No,74.0,72.6,Good,Low
STU106373,21,Male,CSE,6,75.9,65.2,62.1,58.4,12,12.0,64.4,24,17.0,42,53.7,6.61,1,0,9.0,No,67.7,56.1,Average,Medium
STU106374,21,Male,CSE,5,70.6,73.0,73.3,47.1,10,,49.3,21,13.0,31,53.2,5.5,0,1,9.0,Yes,63.8,49.2,Poor,High
STU106375,22,Female,ECE,5,60.3,51.2,79.7,62.4,15,12.5,46.8,20,13.0,21,54.7,5.87,3,2,11.0,No,50.6,49.8,Poor,High
STU106376,18,Female,CSE,2,70.1,,71.0,87.0,14,21.4,90.4,39,19.0,55,71.8,7.15,0,4,14.0,No,74.1,67.3,Good,Low
STU106377,20,Male,CSE,7,75.9,27.4,61.8,34.3,11,18.2,61.3,27,12.0,24,80.0,5.19,2,2,8.0,Yes,44.3,54.9,Average,Medium
STU106378,18,Female,AI&DS,6,67.4,71.0,62.2,63.1,7,13.9,47.6,9,10.0,21,43.0,7.44,0,2,4.0,Yes,74.9,51.0,Average,Medium
STU106379,19,Female,IT,2,75.9,77.3,79.8,71.2,13,16.0,97.2,45,24.0,64,,6.27,1,0,13.0,No,79.4,74.3,Good,Low
STU106380,22,Female,CSE,2,73.2,67.8,76.9,40.6,9,16.5,51.6,22,14.0,22,49.2,6.25,1,3,10.0,Yes,58.0,56.8,Average,Medium
STU106381,19,Female,CSE,7,75.5,59.7,68.3,33.1,11,16.4,46.1,20,15.0,34,48.4,6.84,2,4,6.0,Yes,68.1,40.0,Poor,High
STU106382,19,Female,EEE,3,70.2,33.7,69.9,35.2,7,12.6,37.0,16,14.0,32,50.8,6.85,2,3,6.0,Yes,52.7,25.1,Poor,High
STU106383,22,Male,ECE,8,82.6,87.1,80.8,62.6,12,,69.7,25,13.0,31,50.5,6.5,1,1,9.0,Yes,64.1,64.7,Average,Medium
STU106384,20,Male,CSE,7,79.7,68.9,74.9,69.8,13,12.0,65.5,17,18.0,35,61.3,5.36,2,2,7.0,No,58.0,71.6,Good,Low
STU106385,18,Female,IT,4,71.3,73.1,66.8,65.0,8,12.2,70.4,9,15.0,29,53.0,5.96,0,2,5.0,No,70.4,66.6,Good,Low
STU106386,24,Female,MECH,8,83.8,94.8,81.2,73.1,17,22.6,77.2,29,16.0,61,74.5,8.53,0,2,9.0,No,90.9,75.8,Good,Low
STU106387,24,Female,ECE,5,97.4,81.1,79.2,69.8,17,19.1,100.0,41,20.0,47,74.1,8.11,1,0,17.0,No,74.0,74.7,Good,Low
STU106388,22,Male,EEE,8,52.9,52.3,33.1,35.5,10,9.2,34.2,7,7.0,14,50.6,5.2,1,6,4.0,No,,37.8,Poor,High
STU106389,21,Male,CIVIL,2,66.6,65.1,61.6,33.6,12,7.6,43.5,17,13.0,26,64.3,,1,2,8.0,Yes,52.1,48.9,Poor,High
STU106390,23,Male,CSE,6,64.5,67.1,52.1,55.6,10,12.0,55.4,24,10.0,29,43.3,5.68,0,0,9.0,No,63.1,65.4,Good,Low
STU106391,24,Male,IT,7,87.3,56.9,70.2,62.1,14,12.2,63.5,21,16.0,44,53.1,6.46,1,5,7.0,No,69.1,58.7,Average,Medium
STU106392,18,Male,CSE,3,84.1,58.3,70.3,41.4,12,11.9,62.9,17,14.0,19,40.9,,2,2,7.0,Yes,46.6,54.6,Average,Medium
STU106393,18,Male,ECE,7,69.1,80.9,66.4,57.0,12,19.5,54.3,24,19.0,47,48.6,8.16,1,1,12.0,Yes,76.3,60.5,Average,Medium
STU106394,20,Male,AI&DS,7,84.3,75.1,53.4,68.1,13,16.5,61.0,23,22.0,29,64.9,6.69,0,1,11.0,No,61.9,60.0,Average,Medium
STU106395,20,Male,MECH,7,94.2,86.7,84.2,70.8,11,18.7,88.4,33,21.0,61,80.0,8.64,1,3,15.0,No,71.5,81.7,Excellent,Low
STU106396,24,Male,CIVIL,6,66.5,61.0,64.8,58.1,14,8.5,50.5,21,10.0,25,69.3,5.32,1,5,10.0,No,59.2,50.3,Average,Medium
STU106397,21,Female,EEE,2,92.7,79.6,91.1,59.2,10,21.4,73.1,22,21.0,33,63.0,6.87,2,2,14.0,No,63.5,74.4,Good,Low
STU106398,23,Female,AI&DS,8,61.5,34.0,70.4,54.0,14,11.4,57.1,25,18.0,31,62.1,6.54,2,3,8.0,No,53.9,46.4,Poor,High
STU106399,22,Male,CIVIL,8,60.5,50.7,56.7,47.0,6,1.0,46.8,23,12.0,24,49.4,5.86,2,4,6.0,No,45.8,34.6,Poor,High
STU106400,23,Female,IT,5,70.2,71.4,85.7,69.0,12,19.7,91.2,27,15.0,46,72.7,7.26,0,2,11.0,No,65.9,70.1,Good,Low
STU106401,24,Male,CSE,4,74.7,64.6,94.5,73.2,16,17.5,72.1,40,22.0,45,89.7,7.38,0,2,14.0,No,75.6,73.7,Good,Low
STU106402,22,Female,AI&DS,5,56.3,62.3,63.6,54.2,10,3.7,60.4,17,12.0,14,53.1,5.92,2,2,11.0,Yes,63.1,40.4,Poor,High
STU106403,23,Female,ECE,8,54.6,64.2,50.9,49.2,14,14.6,59.3,11,9.0,34,61.2,5.7,1,2,10.0,Yes,56.7,50.4,Average,Medium
STU106404,19,Male,MECH,2,67.3,30.5,63.0,55.0,10,10.5,68.8,31,15.0,22,76.0,6.12,0,4,10.0,No,43.4,44.9,Poor,High
STU106405,19,Male,CSE,5,72.3,62.6,59.7,54.9,13,8.2,50.1,23,12.0,33,50.0,6.56,0,1,9.0,No,57.4,39.8,Poor,High
STU106406,22,Female,CSE,3,77.8,83.6,70.1,72.4,14,22.8,73.7,29,25.0,46,79.1,6.25,1,1,10.0,Yes,73.4,72.9,Good,Low
STU106407,24,Female,EEE,7,72.3,56.0,67.0,62.0,11,14.2,61.9,23,14.0,36,68.5,6.37,1,1,10.0,No,59.2,58.0,Average,Medium
STU106408,18,Male,CIVIL,6,67.9,52.8,91.7,51.7,14,11.0,66.2,22,10.0,36,69.6,5.84,0,1,10.0,No,57.8,58.1,Average,Medium
STU106409,21,Female,AI&DS,8,77.6,45.4,64.5,52.2,11,9.2,56.7,23,16.0,22,58.1,6.49,3,3,10.0,Yes,44.5,47.9,Poor,High
STU106410,19,Female,EEE,8,61.7,56.4,57.6,45.8,13,10.2,52.2,32,18.0,40,65.1,5.54,1,4,7.0,Yes,56.3,50.8,Average,Medium
STU106411,24,Female,CIVIL,2,75.8,,100.0,67.1,16,17.2,98.5,34,23.0,63,68.8,8.09,1,4,17.0,No,72.3,83.0,Excellent,Low
STU106412,21,Male,CSE,5,89.8,55.3,85.3,64.9,18,16.6,85.4,37,19.0,53,74.3,6.67,2,1,14.0,Yes,66.1,63.3,Average,Medium
STU106413,18,Male,AI&DS,8,53.7,63.1,58.3,70.5,11,8.2,46.0,33,11.0,23,45.6,6.17,1,5,6.0,Yes,64.7,38.0,Poor,High
STU106414,18,Male,AI&DS,2,71.3,65.0,81.0,50.6,10,12.4,63.7,25,12.0,28,46.7,7.41,1,0,9.0,No,66.3,58.5,Average,Medium
STU106415,22,Female,MECH,8,66.1,42.6,57.0,44.9,4,9.0,43.3,15,8.0,15,54.6,5.25,1,4,7.0,Yes,39.7,35.9,Poor,High
STU106416,19,Male,MECH,4,52.7,65.0,56.9,58.9,15,8.3,74.8,23,12.0,37,48.0,6.12,2,2,6.0,Yes,61.0,48.6,Poor,High
STU106417,18,Female,CIVIL,5,86.6,77.8,77.5,63.7,14,16.1,61.6,27,19.0,61,87.1,7.32,1,1,13.0,No,75.5,58.8,Average,Medium
STU106418,19,Female,EEE,2,55.3,57.4,62.2,51.0,9,15.8,47.6,17,12.0,31,58.2,6.37,1,4,5.0,Yes,55.1,57.9,Average,Medium
STU106419,19,Male,AI&DS,4,87.2,85.0,70.5,90.0,15,17.4,68.9,19,,43,76.6,8.51,0,0,13.0,Yes,91.8,74.7,Good,Low
STU106420,20,Female,ECE,8,56.0,55.0,54.4,62.1,9,11.0,33.9,16,9.0,31,43.4,6.41,0,5,15.0,No,53.9,46.1,Poor,High
STU106421,23,Female,AI&DS,8,80.3,64.0,63.8,62.3,14,11.5,55.7,26,19.0,29,81.7,7.12,2,2,11.0,No,68.7,53.5,Average,Medium
STU106422,24,Female,MECH,2,75.2,74.8,68.7,53.7,11,18.6,75.1,30,22.0,25,83.3,6.74,0,1,14.0,No,58.8,59.0,Average,Medium
STU106423,21,Male,IT,5,49.2,50.0,54.9,27.4,10,1.0,38.9,28,5.0,7,46.0,4.18,1,5,4.0,Yes,39.7,36.6,Poor,High
STU106424,24,Male,ECE,2,66.5,62.2,70.7,66.2,13,11.5,67.7,28,14.0,33,81.2,6.18,1,3,10.0,Yes,81.9,49.5,Poor,High
STU106425,23,Other,EEE,8,70.6,68.7,68.3,29.1,12,15.6,44.3,24,14.0,35,57.8,7.1,0,5,12.0,Yes,63.9,57.4,Average,Medium
STU106426,19,Female,CSE,5,84.5,67.1,55.2,77.3,10,17.1,48.4,20,13.0,44,55.1,8.15,0,0,4.0,Yes,85.7,75.8,Good,Low
STU106427,23,Female,EEE,3,76.1,74.9,56.2,76.4,10,17.7,52.8,25,18.0,46,58.7,8.19,0,2,2.0,No,78.3,77.2,Good,Low
STU106428,19,Male,MECH,5,59.1,65.9,49.7,62.0,6,9.0,35.7,18,6.0,31,65.8,5.27,2,5,5.0,Yes,58.3,44.2,Poor,High
STU106429,24,Male,CIVIL,3,70.0,74.3,57.5,81.8,14,13.7,60.2,21,7.0,27,54.8,9.46,1,2,6.0,No,80.5,60.1,Average,Medium
STU106430,23,Male,IT,7,73.0,56.9,72.1,61.0,12,12.3,61.4,28,20.0,33,74.9,6.57,1,3,12.0,No,70.1,53.9,Average,Medium
STU106431,18,Female,IT,4,67.4,49.5,64.1,59.0,7,6.1,58.2,20,11.0,46,67.4,6.21,1,0,8.0,No,60.6,56.1,Average,Medium
STU106432,19,Female,ECE,4,72.5,68.5,75.4,58.0,11,10.7,50.2,23,13.0,23,68.8,7.4,2,3,6.0,No,79.7,50.1,Average,Medium
STU106433,21,Male,IT,7,72.7,62.5,83.3,55.8,15,15.7,83.1,29,20.0,42,70.3,6.42,1,2,11.0,No,67.9,73.2,Good,Low
STU106434,23,Male,MECH,8,79.5,75.8,90.1,77.7,16,16.7,57.2,26,21.0,42,62.1,8.01,1,2,13.0,Yes,71.1,67.5,Good,Low
STU106435,21,Male,ECE,3,73.6,72.2,75.1,55.3,9,14.0,62.8,34,14.0,44,67.9,6.85,1,3,8.0,No,59.8,62.6,Average,Medium
STU106436,18,Male,CSE,6,60.7,59.6,75.9,57.7,15,14.6,63.9,31,15.0,11,59.1,7.32,0,0,9.0,No,64.5,63.7,Average,Medium
STU106437,22,Male,IT,4,80.1,80.4,83.2,91.3,17,11.1,78.6,27,17.0,53,80.1,7.17,2,0,15.0,Yes,80.8,64.8,Average,Medium
STU106438,22,Male,IT,2,83.6,71.1,67.2,64.5,13,10.9,57.8,24,18.0,33,68.2,7.76,0,4,9.0,No,88.6,51.3,Average,Medium
STU106439,24,Female,ECE,3,90.0,77.3,79.6,70.2,15,16.9,72.6,30,23.0,49,76.1,7.85,0,1,16.0,No,79.5,81.2,Excellent,Low
STU106440,19,Male,AI&DS,2,80.1,81.4,63.7,55.8,11,14.5,50.8,29,12.0,25,64.3,8.3,1,6,8.0,No,73.0,65.1,Good,Low
STU106441,18,Female,CSE,7,78.0,54.5,63.9,56.3,10,14.3,66.1,22,13.0,35,70.5,5.59,1,4,10.0,No,63.7,69.8,Good,Low
STU106442,23,Female,CSE,5,69.2,65.2,60.6,56.6,16,15.8,80.9,23,19.0,25,71.6,6.8,1,2,10.0,No,68.6,60.3,Average,Medium
STU106443,22,Male,CIVIL,5,71.2,62.4,51.4,66.4,13,13.1,55.4,22,15.0,23,64.2,7.2,0,2,8.0,No,62.9,50.4,Average,Medium
STU106444,21,Female,ECE,5,74.2,50.5,75.0,53.8,12,11.8,69.1,29,22.0,46,86.6,6.37,1,2,17.0,No,56.5,61.4,Average,Medium
STU106445,22,Male,EEE,3,74.4,65.6,76.1,58.5,15,,85.8,39,18.0,32,58.8,7.27,1,1,15.0,No,63.8,69.4,Good,Low
STU106446,19,Male,AI&DS,5,77.2,83.5,74.9,71.1,13,19.2,73.6,24,23.0,49,73.3,9.69,0,1,11.0,No,78.5,85.4,Excellent,Low
STU106447,18,Male,EEE,3,76.2,67.0,69.0,72.7,14,16.4,60.7,22,19.0,45,52.5,7.48,0,5,8.0,No,64.9,67.1,Good,Low
STU106448,20,Male,MECH,2,67.6,66.1,70.6,48.9,14,11.3,67.0,30,21.0,44,88.5,6.14,2,2,13.0,Yes,59.3,51.4,Average,Medium
STU106449,24,Female,IT,3,87.1,54.8,69.2,44.0,17,18.5,77.1,26,19.0,20,96.9,6.3,2,4,6.0,Yes,59.7,50.3,Average,Medium
STU106450,21,Female,ECE,2,85.4,78.3,79.2,81.5,10,17.2,68.7,31,13.0,46,74.1,8.06,0,1,13.0,No,85.4,69.6,Good,Low
STU106451,22,Female,AI&DS,5,71.2,89.1,74.2,62.9,13,16.3,56.3,25,15.0,48,62.7,6.7,1,0,8.0,No,74.5,66.5,Good,Low
STU106452,24,Female,CSE,2,75.2,63.3,64.8,62.9,10,7.9,60.3,28,12.0,38,60.2,7.37,0,1,9.0,No,67.9,67.0,Good,Low
STU106453,20,Female,CIVIL,4,75.6,51.7,78.7,59.9,11,8.4,51.2,37,15.0,26,57.5,5.75,2,2,9.0,No,66.4,49.2,Poor,High
STU106454,21,Female,CIVIL,7,64.2,64.6,59.1,61.9,7,15.1,58.7,21,12.0,36,45.9,5.91,0,3,11.0,Yes,62.1,46.4,Poor,High
STU106455,22,Female,AI&DS,6,85.5,61.6,53.9,46.9,14,12.2,64.5,18,11.0,33,,5.87,0,3,10.0,Yes,62.0,62.5,Average,Medium
STU106456,19,Female,CSE,6,70.8,55.6,84.5,38.3,11,10.7,65.8,28,22.0,42,65.2,6.52,3,2,12.0,Yes,37.8,52.4,Average,Medium
STU106457,20,Male,MECH,4,62.4,65.0,54.3,56.7,13,10.4,66.2,21,11.0,46,59.7,6.59,1,0,13.0,No,68.3,53.9,Average,Medium
STU106458,21,Female,MECH,2,79.2,66.2,69.8,60.0,10,17.7,52.4,26,22.0,34,53.7,5.44,0,3,11.0,No,60.6,61.4,Average,Medium
STU106459,20,Male,MECH,3,63.8,46.2,61.1,64.7,7,12.6,45.7,19,7.0,20,45.7,6.56,1,3,4.0,No,56.3,48.5,Poor,High
STU106460,19,Male,CSE,5,87.4,83.0,97.1,86.9,16,17.2,60.9,34,20.0,47,75.3,7.49,1,0,14.0,No,86.2,78.7,Good,Low
STU106461,21,Female,IT,8,87.6,86.4,74.4,74.2,15,17.3,66.4,26,13.0,41,57.6,8.52,0,2,9.0,No,82.7,71.8,Good,Low
STU106462,24,Female,EEE,8,85.1,71.8,76.7,69.3,12,15.6,82.9,29,16.0,52,72.7,7.56,0,3,11.0,No,65.8,73.3,Good,Low
STU106463,20,Other,EEE,2,61.2,62.4,78.9,51.8,8,9.7,34.5,22,13.0,14,48.3,6.5,1,4,4.0,No,51.4,46.1,Poor,High
STU106464,23,Male,CSE,2,68.1,52.2,76.7,68.4,14,12.5,76.5,34,16.0,34,67.1,7.07,2,3,9.0,No,61.3,53.2,Average,Medium
STU106465,22,Male,CSE,5,66.1,61.3,69.2,51.4,9,14.6,47.2,29,10.0,28,59.3,6.34,2,5,5.0,No,69.3,59.0,Average,Medium
STU106466,18,Male,CSE,3,64.4,65.6,63.3,58.6,11,8.0,61.7,25,16.0,11,79.7,4.85,3,4,5.0,Yes,60.2,48.6,Poor,High
STU106467,24,Female,AI&DS,2,90.5,78.4,83.8,61.8,16,16.0,83.0,28,23.0,34,75.6,6.45,1,0,12.0,No,70.0,75.2,Good,Low
STU106468,22,Female,IT,4,79.9,65.2,73.7,68.0,13,11.7,75.9,27,19.0,47,73.2,6.97,1,2,11.0,No,74.7,68.6,Good,Low
STU106469,21,Female,MECH,8,,85.9,81.8,87.7,14,22.4,84.0,38,,63,69.8,8.1,1,1,15.0,Yes,75.8,74.0,Good,Low
STU106470,22,Female,IT,3,88.6,77.7,73.7,57.4,18,16.0,90.5,38,23.0,51,100.0,7.76,1,4,15.0,No,89.5,67.4,Good,Low
STU106471,18,Male,MECH,2,74.1,75.6,69.7,58.8,12,20.7,82.6,32,19.0,51,80.2,8.3,0,2,15.0,No,67.2,71.3,Good,Low
STU106472,19,Male,CSE,3,93.3,76.5,86.3,68.5,16,13.0,75.8,33,21.0,47,77.4,7.35,1,0,10.0,No,79.2,80.9,Excellent,Low
STU106473,23,Female,MECH,6,62.3,59.2,75.0,71.7,11,10.9,66.2,13,17.0,34,68.0,6.98,1,4,4.0,Yes,72.4,62.1,Average,Medium
STU106474,22,Male,EEE,8,62.2,56.7,58.0,51.4,10,15.5,48.9,25,16.0,21,58.2,5.96,3,3,8.0,Yes,46.8,50.1,Average,Medium
STU106475,20,Female,IT,8,65.7,41.7,58.2,50.2,13,5.7,72.6,21,13.0,24,70.3,4.62,1,6,13.0,No,38.7,41.5,Poor,High
STU106476,21,Male,EEE,7,65.5,54.9,77.9,42.5,12,12.1,58.5,29,18.0,29,69.6,5.27,1,2,11.0,Yes,45.5,47.7,Poor,High
STU106477,22,Female,AI&DS,5,65.1,54.0,73.7,60.5,19,16.2,62.2,29,17.0,35,57.3,7.1,0,0,11.0,No,67.4,56.2,Average,Medium
STU106478,21,Other,MECH,7,52.2,41.1,33.3,26.0,7,1.2,37.3,13,14.0,14,40.8,5.2,1,4,3.0,No,38.1,31.8,Poor,High
STU106479,21,Male,MECH,2,71.8,57.8,75.8,60.4,9,12.0,60.5,26,17.0,38,44.0,4.95,1,3,11.0,No,61.6,63.4,Average,Medium
STU106480,21,Male,ECE,8,82.4,66.1,82.9,60.0,18,8.3,78.8,40,17.0,38,78.0,6.36,2,2,12.0,No,77.7,67.7,Good,Low
STU106481,19,Female,CSE,7,67.1,64.7,65.3,76.1,14,13.0,77.1,29,15.0,56,77.9,5.92,1,4,13.0,Yes,59.0,63.5,Average,Medium
STU106482,21,Male,ECE,3,77.2,64.9,70.3,50.9,8,18.8,52.3,20,12.0,19,65.1,5.67,1,3,6.0,No,65.6,57.4,Average,Medium
STU106483,22,Female,CIVIL,4,80.5,78.0,67.2,39.9,10,5.2,70.0,21,14.0,36,,5.64,2,4,6.0,Yes,74.7,50.5,Average,Medium
STU106484,22,Female,AI&DS,8,85.8,86.4,89.5,78.3,17,17.7,78.6,30,17.0,32,42.6,8.76,1,2,11.0,Yes,92.0,75.8,Good,Low
STU106485,22,Male,MECH,5,68.5,51.5,63.6,64.3,14,12.3,72.4,25,15.0,42,67.1,6.35,0,4,10.0,No,72.3,69.5,Good,Low
STU106486,21,Male,AI&DS,8,63.9,53.8,49.2,60.0,7,7.4,44.4,15,9.0,24,47.4,,2,1,9.0,Yes,56.8,36.8,Poor,High
STU106487,22,Male,AI&DS,4,74.8,62.3,69.8,54.2,15,8.0,56.1,27,20.0,37,62.9,6.19,1,3,10.0,Yes,66.2,58.8,Average,Medium
STU106488,23,Male,AI&DS,6,81.7,49.7,60.3,71.8,14,16.2,72.1,23,11.0,48,65.9,7.83,0,4,11.0,No,71.5,63.3,Average,Medium
STU106489,20,Male,CSE,2,80.1,62.4,71.6,37.6,11,11.6,51.0,17,16.0,27,42.6,6.6,0,4,11.0,No,61.4,63.0,Average,Medium
STU106490,21,Male,AI&DS,8,,72.0,72.6,67.9,10,5.8,80.0,32,19.0,53,83.4,6.88,2,3,13.0,No,67.0,62.0,Average,Medium
STU106491,22,Male,MECH,7,66.5,62.4,52.3,54.2,8,11.1,63.3,17,10.0,45,35.7,8.24,1,1,11.0,No,56.1,43.6,Poor,High
STU106492,22,Female,ECE,7,81.4,72.5,73.5,52.0,12,11.6,72.1,33,20.0,41,61.8,6.05,0,2,10.0,No,60.1,60.1,Average,Medium
STU106493,21,Male,AI&DS,7,69.0,61.5,60.8,54.9,10,5.2,58.4,17,17.0,38,46.6,5.57,2,2,9.0,No,62.3,50.1,Average,Medium
STU106494,19,Male,MECH,4,69.3,64.2,60.3,73.3,11,12.8,46.3,17,11.0,12,52.1,6.37,2,4,2.0,No,51.3,55.1,Average,Medium
STU106495,24,Male,ECE,2,80.8,74.3,69.2,65.3,12,15.6,92.1,29,20.0,44,71.5,5.85,2,3,11.0,No,71.5,71.9,Good,Low
STU106496,21,Female,ECE,4,75.2,37.0,47.8,28.5,8,8.1,52.4,21,12.0,25,66.5,4.11,1,5,8.0,Yes,49.7,49.7,Poor,High
STU106497,21,Male,CIVIL,6,73.1,74.4,77.1,37.0,8,20.4,68.2,31,15.0,36,50.0,7.02,1,1,10.0,No,75.3,57.4,Average,Medium
STU106498,21,Male,AI&DS,6,,81.4,81.5,74.8,13,12.2,61.5,20,17.0,41,59.8,6.92,1,1,10.0,No,76.7,68.5,Good,Low
STU106499,23,Female,EEE,8,63.4,73.5,70.5,75.3,14,13.6,70.8,17,9.0,22,59.8,7.05,0,2,9.0,Yes,58.0,56.9,Average,Medium
STU106500,20,Female,CSE,5,85.4,87.9,86.5,95.5,18,17.6,80.1,38,22.0,61,89.8,7.92,1,1,20.0,Yes,95.4,83.1,Excellent,Low
STU106501,24,Female,AI&DS,4,83.3,71.8,100.0,71.9,14,20.3,58.3,26,17.0,50,56.4,7.49,1,2,10.0,Yes,79.1,69.9,Good,Low
STU106502,18,Female,AI&DS,4,75.2,82.9,71.6,64.8,11,18.4,43.7,38,15.0,44,61.1,8.25,2,4,7.0,No,66.0,58.2,Average,Medium
STU106503,18,Male,IT,8,88.4,88.5,73.5,89.8,16,16.7,84.1,27,21.0,57,61.4,7.67,0,2,20.0,No,88.7,79.7,Good,Low
STU106504,21,Male,CSE,2,77.4,66.9,67.6,66.7,11,18.5,54.7,19,13.0,39,78.5,,1,2,12.0,No,82.8,72.0,Good,Low
STU106505,24,Male,MECH,6,75.1,74.0,74.5,76.6,9,11.2,56.8,35,8.0,11,69.0,7.13,2,3,11.0,No,63.7,50.5,Average,Medium
STU106506,18,Female,MECH,2,74.6,71.3,75.9,76.7,16,18.8,85.6,34,15.0,31,86.6,7.46,0,2,15.0,No,88.5,70.0,Good,Low
STU106507,22,Female,AI&DS,5,69.2,54.1,63.4,62.7,12,14.9,78.6,27,21.0,48,62.0,5.47,2,0,9.0,Yes,64.4,62.7,Average,Medium
STU106508,20,Female,AI&DS,2,69.7,73.0,75.7,58.6,11,14.6,53.7,16,15.0,39,59.2,6.72,0,1,9.0,No,59.4,74.0,Good,Low
STU106509,18,Male,CSE,3,69.5,42.9,38.4,43.8,9,9.4,54.2,20,13.0,33,62.5,5.13,0,2,9.0,Yes,53.9,55.0,Average,Medium
STU106510,20,Female,AI&DS,4,66.7,67.7,52.6,62.2,6,10.8,40.4,22,8.0,36,53.0,6.84,1,3,9.0,No,59.2,65.6,Good,Low
STU106511,22,Female,IT,4,74.3,51.9,76.3,30.7,14,14.9,64.7,15,10.0,30,69.7,5.39,2,3,9.0,Yes,70.6,56.1,Average,Medium
STU106512,22,Male,CSE,2,61.7,41.6,57.0,50.3,9,12.7,46.5,24,13.0,30,66.8,5.51,1,5,9.0,No,51.5,50.2,Average,Medium
STU106513,23,Male,ECE,7,,66.9,53.8,65.2,10,13.9,50.3,15,17.0,37,43.4,8.19,0,4,14.0,Yes,69.6,59.5,Average,Medium
STU106514,24,Male,AI&DS,3,70.4,64.8,58.4,51.5,14,15.1,56.5,28,11.0,27,67.7,7.23,1,2,10.0,No,57.6,48.9,Poor,High
STU106515,18,Male,MECH,6,69.7,39.8,62.2,40.7,8,9.1,49.8,6,11.0,19,36.2,5.16,2,2,11.0,Yes,46.3,36.3,Poor,High
STU106516,24,Female,AI&DS,8,66.4,39.2,84.6,56.4,10,13.4,57.6,26,18.0,32,50.6,5.54,2,4,10.0,No,44.1,43.3,Poor,High
STU106517,18,Male,AI&DS,3,69.9,54.1,54.9,50.4,8,7.7,77.6,28,14.0,26,59.5,5.85,0,2,12.0,Yes,44.7,60.8,Average,Medium
STU106518,24,Female,CSE,5,70.2,50.1,63.4,47.1,8,10.4,48.2,12,15.0,33,53.7,5.79,2,4,8.0,Yes,55.6,49.8,Poor,High
STU106519,23,Male,IT,6,74.2,75.4,75.7,57.4,12,13.1,46.1,27,13.0,26,42.2,6.83,2,4,10.0,No,63.1,55.7,Average,Medium
STU106520,24,Male,ECE,8,66.3,61.3,73.4,59.1,9,21.7,56.7,24,17.0,30,75.9,6.41,1,2,8.0,No,64.3,61.5,Average,Medium
STU106521,18,Female,CSE,4,87.8,74.3,86.9,92.9,20,20.1,93.5,33,30.0,49,77.4,7.6,1,0,14.0,No,85.2,88.9,Excellent,Low
STU106522,18,Female,MECH,3,86.4,81.3,77.2,57.7,11,19.1,68.2,19,18.0,22,37.3,6.49,2,2,11.0,No,69.7,62.2,Average,Medium
STU106523,24,Female,CIVIL,2,83.0,65.6,77.5,64.6,13,17.4,68.3,27,17.0,41,62.9,7.65,0,1,14.0,No,75.4,78.5,Good,Low
STU106524,19,Female,ECE,4,70.5,55.2,72.9,74.6,12,13.5,64.0,26,14.0,36,52.6,7.94,1,3,12.0,No,70.8,54.5,Average,Medium
STU106525,20,Female,IT,7,80.3,57.7,76.0,54.5,9,22.1,64.5,28,19.0,41,63.3,7.19,0,4,13.0,Yes,66.1,62.4,Average,Medium
STU106526,20,Male,AI&DS,6,82.8,77.2,89.0,77.8,12,20.5,73.9,27,19.0,39,70.3,7.68,0,0,7.0,No,81.9,75.9,Good,Low
STU106527,19,Female,CIVIL,3,81.9,89.3,76.3,63.5,16,15.3,78.6,37,23.0,34,65.7,6.4,0,0,14.0,No,,70.7,Good,Low
STU106528,18,Male,CIVIL,8,70.2,70.2,79.9,64.4,13,14.1,59.4,30,19.0,36,68.8,6.62,1,1,14.0,Yes,65.1,63.3,Average,Medium
STU106529,18,Female,ECE,6,98.3,71.9,86.3,83.2,15,18.6,74.3,34,25.0,37,91.4,,2,2,8.0,Yes,78.4,73.3,Good,Low
STU106530,23,Female,EEE,6,63.8,34.8,66.9,25.3,9,5.4,47.3,13,10.0,30,74.0,4.61,2,4,8.0,Yes,36.7,43.1,Poor,High
STU106531,18,Male,CSE,2,70.9,64.2,58.5,65.2,14,11.4,56.9,23,15.0,47,64.9,5.75,1,5,11.0,Yes,59.2,50.8,Average,Medium
STU106532,24,Female,CSE,8,79.9,49.1,87.0,68.2,17,8.5,64.0,32,17.0,45,78.3,6.39,2,3,14.0,Yes,68.6,57.0,Average,Medium
STU106533,19,Female,ECE,2,100.0,63.4,92.3,72.4,16,10.2,87.2,39,25.0,57,75.8,7.84,0,1,13.0,No,75.5,67.7,Good,Low
STU106534,22,Male,IT,2,88.6,79.6,89.6,91.2,15,23.4,82.4,42,21.0,56,81.0,8.01,0,0,17.0,No,77.7,94.2,Excellent,Low
STU106535,19,Female,CSE,6,69.5,58.1,69.1,45.6,17,8.3,70.0,29,14.0,34,76.0,5.44,2,3,11.0,Yes,64.0,41.6,Poor,High
STU106536,24,Female,ECE,4,92.2,87.8,84.8,71.8,16,17.4,86.6,33,19.0,36,67.1,7.36,0,1,12.0,Yes,84.0,74.3,Good,Low
STU106537,18,Male,CSE,8,72.4,53.1,54.7,55.7,11,9.4,65.5,28,12.0,29,51.2,6.69,3,3,9.0,Yes,55.6,56.4,Average,Medium
STU106538,23,Female,AI&DS,8,,64.2,68.0,60.3,11,13.3,69.0,24,18.0,37,62.1,5.44,1,2,9.0,No,53.0,59.2,Average,Medium
STU106539,24,Female,AI&DS,5,86.3,63.6,67.3,36.2,19,16.7,66.3,39,20.0,37,72.0,6.36,1,2,14.0,Yes,61.9,63.1,Average,Medium
STU106540,21,Male,IT,5,46.2,53.7,54.8,35.1,7,14.0,54.0,21,15.0,29,42.0,6.08,2,4,6.0,Yes,43.7,34.8,Poor,High
STU106541,21,Male,CSE,3,78.8,49.3,62.0,32.9,11,11.4,57.8,26,19.0,22,60.6,6.21,2,5,9.0,No,49.7,38.2,Poor,High
STU106542,19,Female,CSE,3,66.9,71.4,71.1,70.3,13,13.7,71.3,25,20.0,30,52.3,6.97,0,2,10.0,No,63.7,63.6,Average,Medium
STU106543,24,Female,CSE,2,66.6,100.0,71.4,69.8,14,19.3,60.2,32,16.0,52,46.7,6.69,0,3,11.0,No,78.9,76.0,Good,Low
STU106544,24,Female,ECE,3,65.4,71.9,77.7,53.1,11,15.3,75.2,28,17.0,46,61.9,8.01,1,2,9.0,No,82.4,52.6,Average,Medium
STU106545,21,Female,ECE,5,73.9,63.6,75.7,73.6,12,16.5,61.5,19,21.0,37,60.8,5.58,0,1,12.0,No,67.5,65.6,Good,Low
STU106546,22,Female,CSE,7,71.3,75.6,48.7,60.8,9,7.5,41.3,26,17.0,19,51.1,5.65,2,3,10.0,Yes,62.3,48.2,Poor,High
STU106547,23,Male,AI&DS,2,82.4,67.6,71.7,58.7,11,17.2,86.2,33,13.0,39,73.5,6.38,1,5,15.0,No,69.3,63.9,Average,Medium
STU106548,20,Male,AI&DS,3,85.2,66.5,87.0,82.2,14,14.9,75.7,33,22.0,46,75.9,7.99,1,3,14.0,No,72.8,71.4,Good,Low
STU106549,18,Female,CSE,4,68.9,50.5,58.7,29.7,11,1.0,43.9,20,11.0,7,37.8,5.13,2,2,8.0,Yes,53.5,40.3,Poor,High
STU106550,18,Male,CIVIL,5,66.9,56.2,59.7,64.0,17,6.2,64.8,26,19.0,44,72.3,4.94,1,4,10.0,Yes,58.5,48.7,Poor,High
STU106551,24,Other,CIVIL,4,68.5,39.7,54.2,70.8,10,13.3,55.5,19,11.0,37,65.6,6.47,1,0,9.0,No,65.0,62.4,Average,Medium
STU106552,23,Male,AI&DS,3,56.1,49.9,74.0,63.0,11,17.6,54.6,21,13.0,13,51.6,5.29,2,2,9.0,No,59.3,59.4,Average,Medium
STU106553,18,Male,EEE,7,70.8,56.1,74.7,61.4,11,12.2,60.4,24,19.0,32,60.6,5.58,2,4,12.0,No,58.4,50.5,Average,Medium
STU106554,23,Female,AI&DS,3,65.8,61.0,69.2,59.6,9,13.6,65.0,27,20.0,49,85.0,5.91,2,1,8.0,Yes,59.3,61.1,Average,Medium
STU106555,24,Male,CSE,2,70.0,59.1,70.5,67.2,16,14.8,74.8,26,22.0,45,84.3,6.34,2,1,11.0,No,59.9,59.2,Average,Medium
STU106556,21,Male,EEE,4,76.6,69.2,68.9,75.6,12,11.2,52.8,15,20.0,50,76.7,7.77,1,6,10.0,No,70.3,61.4,Average,Medium
STU106557,21,Female,MECH,8,58.7,77.6,73.6,62.4,13,13.4,60.0,17,18.0,39,62.5,7.62,1,4,11.0,Yes,71.7,63.1,Average,Medium
STU106558,24,Female,AI&DS,2,69.8,73.9,76.1,,17,12.4,79.7,29,26.0,49,71.3,7.3,1,4,15.0,Yes,74.2,66.1,Good,Low
STU106559,24,Male,AI&DS,2,57.1,71.4,53.5,49.1,12,18.0,63.6,28,16.0,29,64.2,4.3,2,5,13.0,Yes,65.2,38.6,Poor,High
STU106560,20,Male,AI&DS,6,72.0,58.7,46.5,46.8,10,12.3,57.7,8,20.0,18,44.2,6.3,1,3,5.0,No,47.0,54.9,Average,Medium
STU106561,21,Female,AI&DS,6,84.0,46.7,62.0,61.0,8,15.5,54.1,25,13.0,23,44.6,6.53,0,4,11.0,Yes,57.5,59.4,Average,Medium
STU106562,24,Male,ECE,3,60.8,25.9,49.2,31.6,7,5.9,44.5,9,15.0,25,33.4,5.72,2,3,3.0,Yes,37.1,17.3,Poor,High
STU106563,24,Male,MECH,6,78.2,73.4,58.1,42.9,7,10.4,58.2,17,9.0,26,55.8,8.53,0,2,9.0,Yes,66.9,63.8,Average,Medium
STU106564,22,Male,CSE,7,60.8,57.9,76.2,52.2,10,13.7,51.0,23,13.0,26,55.6,6.48,3,4,10.0,No,66.6,52.2,Average,Medium
STU106565,22,Female,MECH,6,85.9,86.7,61.9,94.3,16,16.9,70.8,29,20.0,59,65.9,7.57,1,4,13.0,No,88.6,73.9,Good,Low
STU106566,23,Male,IT,5,73.8,73.2,70.5,51.8,16,18.1,78.1,35,12.0,63,71.6,6.72,1,2,15.0,No,80.7,58.5,Average,Medium
STU106567,20,Female,CSE,5,92.5,63.6,100.0,81.1,16,14.6,61.8,19,20.0,49,77.8,7.52,0,2,11.0,No,72.4,72.7,Good,Low
STU106568,24,Male,ECE,4,67.5,48.3,57.5,48.0,11,9.9,59.4,34,22.0,17,72.4,4.81,3,2,12.0,No,58.4,43.4,Poor,High
STU106569,20,Female,AI&DS,2,48.0,59.9,56.6,47.2,9,6.5,50.6,23,16.0,27,31.6,5.32,0,4,2.0,No,52.7,39.0,Poor,High
STU106570,23,Female,EEE,6,69.4,45.2,83.5,41.0,13,9.4,58.0,22,12.0,23,67.2,5.66,0,0,9.0,Yes,61.1,48.0,Poor,High
STU106571,23,Male,IT,7,71.1,68.0,65.8,56.3,13,6.3,75.5,31,13.0,28,78.8,5.79,1,3,12.0,No,64.3,48.9,Poor,High
STU106572,20,Female,IT,4,70.4,73.1,84.0,71.1,16,16.0,90.4,38,16.0,58,77.4,7.37,0,0,13.0,Yes,78.0,74.6,Good,Low
STU106573,23,Male,ECE,7,89.3,77.4,79.8,81.6,19,22.2,80.9,45,19.0,38,82.9,8.75,1,3,10.0,Yes,90.3,72.8,Good,Low
STU106574,24,Female,MECH,2,52.3,38.1,50.1,64.3,10,6.7,33.8,20,10.0,14,55.5,7.68,1,3,7.0,Yes,39.9,45.3,Poor,High
STU106575,21,Female,ECE,2,66.0,71.5,45.8,59.3,11,7.4,60.5,24,18.0,36,54.2,5.85,0,4,15.0,No,70.2,55.0,Average,Medium
STU106576,21,Male,CIVIL,4,72.6,63.6,78.3,57.5,14,13.5,69.9,32,24.0,35,79.9,5.91,1,2,14.0,No,68.8,67.9,Good,Low
STU106577,21,Female,IT,4,88.7,74.7,86.1,69.9,13,15.5,90.9,24,25.0,36,61.2,7.92,1,1,12.0,No,69.7,75.3,Good,Low
STU106578,18,Female,MECH,5,70.7,40.6,75.6,33.9,7,11.1,42.7,23,15.0,10,55.6,4.29,3,3,4.0,No,45.5,45.8,Poor,High
STU106579,21,Male,CSE,2,51.4,40.0,43.1,38.2,4,2.6,46.8,18,3.0,12,61.6,4.54,1,4,3.0,No,45.2,33.0,Poor,High
STU106580,22,Male,AI&DS,2,85.8,74.7,93.0,57.5,13,8.2,77.7,30,16.0,35,74.7,7.41,2,0,9.0,No,74.4,62.2,Average,Medium
STU106581,21,Female,CIVIL,7,64.2,44.5,56.0,46.8,6,6.6,35.6,17,5.0,19,,5.29,3,2,7.0,Yes,42.0,42.6,Poor,High
STU106582,21,Male,CSE,7,62.6,62.2,58.6,64.2,12,16.7,56.0,12,23.0,24,88.3,6.17,1,2,11.0,No,71.3,53.9,Average,Medium
STU106583,21,Female,ECE,7,76.3,75.1,77.3,60.3,12,13.8,79.2,23,17.0,27,79.2,6.7,0,1,14.0,Yes,,75.9,Good,Low
STU106584,21,Male,EEE,4,87.0,75.1,80.6,53.1,15,16.4,85.9,17,18.0,33,67.7,8.16,0,0,13.0,Yes,73.0,55.4,Average,Medium
STU106585,24,Female,CIVIL,6,77.8,67.0,60.5,50.9,11,12.7,56.5,28,19.0,25,67.2,6.33,1,3,9.0,No,51.9,53.0,Average,Medium
STU106586,20,Male,CIVIL,3,63.9,52.8,59.1,53.2,8,13.7,42.7,16,,27,47.5,7.07,1,3,5.0,No,67.0,43.1,Poor,High
STU106587,19,Male,CSE,8,75.7,72.4,74.5,77.7,17,15.6,73.0,27,21.0,41,68.5,7.6,1,2,7.0,No,77.0,61.6,Average,Medium
STU106588,18,Female,MECH,2,80.3,56.1,67.9,33.9,9,13.5,65.2,22,13.0,30,69.0,7.9,1,2,9.0,No,49.2,63.9,Average,Medium
STU106589,24,Female,CIVIL,6,52.6,49.9,55.5,54.5,16,15.2,48.0,29,16.0,40,49.5,5.42,2,3,6.0,Yes,56.1,51.0,Average,Medium
STU106590,19,Male,CSE,2,100.0,71.4,85.0,70.3,13,18.7,83.6,32,15.0,57,69.9,6.54,1,1,19.0,No,83.2,81.4,Excellent,Low
STU106591,20,Female,ECE,7,76.3,72.9,78.1,74.5,15,13.0,72.4,33,30.0,33,69.4,6.46,0,0,17.0,No,,78.9,Good,Low
STU106592,23,Male,EEE,3,83.4,88.3,81.0,86.0,14,16.9,88.1,31,25.0,53,83.5,7.41,0,0,12.0,No,93.0,84.7,Excellent,Low
STU106593,19,Male,AI&DS,2,84.6,84.5,65.3,77.6,13,14.0,73.0,24,20.0,26,79.3,8.28,0,3,11.0,No,92.7,78.8,Good,Low
STU106594,19,Female,AI&DS,4,91.7,68.4,92.2,67.0,6,14.4,50.5,24,15.0,37,49.0,7.7,2,4,4.0,No,74.4,56.9,Average,Medium
STU106595,22,Female,CSE,8,62.6,42.1,65.8,60.4,13,9.5,56.5,21,15.0,41,59.3,5.42,1,2,10.0,No,55.3,51.5,Average,Medium
STU106596,22,Male,CIVIL,3,79.8,55.5,71.7,35.5,8,11.0,49.9,21,12.0,30,53.1,6.01,2,4,8.0,Yes,43.9,51.7,Average,Medium
STU106597,19,Female,AI&DS,3,84.6,75.9,78.8,56.9,16,11.3,82.2,24,20.0,35,69.9,5.2,2,1,14.0,No,71.7,50.6,Average,Medium
STU106598,21,Female,ECE,5,63.9,71.7,60.6,57.3,12,13.5,38.6,11,12.0,35,35.2,6.38,0,4,8.0,Yes,60.7,58.9,Average,Medium
STU106599,22,Male,ECE,8,76.0,56.9,67.5,45.4,10,5.8,71.0,25,15.0,24,63.2,6.15,3,3,10.0,Yes,61.0,48.6,Poor,High
STU106600,19,Female,CSE,3,71.8,67.7,56.3,61.6,11,10.2,57.9,16,14.0,41,61.0,8.76,1,1,8.0,No,58.3,50.7,Average,Medium
STU106601,21,Male,ECE,4,90.3,74.5,77.9,63.0,11,17.8,78.3,27,17.0,33,68.5,5.5,1,2,11.0,No,78.3,83.8,Excellent,Low
STU106602,19,Female,CSE,8,75.4,69.9,68.4,63.9,14,18.6,53.8,28,17.0,39,66.3,5.94,2,3,8.0,Yes,73.4,62.9,Average,Medium
STU106603,24,Female,AI&DS,6,72.0,64.5,86.3,67.7,15,16.1,78.1,31,21.0,43,72.4,7.52,2,2,12.0,Yes,64.2,63.9,Average,Medium
STU106604,20,Male,AI&DS,5,61.8,59.6,78.1,61.3,9,10.4,63.4,23,16.0,21,60.3,7.09,1,0,11.0,Yes,65.4,63.4,Average,Medium
STU106605,23,Male,ECE,4,76.0,74.1,94.1,72.4,18,12.7,78.3,33,20.0,41,95.2,6.84,0,1,12.0,No,69.3,73.6,Good,Low
STU106606,24,Male,ECE,7,56.2,57.4,68.0,46.3,8,7.5,50.0,12,10.0,28,49.5,5.47,2,3,10.0,Yes,39.4,38.6,Poor,High
STU106607,19,Male,CSE,8,75.3,69.4,62.5,71.8,12,17.1,67.0,35,18.0,46,72.6,6.21,0,2,10.0,No,62.1,58.0,Average,Medium
STU106608,24,Female,AI&DS,4,78.6,48.1,84.0,71.9,15,15.0,50.9,25,17.0,37,62.3,6.58,0,3,11.0,Yes,62.7,62.7,Average,Medium
STU106609,18,Female,CSE,8,89.5,77.9,79.6,70.7,16,11.6,86.2,34,14.0,51,62.8,8.07,0,1,10.0,No,78.8,80.0,Excellent,Low
STU106610,20,Female,AI&DS,3,61.0,59.4,72.4,49.2,9,13.5,52.0,26,14.0,23,59.1,6.61,1,2,8.0,No,58.0,54.3,Average,Medium
STU106611,19,Female,CSE,7,58.5,43.6,47.6,44.8,9,10.7,38.6,5,12.0,34,37.0,4.0,2,4,4.0,Yes,46.4,33.6,Poor,High
STU106612,18,Male,CSE,5,78.6,53.5,69.2,65.8,13,15.0,66.7,21,19.0,27,56.4,5.03,0,1,11.0,No,68.5,52.6,Average,Medium
STU106613,21,Female,ECE,3,50.7,66.3,48.4,42.5,9,17.0,58.3,22,15.0,29,45.9,6.97,0,0,9.0,Yes,52.5,47.5,Poor,High
STU106614,22,Male,IT,4,71.4,62.8,68.5,57.3,9,15.1,42.7,31,12.0,20,49.3,5.73,1,3,14.0,No,53.4,58.8,Average,Medium
STU106615,22,Male,CSE,4,100.0,76.5,82.2,77.0,16,14.0,66.1,37,23.0,49,100.0,8.33,0,1,12.0,No,80.6,88.0,Excellent,Low
STU106616,20,Male,MECH,6,79.9,62.5,66.8,56.0,9,11.9,76.2,31,22.0,42,82.3,7.6,0,1,10.0,No,59.4,63.0,Average,Medium
STU106617,23,Female,CSE,7,74.2,62.7,78.4,52.5,8,18.9,49.9,18,9.0,53,65.1,6.34,1,3,9.0,No,53.4,57.2,Average,Medium
STU106618,21,Female,AI&DS,8,77.4,54.3,76.9,59.1,11,12.6,77.2,39,21.0,36,86.2,6.5,0,3,14.0,No,62.6,62.9,Average,Medium
STU106619,21,Male,ECE,2,74.2,68.7,61.4,78.2,13,9.2,50.7,29,14.0,17,68.1,8.19,0,2,10.0,No,77.2,61.1,Average,Medium
STU106620,21,Female,CSE,3,79.2,54.5,64.3,40.5,11,13.2,71.4,5,18.0,40,42.6,7.72,1,5,11.0,Yes,52.4,57.6,Average,Medium
STU106621,19,Female,EEE,7,60.5,67.0,72.3,58.9,10,14.7,60.9,18,13.0,31,61.5,6.89,2,2,6.0,Yes,52.9,48.0,Poor,High
STU106622,22,Female,CSE,2,73.6,57.3,59.7,40.5,8,9.6,47.7,16,12.0,38,36.1,5.72,3,6,8.0,Yes,56.3,48.0,Poor,High
STU106623,23,Male,CIVIL,4,82.7,93.2,82.7,83.5,12,18.6,79.5,21,13.0,30,81.2,7.04,1,3,12.0,No,93.6,77.8,Good,Low
STU106624,20,Male,EEE,7,99.7,58.3,80.3,66.4,15,13.5,82.2,33,18.0,60,81.4,5.57,2,1,9.0,Yes,70.3,70.2,Good,Low
STU106625,21,Male,MECH,5,84.6,57.1,77.4,60.9,12,10.9,69.8,32,15.0,25,54.5,5.72,3,0,8.0,Yes,66.6,60.0,Average,Medium
STU106626,24,Female,CSE,2,72.9,71.2,70.2,61.7,10,6.6,76.1,27,20.0,38,72.2,7.18,1,1,11.0,No,56.3,67.5,Good,Low
STU106627,19,Female,AI&DS,3,76.8,70.8,72.4,48.9,12,11.1,58.8,21,20.0,36,52.0,7.32,0,3,12.0,No,72.6,59.0,Average,Medium
STU106628,20,Male,MECH,7,79.2,61.7,75.5,57.4,16,18.1,96.0,35,21.0,35,78.1,6.89,1,2,13.0,No,68.7,65.7,Good,Low
STU106629,19,Male,ECE,4,69.3,48.6,54.9,64.9,8,1.0,58.9,16,8.0,18,42.4,6.33,1,2,6.0,Yes,63.8,52.3,Average,Medium
STU106630,20,Female,EEE,7,59.1,60.8,43.0,54.2,12,9.3,61.2,17,11.0,6,41.8,6.37,2,4,1.0,Yes,55.7,47.0,Poor,High
STU106631,21,Female,ECE,6,81.5,69.4,65.8,85.5,16,12.8,58.5,27,22.0,53,97.3,6.71,0,2,11.0,No,80.3,72.6,Good,Low
STU106632,24,Male,MECH,7,81.8,61.3,67.8,70.8,15,15.8,69.5,34,18.0,31,75.4,6.88,1,0,7.0,No,69.6,59.7,Average,Medium
STU106633,18,Female,EEE,6,60.9,66.6,54.5,50.2,13,4.8,65.2,16,15.0,10,67.7,6.93,1,2,10.0,Yes,65.1,57.5,Average,Medium
STU106634,20,Other,AI&DS,2,70.6,69.1,62.9,34.8,9,7.4,55.5,17,15.0,25,53.5,5.62,2,3,8.0,Yes,44.4,46.5,Poor,High
STU106635,24,Female,IT,2,52.8,52.9,55.9,71.8,13,9.6,62.6,29,19.0,42,59.9,6.74,1,5,11.0,No,56.3,50.5,Average,Medium
STU106636,18,Male,MECH,3,75.1,68.3,66.6,67.8,9,14.8,66.2,33,15.0,38,76.5,5.09,0,2,11.0,Yes,68.4,73.5,Good,Low
STU106637,21,Female,CSE,3,79.2,62.9,80.0,54.2,9,12.9,67.9,19,10.0,43,50.6,6.23,1,2,7.0,No,63.3,59.8,Average,Medium
STU106638,19,Female,CSE,5,74.0,69.5,67.6,50.5,14,7.9,79.8,25,18.0,43,63.7,6.7,0,4,12.0,No,61.9,72.8,Good,Low
STU106639,21,Female,MECH,5,79.4,81.3,82.9,64.1,12,14.1,75.9,27,16.0,42,74.0,7.41,0,0,13.0,No,76.6,74.6,Good,Low
STU106640,23,Male,EEE,4,79.8,84.2,72.2,71.8,18,13.6,85.1,29,26.0,47,83.8,8.17,2,4,13.0,No,87.1,72.6,Good,Low
STU106641,22,Male,IT,5,91.3,66.8,85.5,76.6,18,17.0,82.1,32,23.0,64,78.8,7.04,0,0,15.0,No,73.0,85.3,Excellent,Low
STU106642,21,Male,MECH,7,69.9,49.1,80.7,48.9,13,12.2,83.6,21,16.0,27,61.7,8.17,1,0,8.0,Yes,69.2,53.2,Average,Medium
STU106643,23,Male,CSE,4,69.4,55.5,62.8,59.9,9,16.4,51.8,13,11.0,20,35.1,6.09,2,3,7.0,No,60.2,50.1,Average,Medium
STU106644,21,Female,CSE,5,92.8,57.5,77.7,60.0,14,10.3,91.0,30,21.0,44,82.6,6.21,2,0,14.0,No,71.6,59.8,Average,Medium
STU106645,22,Male,ECE,8,52.4,33.4,56.0,58.2,9,8.7,,18,13.0,27,42.2,6.06,1,6,6.0,Yes,50.5,50.9,Average,Medium
STU106646,18,Female,ECE,5,86.3,77.3,89.2,65.4,16,13.9,78.0,33,27.0,27,72.1,5.65,1,0,11.0,No,59.2,69.2,Good,Low
STU106647,18,Female,IT,2,71.1,53.6,71.1,31.1,13,11.3,45.0,22,11.0,30,33.7,5.93,2,1,5.0,Yes,54.7,53.2,Average,Medium
STU106648,19,Female,MECH,3,79.2,65.4,82.4,62.3,12,16.7,73.5,24,19.0,49,69.4,6.17,1,2,11.0,No,66.5,71.2,Good,Low
STU106649,21,Male,IT,3,58.9,48.0,54.1,47.8,8,8.4,44.9,22,22.0,32,71.1,6.45,2,6,7.0,No,,32.6,Poor,High
STU106650,20,Male,MECH,5,61.2,47.1,72.9,47.9,10,8.0,54.3,17,15.0,21,63.2,4.97,3,5,4.0,Yes,49.3,44.8,Poor,High
STU106651,20,Male,MECH,4,83.6,83.7,83.9,55.0,15,17.4,62.4,30,20.0,44,82.3,6.66,1,2,12.0,No,72.4,72.6,Good,Low
STU106652,21,Female,EEE,4,53.2,54.7,53.8,34.4,10,6.7,56.9,20,10.0,26,45.5,6.9,2,2,3.0,Yes,54.4,41.2,Poor,High
STU106653,24,Male,EEE,7,59.9,69.3,55.0,55.7,10,11.6,49.0,22,12.0,48,71.1,,0,1,4.0,No,60.3,43.5,Poor,High
STU106654,20,Male,ECE,5,72.5,57.6,70.0,38.2,11,8.9,56.1,15,11.0,31,47.8,6.65,2,2,8.0,Yes,59.4,49.1,Poor,High
STU106655,21,Male,CIVIL,5,63.8,73.1,64.6,44.3,11,11.3,45.4,25,20.0,18,79.0,7.57,0,0,11.0,Yes,53.7,64.4,Average,Medium
STU106656,21,Female,AI&DS,3,78.5,74.8,67.3,64.1,12,10.7,78.7,33,22.0,56,65.7,8.06,1,0,13.0,Yes,59.7,66.1,Good,Low
STU106657,23,Female,IT,5,79.7,62.8,81.9,58.2,17,10.1,86.0,35,20.0,38,96.7,6.41,3,0,17.0,No,62.8,62.7,Average,Medium
STU106658,23,Other,EEE,6,67.3,67.8,57.6,66.7,9,11.1,48.3,18,18.0,34,58.1,6.71,1,4,9.0,No,75.5,67.9,Good,Low
STU106659,24,Male,ECE,8,66.3,81.1,68.2,66.0,7,14.7,47.1,12,13.0,40,42.9,,1,1,8.0,No,70.0,65.6,Good,Low
STU106660,22,Male,CSE,7,56.4,47.5,76.0,38.7,11,7.1,72.8,11,16.0,43,39.4,4.29,3,5,8.0,No,50.6,41.7,Poor,High
STU106661,24,Female,AI&DS,2,93.1,89.3,89.2,78.9,18,14.7,84.4,41,25.0,55,77.0,8.28,0,1,18.0,No,91.1,73.7,Good,Low
STU106662,22,Male,EEE,2,98.7,83.2,78.4,91.0,15,17.8,82.4,42,19.0,52,84.2,8.63,0,2,10.0,No,83.6,82.1,Excellent,Low
STU106663,21,Male,CSE,7,53.0,37.7,60.7,36.0,1,1.0,24.4,17,9.0,11,32.4,4.0,2,5,9.0,Yes,40.9,26.7,Poor,High
STU106664,21,Female,CSE,3,55.9,59.2,59.4,62.6,9,7.0,49.1,14,13.0,29,35.0,4.66,0,3,4.0,Yes,70.9,50.8,Average,Medium
STU106665,21,Female,AI&DS,2,70.0,57.8,81.0,72.3,13,15.1,82.9,29,24.0,58,71.7,5.95,1,3,11.0,Yes,61.9,63.3,Average,Medium
STU106666,19,Male,AI&DS,6,82.8,70.4,70.6,57.3,14,12.6,57.1,22,11.0,21,80.3,6.2,0,1,12.0,No,78.7,72.0,Good,Low
STU106667,20,Female,IT,8,62.7,58.9,63.4,57.3,5,13.3,41.9,15,11.0,21,64.3,5.47,2,4,9.0,Yes,46.0,49.6,Poor,High
STU106668,22,Male,EEE,6,85.5,65.7,68.1,49.5,14,19.5,69.9,30,15.0,49,37.1,6.67,1,4,8.0,No,73.2,66.9,Good,Low
STU106669,22,Male,ECE,2,69.0,62.4,81.6,62.8,14,13.5,67.0,33,23.0,61,79.6,6.14,1,1,13.0,Yes,77.0,64.4,Average,Medium
STU106670,19,Male,IT,4,69.3,51.9,67.8,38.2,11,13.5,70.7,17,11.0,47,62.5,4.67,2,5,10.0,No,55.8,49.2,Poor,High
STU106671,23,Male,AI&DS,4,81.2,67.2,78.3,49.8,12,14.6,64.4,24,18.0,32,43.4,,1,2,10.0,Yes,80.6,66.0,Good,Low
STU106672,22,Male,IT,4,78.1,63.2,72.3,58.4,10,11.8,58.3,9,13.0,41,57.9,7.11,2,4,10.0,No,69.6,57.3,Average,Medium
STU106673,21,Female,IT,6,52.8,54.1,41.2,44.8,7,6.4,59.3,20,14.0,31,58.4,4.97,2,5,2.0,Yes,40.0,41.7,Poor,High
STU106674,21,Female,MECH,7,75.9,47.9,75.3,40.6,16,7.3,65.7,20,14.0,30,70.3,6.25,3,2,15.0,Yes,56.7,51.1,Average,Medium
STU106675,21,Female,ECE,4,91.7,95.3,93.0,76.8,17,20.3,80.0,32,21.0,57,88.2,8.47,0,1,10.0,No,78.7,79.2,Good,Low
STU106676,22,Female,CIVIL,5,55.5,55.3,58.2,54.6,9,13.6,36.1,17,11.0,17,31.0,5.11,1,4,7.0,No,61.1,57.2,Average,Medium
STU106677,20,Male,AI&DS,5,71.8,67.4,62.4,59.8,14,8.7,66.1,28,17.0,25,75.2,5.43,2,0,13.0,No,66.9,63.4,Average,Medium
STU106678,24,Male,AI&DS,4,61.9,64.9,52.8,55.1,14,8.0,64.6,25,10.0,40,57.4,7.05,1,4,12.0,Yes,56.7,47.4,Poor,High
STU106679,19,Male,CSE,3,86.5,78.7,74.5,64.1,13,13.4,69.6,32,17.0,37,60.0,,0,4,13.0,No,72.8,71.1,Good,Low
STU106680,20,Female,AI&DS,2,87.1,86.6,74.0,73.6,13,15.6,60.4,24,12.0,51,60.1,7.35,0,0,14.0,No,66.1,72.0,Good,Low
STU106681,20,Male,CSE,8,80.3,90.2,67.7,71.9,12,13.9,47.7,24,16.0,37,53.3,6.51,0,3,13.0,No,86.9,58.4,Average,Medium
STU106682,18,Male,CIVIL,6,64.3,48.1,57.5,45.4,10,9.8,61.2,20,15.0,24,60.6,4.49,3,5,9.0,Yes,50.7,38.8,Poor,High
STU106683,18,Female,CSE,7,77.2,39.7,70.7,65.9,12,14.2,61.8,28,13.0,40,52.5,5.94,2,1,7.0,Yes,58.3,51.6,Average,Medium
STU106684,24,Male,ECE,4,57.3,57.8,77.2,60.6,14,9.7,44.5,24,8.0,42,70.9,6.12,2,3,13.0,No,57.9,49.3,Poor,High
STU106685,23,Female,AI&DS,3,67.1,66.3,54.5,64.0,11,10.1,81.5,24,9.0,42,40.8,6.16,0,2,12.0,No,67.9,44.6,Poor,High
STU106686,20,Male,AI&DS,6,62.4,49.9,67.7,39.4,9,9.4,56.6,19,10.0,16,63.2,5.68,1,4,10.0,No,56.7,45.1,Poor,High
STU106687,19,Female,CIVIL,6,75.5,63.9,83.4,71.9,13,15.3,47.6,28,16.0,33,48.5,6.76,0,0,10.0,No,65.9,57.3,Average,Medium
STU106688,20,Female,CIVIL,7,62.6,49.1,62.6,56.8,8,4.6,57.1,19,14.0,23,44.5,5.57,1,5,3.0,Yes,60.9,44.1,Poor,High
STU106689,22,Male,MECH,5,95.2,74.7,88.2,79.8,15,15.7,70.7,36,24.0,53,94.1,8.71,0,0,18.0,No,79.9,85.8,Excellent,Low
STU106690,20,Male,MECH,5,93.5,78.5,96.8,78.5,17,17.9,79.1,36,20.0,75,97.6,7.99,1,0,17.0,Yes,84.3,91.5,Excellent,Low
STU106691,18,Female,CIVIL,5,76.7,59.4,64.3,63.8,9,14.4,55.8,17,17.0,15,55.6,5.73,1,4,9.0,No,72.8,56.0,Average,Medium
STU106692,20,Female,AI&DS,3,62.6,72.1,72.7,81.2,14,18.0,54.0,26,20.0,38,74.8,6.0,0,0,9.0,No,70.3,67.4,Good,Low
STU106693,22,Male,ECE,3,83.7,47.5,55.3,35.2,13,7.1,55.0,30,16.0,23,66.3,5.26,2,2,10.0,Yes,59.1,49.9,Poor,High
STU106694,21,Male,AI&DS,3,81.4,67.0,88.1,66.3,16,13.3,91.6,38,26.0,43,82.0,8.05,0,3,13.0,No,81.5,85.6,Excellent,Low
STU106695,19,Male,AI&DS,4,77.3,62.4,76.4,58.1,14,13.6,69.4,26,16.0,39,66.6,5.24,2,5,11.0,No,62.9,64.9,Average,Medium
STU106696,23,Male,IT,6,67.0,47.2,54.3,42.9,8,9.1,47.7,17,11.0,28,50.5,5.57,4,4,8.0,No,45.0,30.3,Poor,High
STU106697,22,Female,CIVIL,8,80.1,54.8,67.8,59.0,11,,70.7,38,13.0,19,72.8,4.93,1,2,18.0,Yes,56.6,55.5,Average,Medium
STU106698,23,Male,ECE,8,67.3,,67.5,45.7,11,11.7,77.5,17,13.0,19,59.5,6.59,0,2,5.0,Yes,57.1,61.2,Average,Medium
STU106699,24,Male,CSE,4,65.2,56.3,68.5,67.0,14,12.3,76.4,21,17.0,34,60.3,5.75,1,3,12.0,No,60.4,56.7,Average,Medium
STU106700,21,Female,MECH,8,77.4,55.8,64.8,71.6,13,13.2,59.6,26,21.0,45,56.5,7.95,1,2,17.0,No,73.7,49.7,Poor,High
STU106701,22,Female,IT,8,35.0,40.3,57.4,50.5,4,12.0,55.4,17,11.0,14,32.5,6.25,1,5,8.0,Yes,53.1,43.6,Poor,High
STU106702,23,Male,IT,7,73.3,63.9,95.6,76.4,13,12.5,73.9,28,17.0,47,87.7,7.68,1,0,17.0,Yes,75.8,74.9,Good,Low
STU106703,23,Female,MECH,2,77.6,65.3,70.5,41.8,10,8.8,62.9,21,13.0,28,61.3,4.96,2,3,6.0,Yes,59.2,56.1,Average,Medium
STU106704,23,Female,EEE,6,87.0,81.6,82.4,70.4,12,21.9,68.5,37,20.0,52,71.8,8.21,0,3,11.0,No,72.2,74.8,Good,Low
STU106705,22,Male,CSE,3,62.2,45.4,65.4,62.7,10,9.6,50.7,13,17.0,29,64.2,5.23,1,2,9.0,Yes,59.9,38.5,Poor,High
STU106706,18,Male,CSE,8,73.4,64.7,48.8,46.9,11,11.2,49.4,20,13.0,26,46.7,6.46,1,3,12.0,Yes,62.0,40.3,Poor,High
STU106707,20,Female,AI&DS,3,82.5,71.5,64.3,52.4,12,14.3,64.3,31,17.0,46,67.9,7.61,1,7,9.0,Yes,71.4,49.4,Poor,High
STU106708,22,Male,EEE,4,79.6,61.6,80.8,40.1,15,14.8,81.5,30,18.0,42,62.0,5.49,1,1,8.0,Yes,62.2,60.4,Average,Medium
STU106709,21,Male,IT,3,77.6,81.4,70.0,70.0,5,16.6,47.8,23,15.0,33,54.9,8.72,1,3,9.0,No,70.9,54.9,Average,Medium
STU106710,18,Female,IT,8,100.0,78.5,91.5,82.4,15,22.2,73.1,34,21.0,32,63.2,8.68,0,0,14.0,No,77.7,85.4,Excellent,Low
STU106711,19,Male,AI&DS,6,89.7,,83.8,56.6,16,13.2,57.7,45,18.0,43,76.3,7.47,2,1,14.0,No,62.0,62.8,Average,Medium
STU106712,20,Male,AI&DS,5,76.8,77.6,77.8,47.4,10,12.0,55.8,24,13.0,16,53.2,5.8,1,3,12.0,Yes,59.4,59.1,Average,Medium
STU106713,18,Male,AI&DS,7,77.7,60.4,71.0,54.3,11,11.2,74.8,26,14.0,42,56.3,6.38,0,3,13.0,No,65.2,68.1,Good,Low
STU106714,23,Male,ECE,6,50.8,49.0,62.6,43.9,6,10.8,56.0,25,12.0,37,43.8,7.37,2,6,4.0,Yes,57.9,32.8,Poor,High
STU106715,20,Female,CIVIL,6,78.7,63.8,75.0,57.3,15,14.3,82.8,25,23.0,39,69.2,5.14,1,3,14.0,Yes,66.6,63.9,Average,Medium
STU106716,23,Male,CIVIL,3,69.4,54.1,80.9,47.3,8,2.5,54.2,21,14.0,35,49.8,4.87,1,2,6.0,No,58.4,61.7,Average,Medium
STU106717,24,Male,IT,4,64.3,56.1,61.7,52.3,7,5.7,46.7,27,16.0,18,46.5,5.87,1,5,6.0,No,61.9,45.4,Poor,High
STU106718,24,Female,ECE,5,61.0,59.8,48.5,43.4,4,5.2,33.2,19,11.0,25,40.5,6.16,1,3,8.0,Yes,55.1,34.4,Poor,High
STU106719,24,Female,EEE,4,58.6,39.4,50.8,41.5,12,4.9,56.1,16,14.0,26,69.4,4.82,1,4,5.0,Yes,52.9,39.8,Poor,High
STU106720,21,Female,IT,4,71.5,63.6,69.8,68.9,11,12.5,76.3,27,11.0,30,50.0,6.38,2,7,9.0,No,,60.1,Average,Medium
STU106721,19,Male,MECH,8,80.6,85.3,69.4,76.8,15,23.5,85.8,36,28.0,46,90.6,7.53,0,4,13.0,No,83.2,71.8,Good,Low
STU106722,18,Male,CSE,4,77.5,72.7,75.4,55.3,16,11.8,72.2,32,23.0,38,86.6,7.25,0,4,11.0,No,70.9,69.5,Good,Low
STU106723,22,Female,AI&DS,6,66.2,63.2,66.2,66.8,12,19.3,63.6,26,17.0,44,66.7,6.1,3,3,11.0,No,62.3,44.3,Poor,High
STU106724,18,Male,CSE,6,65.0,54.9,60.7,57.5,8,11.5,54.9,15,14.0,22,61.9,6.1,2,1,6.0,Yes,62.9,43.6,Poor,High
STU106725,19,Male,CSE,3,66.7,73.6,80.5,68.8,14,17.0,62.5,30,22.0,29,72.5,6.3,0,1,9.0,No,66.5,70.3,Good,Low
STU106726,19,Female,ECE,8,56.2,38.0,45.7,42.6,9,8.6,,25,9.0,18,30.2,5.17,2,7,3.0,Yes,35.8,30.9,Poor,High
STU106727,19,Female,MECH,3,87.7,73.0,69.3,76.5,18,12.0,82.0,33,16.0,52,77.9,8.45,0,1,16.0,No,69.0,80.0,Excellent,Low
STU106728,20,Female,CSE,7,73.8,63.7,73.6,66.5,14,10.1,91.6,34,23.0,51,66.9,6.82,2,5,11.0,No,75.9,66.4,Good,Low
STU106729,20,Male,AI&DS,6,97.6,74.3,84.9,73.3,15,15.6,77.6,28,19.0,41,58.7,9.28,0,0,17.0,No,85.4,68.6,Good,Low
STU106730,21,Other,AI&DS,4,68.6,73.1,74.8,52.0,13,11.7,72.8,21,16.0,31,58.6,5.77,1,3,5.0,No,61.3,53.7,Average,Medium
STU106731,24,Male,CIVIL,3,68.0,49.5,69.6,49.9,13,11.2,59.1,24,12.0,53,79.2,6.48,0,4,11.0,No,59.5,60.5,Average,Medium
STU106732,22,Female,CSE,7,90.3,61.8,85.2,57.9,13,13.5,70.9,30,23.0,27,68.0,5.34,2,0,14.0,No,63.0,60.3,Average,Medium
STU106733,22,Male,CSE,5,76.6,65.2,76.8,70.0,14,10.1,77.9,34,24.0,47,88.3,5.57,1,0,15.0,No,62.6,64.6,Average,Medium
STU106734,19,Female,EEE,5,76.0,58.2,76.4,62.3,14,14.7,74.9,20,12.0,35,71.5,5.71,1,1,13.0,No,69.2,55.5,Average,Medium
STU106735,18,Female,ECE,4,99.0,64.5,95.9,73.5,17,13.3,85.9,33,25.0,40,68.0,7.11,0,3,11.0,Yes,74.3,67.4,Good,Low
STU106736,19,Female,CSE,4,73.1,64.4,73.8,75.5,11,10.9,67.3,24,17.0,46,68.9,7.28,1,5,9.0,Yes,71.2,57.4,Average,Medium
STU106737,23,Female,CIVIL,3,85.7,82.9,92.3,81.1,15,19.9,85.7,39,28.0,53,95.3,8.69,0,0,17.0,Yes,79.4,82.2,Excellent,Low
STU106738,19,Male,ECE,8,67.8,60.9,72.5,75.6,10,14.7,64.1,27,16.0,54,62.1,6.72,0,1,12.0,No,62.9,69.6,Good,Low
STU106739,24,Male,EEE,8,70.2,48.8,53.1,59.1,10,16.0,47.6,27,9.0,20,43.6,5.5,2,1,12.0,No,70.8,53.8,Average,Medium
STU106740,23,Male,MECH,3,65.5,58.0,51.4,22.5,5,9.9,39.5,5,6.0,1,35.9,4.45,3,6,5.0,No,53.3,32.7,Poor,High
STU106741,23,Female,CSE,2,64.0,54.1,66.3,53.0,9,8.9,52.4,29,8.0,22,47.2,6.58,1,3,10.0,Yes,70.3,57.6,Average,Medium
STU106742,20,Male,CSE,7,83.7,75.6,74.0,73.4,11,18.6,74.3,14,19.0,43,60.8,8.11,0,0,13.0,No,76.5,75.4,Good,Low
STU106743,19,Male,ECE,4,66.5,59.8,56.2,54.3,14,11.2,56.7,28,7.0,28,70.5,6.43,1,3,11.0,Yes,52.3,46.5,Poor,High
STU106744,19,Male,CSE,3,60.4,77.2,75.5,80.3,11,18.7,57.7,31,15.0,40,73.2,7.71,1,1,9.0,Yes,68.0,62.7,Average,Medium
STU106745,24,Female,CSE,3,90.7,65.3,75.8,64.5,14,17.7,88.1,30,20.0,49,91.2,7.68,2,4,15.0,No,68.0,60.5,Average,Medium
STU106746,21,Male,AI&DS,8,75.1,56.8,76.9,64.5,13,12.4,56.1,37,16.0,33,73.9,6.02,2,4,13.0,No,60.6,47.3,Poor,High
STU106747,20,Female,ECE,3,85.5,69.4,79.9,62.4,15,9.9,85.0,34,22.0,71,80.9,6.64,1,2,16.0,Yes,72.2,72.0,Good,Low
STU106748,19,Male,CIVIL,7,82.2,63.7,71.2,67.4,15,13.7,53.4,22,16.0,33,71.2,7.07,1,5,8.0,No,77.0,47.4,Poor,High
STU106749,20,Male,EEE,5,76.2,70.8,67.6,43.7,15,6.8,64.4,36,20.0,38,66.4,6.79,1,3,12.0,Yes,74.5,68.6,Good,Low
STU106750,20,Female,IT,5,69.2,55.9,61.8,57.3,10,8.8,46.9,16,10.0,47,39.0,6.21,1,3,3.0,No,56.5,55.9,Average,Medium
STU106751,23,Male,ECE,4,78.7,83.9,64.5,73.7,14,14.8,51.7,28,18.0,33,78.1,7.47,1,0,14.0,No,64.0,77.9,Good,Low
STU106752,23,Female,ECE,2,53.0,51.3,55.8,44.7,10,15.2,58.9,18,17.0,32,75.3,5.23,3,3,9.0,No,43.4,30.8,Poor,High
STU106753,21,Male,AI&DS,2,71.8,49.2,65.9,43.4,10,11.3,58.7,23,16.0,22,56.3,5.39,1,0,10.0,Yes,54.6,52.8,Average,Medium
STU106754,20,Other,CSE,3,78.5,72.7,71.6,74.7,12,20.8,60.0,23,15.0,26,76.5,7.56,2,4,10.0,No,53.9,65.7,Good,Low
STU106755,21,Male,CSE,4,73.9,59.3,38.3,47.8,8,13.8,63.7,23,9.0,38,44.3,7.73,2,2,11.0,Yes,56.8,51.7,Average,Medium
STU106756,19,Male,CSE,3,70.8,70.9,69.1,75.0,10,9.5,63.6,20,15.0,32,61.6,6.51,0,0,13.0,No,63.5,60.5,Average,Medium
STU106757,18,Female,MECH,3,78.4,57.4,65.8,45.3,11,14.8,44.2,19,14.0,18,62.1,6.62,2,5,8.0,Yes,53.0,52.6,Average,Medium
STU106758,19,Female,AI&DS,7,61.7,47.9,57.2,55.8,11,13.0,61.8,19,11.0,46,64.9,5.89,0,3,6.0,Yes,60.8,46.3,Poor,High
STU106759,18,Male,CSE,2,85.5,79.0,88.2,71.8,17,12.5,88.3,26,21.0,55,81.1,8.33,1,0,10.0,No,90.4,73.0,Good,Low
STU106760,18,Male,MECH,6,89.6,63.8,94.7,83.9,14,20.5,74.8,32,22.0,60,72.7,,0,0,11.0,Yes,81.4,83.0,Excellent,Low
STU106761,19,Male,AI&DS,5,82.2,84.1,80.2,73.6,19,19.9,75.4,35,27.0,61,66.3,7.06,1,0,15.0,No,64.5,74.5,Good,Low
STU106762,24,Female,IT,3,69.0,53.1,64.1,54.1,8,4.3,62.9,25,15.0,11,46.6,6.84,1,1,4.0,No,50.2,57.2,Average,Medium
STU106763,19,Male,CIVIL,4,89.9,65.0,72.3,46.0,11,9.0,62.9,30,12.0,38,,6.21,2,2,10.0,No,72.8,48.6,Poor,High
STU106764,22,Male,AI&DS,4,86.3,63.6,93.0,75.6,19,21.0,70.2,34,22.0,59,78.4,8.84,2,2,12.0,Yes,82.8,71.5,Good,Low
STU106765,19,Female,AI&DS,3,71.0,51.7,59.7,49.6,10,10.7,62.8,24,17.0,36,86.6,5.88,3,3,6.0,No,61.1,46.9,Poor,High
STU106766,21,Male,IT,4,70.2,59.9,59.5,42.8,9,16.1,39.7,16,14.0,36,53.8,6.16,1,0,9.0,No,52.2,56.8,Average,Medium
STU106767,22,Female,CIVIL,4,90.7,95.9,75.4,93.2,20,20.8,86.3,39,27.0,50,90.2,7.39,0,1,14.0,No,86.5,93.4,Excellent,Low
STU106768,21,Male,IT,6,63.8,62.1,61.5,83.5,10,13.4,48.3,14,12.0,47,75.3,6.09,2,4,6.0,No,68.8,69.0,Good,Low
STU106769,23,Other,CSE,6,79.7,83.7,68.2,69.3,14,20.8,63.1,23,15.0,39,68.8,9.21,0,2,12.0,No,91.9,74.2,Good,Low
STU106770,19,Female,EEE,4,61.0,47.5,65.2,49.8,10,7.2,51.3,16,15.0,43,78.7,5.05,1,3,13.0,No,49.2,57.6,Average,Medium
STU106771,23,Other,AI&DS,4,73.9,68.6,70.5,73.4,12,13.4,63.9,26,15.0,44,67.7,6.86,2,2,9.0,No,67.5,65.9,Good,Low
STU106772,20,Female,AI&DS,7,75.2,81.4,80.7,74.3,12,24.4,74.1,31,19.0,51,70.2,9.07,0,0,12.0,No,78.5,72.4,Good,Low
STU106773,21,Male,CSE,7,69.3,65.9,73.4,50.5,15,11.7,53.2,17,13.0,21,60.4,6.11,1,1,8.0,No,51.1,55.5,Average,Medium
STU106774,20,Male,MECH,6,62.7,69.9,69.0,54.2,9,15.3,45.8,15,14.0,42,37.7,6.35,2,3,9.0,Yes,64.0,58.0,Average,Medium
STU106775,24,Male,ECE,6,64.9,49.8,49.8,46.5,7,9.3,54.1,23,17.0,17,44.8,5.33,2,2,8.0,Yes,53.3,50.6,Average,Medium
STU106776,23,Female,CIVIL,3,73.5,72.5,76.7,50.8,17,12.6,73.3,31,17.0,65,65.7,7.78,0,3,12.0,No,59.3,66.2,Good,Low
STU106777,21,Male,CSE,6,66.8,52.6,65.3,54.3,10,7.6,57.5,18,12.0,35,59.8,6.32,1,5,14.0,Yes,50.3,52.0,Average,Medium
STU106778,23,Female,IT,4,75.5,61.6,76.1,68.0,15,14.9,64.7,26,15.0,45,76.9,6.6,2,4,8.0,No,65.3,63.6,Average,Medium
STU106779,24,Female,AI&DS,5,54.7,58.0,54.2,52.2,11,12.6,47.1,25,12.0,25,50.2,4.17,1,2,8.0,Yes,52.2,49.8,Poor,High
STU106780,19,Male,IT,5,74.4,79.6,64.4,72.0,14,17.5,64.5,29,20.0,40,90.7,7.93,1,2,12.0,Yes,77.7,56.2,Average,Medium
STU106781,20,Female,MECH,7,66.8,75.6,76.7,54.6,8,16.1,63.2,21,9.0,20,41.0,7.23,1,1,7.0,No,63.9,64.9,Average,Medium
STU106782,23,Female,CSE,8,66.2,61.4,64.5,61.1,11,8.8,54.7,15,14.0,38,43.4,5.7,2,4,9.0,Yes,53.7,41.5,Poor,High
STU106783,19,Female,CIVIL,4,64.1,44.4,69.4,38.8,7,9.4,46.9,11,16.0,27,57.0,4.0,1,4,8.0,Yes,51.8,51.5,Average,Medium
STU106784,18,Male,EEE,2,59.7,82.9,74.3,70.9,13,17.1,53.5,18,14.0,57,,,0,4,13.0,No,76.1,57.8,Average,Medium
STU106785,22,Male,CSE,2,89.7,66.3,69.0,58.1,14,8.9,63.1,23,15.0,36,47.3,7.21,2,2,14.0,No,70.0,54.9,Average,Medium
STU106786,19,Female,CSE,4,72.4,59.5,59.5,57.5,8,11.2,57.9,28,14.0,52,67.4,5.83,1,2,9.0,No,60.4,50.0,Poor,High
STU106787,22,Male,IT,5,75.1,48.2,69.7,55.7,12,6.8,70.9,25,23.0,27,73.6,5.54,1,2,14.0,Yes,52.8,59.0,Average,Medium
STU106788,18,Female,IT,6,69.9,,76.7,52.8,8,10.6,55.8,16,14.0,30,57.6,6.06,0,3,12.0,No,59.9,49.9,Poor,High
STU106789,21,Female,EEE,4,60.1,51.2,54.6,48.4,11,10.0,82.0,19,18.0,41,60.7,6.19,2,5,10.0,Yes,45.4,51.4,Average,Medium
STU106790,19,Male,CSE,4,70.7,68.5,78.3,63.7,12,17.4,70.4,28,18.0,45,,6.15,0,0,11.0,No,60.8,51.5,Average,Medium
STU106791,21,Male,AI&DS,7,80.5,77.4,86.9,58.8,14,19.7,73.4,32,20.0,36,83.0,7.56,2,0,9.0,No,73.9,66.3,Good,Low
STU106792,19,Male,CSE,4,64.3,54.9,63.2,50.5,12,12.0,73.3,22,16.0,24,76.2,6.12,1,2,12.0,Yes,61.9,59.2,Average,Medium
STU106793,19,Female,EEE,2,78.0,73.5,77.3,79.3,15,17.2,84.5,30,26.0,46,86.4,6.91,0,0,12.0,No,73.8,75.1,Good,Low
STU106794,24,Male,ECE,5,60.4,39.2,63.6,65.0,11,12.2,56.0,15,16.0,26,66.9,5.79,3,3,7.0,Yes,52.4,54.1,Average,Medium
STU106795,24,Male,AI&DS,6,,76.6,61.7,44.0,7,15.9,87.6,30,22.0,53,64.2,7.18,1,2,11.0,Yes,68.7,64.8,Average,Medium
STU106796,20,Female,CIVIL,3,69.3,81.3,78.1,73.6,11,17.5,60.7,27,21.0,51,71.7,8.93,0,0,9.0,No,62.4,81.8,Excellent,Low
STU106797,22,Male,IT,2,66.1,59.8,51.9,58.5,10,15.3,45.8,6,6.0,21,9.8,6.45,0,1,5.0,No,59.3,57.9,Average,Medium
STU106798,20,Male,CSE,6,60.9,79.4,68.5,67.1,10,11.9,72.4,21,22.0,52,91.4,7.39,2,2,13.0,No,71.3,58.2,Average,Medium
STU106799,19,Female,ECE,3,62.1,42.5,63.7,40.0,6,4.6,31.8,18,15.0,28,47.1,5.14,2,7,3.0,No,41.4,41.3,Poor,High
STU106800,18,Female,ECE,8,86.4,77.0,60.7,61.9,11,17.2,49.8,30,12.0,24,74.3,8.27,0,1,11.0,No,60.2,52.8,Average,Medium
STU106801,24,Male,AI&DS,4,78.3,53.1,55.5,50.9,14,11.1,75.6,22,16.0,44,73.7,6.45,1,3,12.0,No,55.4,48.7,Poor,High
STU106802,18,Male,ECE,8,68.8,64.0,62.8,59.4,9,22.8,65.0,28,13.0,39,70.3,6.82,1,0,13.0,No,63.3,64.7,Average,Medium
STU106803,21,Female,CSE,2,71.5,63.5,70.3,72.4,12,10.6,56.4,29,18.0,43,63.7,5.15,0,5,11.0,No,68.4,62.8,Average,Medium
STU106804,19,Male,CSE,5,77.2,72.4,84.5,60.2,16,18.3,82.9,39,19.0,43,85.2,7.84,0,1,12.0,No,76.2,67.8,Good,Low
STU106805,23,Other,CIVIL,4,89.6,54.7,69.3,66.7,13,16.9,65.0,22,19.0,34,75.0,7.19,1,2,10.0,No,71.1,63.3,Average,Medium
STU106806,18,Male,AI&DS,4,68.7,64.3,74.0,58.4,9,6.9,67.3,32,13.0,23,47.5,6.1,3,2,7.0,No,65.8,55.6,Average,Medium
STU106807,22,Male,MECH,4,73.2,75.8,79.4,67.1,14,18.6,79.5,29,12.0,44,66.1,7.32,2,1,13.0,No,79.2,63.5,Average,Medium
STU106808,20,Female,CSE,4,68.9,61.8,66.6,53.0,11,8.6,61.4,20,12.0,30,64.4,5.75,2,6,10.0,No,67.9,42.4,Poor,High
STU106809,21,Female,MECH,2,74.0,73.3,83.3,56.6,14,22.8,52.5,32,20.0,36,65.7,7.84,2,1,12.0,No,66.0,69.1,Good,Low
STU106810,19,Male,EEE,3,52.3,66.4,49.3,52.5,10,8.6,53.3,20,12.0,62,49.3,5.89,1,3,9.0,Yes,47.3,43.4,Poor,High
STU106811,18,Female,CIVIL,3,77.4,77.1,80.9,61.4,15,11.3,52.1,30,14.0,37,60.7,6.82,0,2,11.0,No,64.1,71.2,Good,Low
STU106812,19,Female,CSE,6,68.8,60.0,49.7,47.7,9,4.4,46.5,23,10.0,23,61.3,5.82,1,3,7.0,Yes,53.8,53.2,Average,Medium
STU106813,22,Male,EEE,4,74.6,71.4,54.4,68.9,10,10.6,64.9,16,15.0,33,48.7,,2,2,7.0,Yes,70.1,64.6,Average,Medium
STU106814,22,Male,IT,2,74.7,59.5,52.1,67.8,8,12.0,55.6,34,13.0,31,67.4,6.16,0,3,8.0,No,64.7,54.8,Average,Medium
STU106815,24,Male,CSE,6,72.5,56.0,76.1,72.6,16,10.1,59.0,28,19.0,55,67.7,8.3,1,4,11.0,No,75.2,52.7,Average,Medium
STU106816,24,Male,CSE,4,64.1,57.4,75.9,72.3,14,14.9,74.1,24,15.0,38,59.1,6.64,2,3,8.0,No,68.4,58.6,Average,Medium
STU106817,23,Male,AI&DS,2,73.5,53.1,82.9,49.1,10,13.6,64.4,31,17.0,36,57.1,6.05,2,1,10.0,Yes,55.6,56.9,Average,Medium
STU106818,18,Female,IT,3,81.4,70.7,78.4,60.0,18,10.7,76.8,35,21.0,49,68.9,7.0,2,2,9.0,No,60.2,62.2,Average,Medium
STU106819,22,Female,CSE,5,97.0,63.9,83.0,55.9,13,14.9,68.2,37,17.0,47,77.3,6.13,0,2,16.0,No,81.3,67.1,Good,Low
STU106820,22,Female,CSE,3,71.0,41.7,70.3,52.7,8,8.4,66.6,24,14.0,21,39.2,6.67,2,3,8.0,No,69.4,50.4,Average,Medium
STU106821,22,Male,IT,8,69.4,53.9,64.1,46.6,9,15.2,51.5,29,11.0,30,53.6,6.59,1,0,6.0,Yes,60.6,54.1,Average,Medium
STU106822,22,Male,AI&DS,6,64.8,50.5,62.6,36.2,9,4.3,53.9,18,9.0,10,46.2,,0,5,5.0,Yes,49.6,45.7,Poor,High
STU106823,22,Male,CSE,4,90.1,91.8,87.0,58.8,17,22.3,65.1,34,20.0,39,63.0,8.29,0,0,17.0,Yes,69.2,72.5,Good,Low
STU106824,22,Male,EEE,8,100.0,88.0,89.0,78.2,17,15.1,96.9,43,23.0,46,84.3,7.4,2,4,14.0,No,85.8,67.4,Good,Low
STU106825,22,Female,CSE,7,66.8,71.2,79.0,71.2,8,12.9,59.3,21,15.0,31,29.0,7.05,1,3,11.0,No,59.2,63.2,Average,Medium
STU106826,22,Male,ECE,6,81.3,77.9,86.8,80.0,15,18.2,61.7,22,20.0,41,63.7,7.88,1,4,10.0,Yes,75.2,74.1,Good,Low
STU106827,18,Male,CSE,2,61.2,37.0,59.0,44.2,7,7.7,41.1,13,,1,45.9,4.57,1,3,7.0,Yes,44.4,44.4,Poor,High
STU106828,21,Female,EEE,3,50.5,20.9,46.1,38.8,8,11.9,35.7,11,18.0,10,49.7,4.94,2,5,6.0,Yes,32.1,35.3,Poor,High
STU106829,18,Female,EEE,6,51.4,52.3,58.1,52.5,12,9.0,58.3,30,14.0,19,82.6,6.44,0,2,11.0,No,59.1,62.3,Average,Medium
STU106830,24,Female,CSE,4,40.6,43.3,54.4,27.7,5,2.8,40.3,9,11.0,24,41.2,5.72,1,5,5.0,Yes,33.6,34.2,Poor,High
STU106831,24,Male,ECE,7,69.5,62.3,72.7,49.9,13,19.3,84.0,22,16.0,36,72.7,5.5,1,1,11.0,Yes,59.0,61.3,Average,Medium
STU106832,19,Female,IT,6,75.4,69.9,59.6,58.6,12,13.4,41.6,28,12.0,34,44.0,5.73,1,4,12.0,Yes,76.8,49.6,Poor,High
STU106833,24,Male,AI&DS,2,93.2,79.4,69.7,54.3,19,16.5,90.4,45,22.0,43,83.3,6.94,0,5,17.0,No,78.1,72.4,Good,Low
STU106834,21,Male,IT,8,58.5,53.2,57.9,49.8,7,17.0,32.6,9,8.0,26,42.7,5.99,2,4,2.0,No,59.1,44.4,Poor,High
STU106835,22,Male,IT,8,78.2,64.8,82.1,71.2,15,10.1,100.0,43,24.0,34,60.9,7.2,2,3,17.0,No,69.9,58.0,Average,Medium
STU106836,22,Female,AI&DS,6,80.5,53.0,66.6,67.8,12,13.4,88.5,26,25.0,40,92.5,7.61,1,2,11.0,No,62.3,64.0,Average,Medium
STU106837,18,Male,EEE,7,64.0,58.3,76.4,70.4,10,9.4,59.2,14,17.0,31,64.1,6.61,1,1,11.0,No,64.7,65.9,Good,Low
STU106838,24,Female,CIVIL,3,80.0,50.9,68.3,36.9,13,11.2,60.8,14,14.0,45,62.5,6.25,1,6,9.0,Yes,51.6,42.1,Poor,High
STU106839,22,Male,MECH,7,87.0,98.5,89.2,64.6,9,12.4,66.9,27,17.0,23,83.2,7.21,1,0,3.0,No,83.7,75.2,Good,Low
STU106840,21,Female,CIVIL,6,65.2,75.0,56.9,45.8,13,11.4,45.9,17,13.0,44,37.5,7.26,0,6,11.0,Yes,62.0,52.9,Average,Medium
STU106841,22,Male,AI&DS,2,81.5,70.0,60.3,72.9,18,17.5,67.1,30,25.0,45,61.0,7.87,0,3,15.0,No,83.8,63.9,Average,Medium
STU106842,24,Female,IT,3,51.7,56.4,54.6,44.9,7,9.6,54.4,18,16.0,28,68.9,6.46,0,3,7.0,Yes,52.9,50.7,Average,Medium
STU106843,22,Female,AI&DS,5,84.8,59.8,65.3,43.9,8,7.6,32.2,15,19.0,43,46.5,7.35,0,3,14.0,Yes,64.5,58.0,Average,Medium
STU106844,22,Female,EEE,4,87.0,67.2,73.7,70.6,16,16.3,94.0,38,22.0,56,89.2,6.22,1,2,14.0,No,81.0,80.3,Excellent,Low
STU106845,24,Female,IT,6,73.6,56.0,70.1,67.5,10,11.2,74.0,20,14.0,33,61.6,5.64,2,3,8.0,Yes,68.6,47.7,Poor,High
STU106846,22,Female,AI&DS,8,72.3,68.7,66.5,59.7,15,23.1,65.5,33,19.0,45,88.0,7.54,1,1,10.0,Yes,66.7,75.9,Good,Low
STU106847,19,Male,EEE,6,66.9,69.1,55.2,49.2,12,10.7,69.6,25,11.0,14,71.8,6.09,1,0,10.0,Yes,71.4,63.4,Average,Medium
STU106848,23,Female,MECH,8,62.1,40.7,47.7,39.0,7,3.7,39.0,13,12.0,5,59.2,4.0,2,2,7.0,Yes,53.9,60.1,Average,Medium
STU106849,24,Female,IT,2,61.7,42.9,54.4,30.6,4,5.5,35.8,11,7.0,20,24.2,5.63,3,5,4.0,Yes,40.1,33.9,Poor,High
STU106850,23,Male,ECE,3,90.6,79.3,72.9,77.9,13,12.2,72.3,18,15.0,35,77.4,8.06,0,1,11.0,Yes,93.7,79.2,Good,Low
STU106851,19,Male,EEE,8,76.0,70.0,70.5,63.2,19,20.4,76.1,33,26.0,44,82.1,8.21,0,2,14.0,No,65.1,66.5,Good,Low
STU106852,21,Male,CSE,7,86.5,72.5,81.9,86.7,17,15.6,74.9,36,27.0,50,82.5,7.92,1,0,13.0,No,81.1,81.0,Excellent,Low
STU106853,18,Male,CSE,4,70.7,65.2,90.5,63.4,16,12.1,72.9,31,20.0,25,63.9,5.84,3,0,13.0,No,64.8,64.9,Average,Medium
STU106854,23,Other,CSE,4,49.4,48.0,65.9,43.6,12,12.0,61.7,18,17.0,40,57.9,5.19,2,2,10.0,No,52.4,37.7,Poor,High
STU106855,24,Female,ECE,7,76.5,55.7,72.6,54.6,15,12.9,40.5,24,18.0,39,69.7,7.06,1,6,4.0,No,59.1,47.8,Poor,High
STU106856,18,Female,EEE,2,71.3,59.2,77.1,41.0,12,14.3,63.8,20,17.0,35,53.8,5.99,0,1,11.0,No,60.6,60.7,Average,Medium
STU106857,18,Male,CSE,2,60.3,56.4,56.1,45.9,13,7.0,55.5,17,19.0,42,75.4,5.79,3,1,6.0,Yes,48.9,53.5,Average,Medium
STU106858,24,Male,CSE,7,75.5,90.2,80.0,79.4,18,20.7,75.5,41,26.0,39,62.5,7.61,1,4,14.0,No,65.7,76.9,Good,Low
STU106859,23,Male,AI&DS,7,93.3,70.4,96.4,80.0,17,16.7,76.8,33,25.0,45,75.6,8.37,1,4,15.0,No,81.4,79.2,Good,Low
STU106860,23,Male,IT,7,78.3,58.1,53.9,56.4,12,8.8,69.2,25,12.0,31,52.8,7.89,1,0,13.0,No,54.9,58.3,Average,Medium
STU106861,19,Female,CSE,5,74.7,70.2,66.7,71.4,10,16.4,53.2,20,13.0,32,67.9,7.16,1,0,12.0,No,71.8,76.1,Good,Low
STU106862,22,Female,ECE,4,76.1,36.3,53.7,56.8,9,9.1,63.9,15,15.0,24,49.2,5.78,2,6,9.0,Yes,52.5,50.4,Average,Medium
STU106863,23,Male,CIVIL,4,72.4,65.3,67.7,76.1,19,15.8,70.1,23,23.0,54,84.4,8.37,1,2,10.0,No,67.6,61.8,Average,Medium
STU106864,18,Male,IT,7,75.1,80.9,69.1,63.4,15,15.4,73.9,23,13.0,56,60.7,6.13,1,3,9.0,Yes,70.1,65.8,Good,Low
STU106865,19,Female,MECH,3,77.3,67.3,62.0,38.8,11,12.2,54.1,20,18.0,36,62.9,7.39,1,2,12.0,No,61.3,56.6,Average,Medium
STU106866,20,Male,AI&DS,2,80.1,90.7,80.7,56.3,12,9.3,81.8,28,18.0,43,71.9,6.83,1,3,11.0,No,76.0,58.4,Average,Medium
STU106867,21,Male,CSE,5,66.6,44.7,86.8,51.1,15,10.7,70.8,29,18.0,49,62.8,6.69,1,2,9.0,No,42.5,55.6,Average,Medium
STU106868,19,Male,CSE,5,85.0,84.8,77.9,55.8,17,15.8,64.7,41,21.0,48,82.8,7.96,2,1,14.0,No,68.4,63.0,Average,Medium
STU106869,20,Male,CIVIL,4,63.0,37.4,44.0,52.0,9,9.1,45.7,19,9.0,22,34.3,4.84,2,2,10.0,No,54.6,31.6,Poor,High
STU106870,19,Female,AI&DS,8,80.6,81.9,75.4,66.9,14,15.8,98.6,26,20.0,50,66.3,6.78,1,2,11.0,No,77.0,63.2,Average,Medium
STU106871,18,Female,AI&DS,6,62.1,41.6,59.7,42.9,11,19.1,52.0,8,11.0,27,33.3,6.72,1,4,11.0,Yes,57.4,45.8,Poor,High
STU106872,22,Female,CSE,7,98.4,80.8,89.2,91.6,17,23.2,71.3,29,26.0,57,84.3,7.7,1,2,18.0,No,100.0,82.6,Excellent,Low
STU106873,22,Male,ECE,3,57.7,60.8,61.1,70.5,9,7.2,42.5,17,9.0,7,48.2,6.71,0,3,9.0,Yes,66.4,52.5,Average,Medium
STU106874,24,Female,AI&DS,6,74.9,58.1,63.0,62.3,8,8.2,62.0,25,12.0,34,56.7,6.07,1,1,7.0,Yes,66.7,58.2,Average,Medium
STU106875,22,Female,AI&DS,4,68.7,41.5,68.1,30.1,9,14.5,61.8,27,16.0,31,59.1,5.24,1,1,8.0,Yes,50.4,45.4,Poor,High
STU106876,22,Female,CSE,4,86.2,68.5,92.5,79.2,10,18.5,49.7,35,18.0,35,67.4,7.04,1,2,9.0,No,68.9,71.2,Good,Low
STU106877,20,Male,ECE,2,49.5,53.6,50.3,61.4,9,14.1,32.0,16,8.0,34,43.6,6.4,0,1,9.0,Yes,58.1,45.8,Poor,High
STU106878,20,Female,CSE,7,73.2,47.1,58.7,37.6,10,9.3,59.8,17,6.0,36,52.0,6.65,2,5,8.0,Yes,52.8,46.3,Poor,High
STU106879,20,Female,ECE,5,75.6,63.6,79.3,40.9,11,13.4,68.0,28,15.0,34,74.5,6.68,0,3,12.0,Yes,62.2,60.9,Average,Medium
STU106880,24,Female,MECH,8,82.0,62.0,82.1,53.5,10,6.8,64.1,11,11.0,32,47.1,8.53,1,6,7.0,No,64.7,65.8,Good,Low
STU106881,21,Male,EEE,6,55.6,46.0,53.5,44.7,8,7.0,49.0,16,10.0,28,50.9,5.93,1,2,8.0,Yes,,46.6,Poor,High
STU106882,24,Male,CSE,3,79.1,48.9,69.3,69.0,7,10.7,52.0,21,17.0,30,71.0,5.9,1,2,9.0,Yes,60.2,59.8,Average,Medium
STU106883,20,Female,EEE,7,76.3,65.9,70.3,52.8,13,12.5,73.1,24,15.0,38,75.5,7.21,0,1,9.0,No,60.1,70.0,Good,Low
STU106884,22,Male,ECE,2,82.8,63.2,85.0,73.9,14,15.9,65.3,34,17.0,39,83.7,7.49,1,4,11.0,No,65.6,64.2,Average,Medium
STU106885,19,Female,AI&DS,7,69.5,56.1,58.2,37.7,6,11.2,48.5,12,15.0,37,44.9,6.09,2,5,4.0,Yes,53.8,52.8,Average,Medium
STU106886,20,Female,CSE,4,76.5,56.9,86.2,71.5,13,16.5,64.4,27,17.0,40,83.5,8.6,1,3,8.0,No,63.6,66.1,Good,Low
STU106887,24,Female,IT,2,76.6,69.4,64.3,56.4,9,12.3,43.7,14,18.0,36,49.4,6.66,0,3,4.0,No,69.2,63.8,Average,Medium
STU106888,22,Male,AI&DS,5,39.1,59.0,52.8,60.6,7,11.1,53.9,22,16.0,51,58.6,6.2,2,6,5.0,Yes,,34.6,Poor,High
STU106889,21,Female,ECE,5,61.5,66.8,49.1,60.2,5,7.8,45.5,29,17.0,10,58.9,6.61,1,3,11.0,Yes,64.9,55.0,Average,Medium
STU106890,20,Male,CSE,3,80.3,70.5,80.7,70.2,12,12.8,81.1,31,17.0,52,82.6,6.54,0,3,9.0,No,73.2,66.4,Good,Low
STU106891,23,Female,MECH,2,74.5,51.4,53.1,60.7,18,11.7,72.3,36,20.0,35,79.6,6.25,2,4,14.0,No,70.7,60.1,Average,Medium
STU106892,19,Male,AI&DS,6,82.6,71.3,81.5,48.7,9,18.2,65.8,22,15.0,28,79.1,5.87,1,1,15.0,No,65.1,69.9,Good,Low
STU106893,23,Male,MECH,5,60.4,55.1,45.0,42.8,8,10.3,45.7,21,15.0,20,56.7,5.59,1,2,4.0,No,47.0,44.7,Poor,High
STU106894,22,Male,CSE,4,68.7,80.2,52.6,56.7,12,14.6,65.8,22,16.0,34,65.3,8.27,1,2,10.0,No,67.5,65.7,Good,Low
STU106895,20,Female,AI&DS,5,71.2,61.0,59.1,61.6,12,16.7,54.5,12,11.0,32,50.3,6.75,1,5,11.0,No,69.0,55.2,Average,Medium
STU106896,22,Female,MECH,8,82.7,61.4,78.5,64.6,9,10.7,71.8,31,11.0,26,63.5,5.1,1,4,14.0,No,59.2,61.0,Average,Medium
STU106897,24,Male,AI&DS,8,78.6,69.3,68.3,65.3,11,10.6,50.7,33,12.0,45,63.0,6.46,3,5,14.0,No,72.4,56.4,Average,Medium
STU106898,20,Male,CSE,3,63.7,62.8,65.1,46.3,9,9.7,43.1,12,14.0,31,45.7,4.28,2,2,5.0,Yes,57.2,53.9,Average,Medium
STU106899,20,Female,CIVIL,4,84.7,35.1,63.8,43.5,8,11.5,67.4,19,14.0,8,51.4,5.33,3,6,9.0,Yes,53.3,36.4,Poor,High
STU106900,24,Male,IT,7,78.0,54.5,78.2,65.9,10,7.0,62.3,13,15.0,12,57.6,5.4,2,1,8.0,No,59.8,63.9,Average,Medium
STU106901,20,Male,AI&DS,2,78.3,63.5,85.3,50.2,14,11.9,62.3,21,25.0,28,52.7,5.74,1,0,9.0,Yes,63.0,60.4,Average,Medium
STU106902,23,Female,EEE,8,81.1,82.6,59.3,56.9,7,9.7,54.6,36,14.0,48,71.6,7.91,0,0,14.0,No,77.9,70.8,Good,Low
STU106903,24,Male,AI&DS,4,82.4,52.9,68.9,59.5,12,10.3,79.2,24,19.0,30,45.2,5.82,1,2,13.0,Yes,59.7,51.5,Average,Medium
STU106904,22,Male,EEE,5,80.1,70.8,55.3,64.7,11,13.8,69.8,23,18.0,40,56.5,7.14,0,2,14.0,No,75.0,55.1,Average,Medium
STU106905,18,Male,MECH,8,62.0,61.3,73.9,67.2,11,10.8,39.7,22,15.0,11,63.9,5.3,0,2,4.0,Yes,67.3,71.6,Good,Low
STU106906,18,Female,EEE,3,72.9,79.1,65.0,66.2,7,8.1,80.4,19,18.0,31,54.5,6.81,0,0,8.0,No,75.1,75.1,Good,Low
STU106907,19,Female,AI&DS,3,75.0,56.6,68.0,40.7,13,10.8,71.9,31,15.0,28,79.5,5.24,1,4,8.0,Yes,59.1,62.3,Average,Medium
STU106908,18,Male,CSE,8,76.3,62.4,54.4,71.8,8,14.5,51.3,21,8.0,21,51.5,8.72,1,4,6.0,No,76.5,58.3,Average,Medium
STU106909,23,Male,EEE,7,89.1,60.2,58.1,61.0,9,17.1,69.4,19,13.0,31,61.5,7.19,2,4,13.0,No,69.4,55.4,Average,Medium
STU106910,22,Male,EEE,4,84.7,95.8,92.7,81.0,16,24.4,87.4,44,26.0,59,82.0,10.0,0,3,14.0,No,84.2,80.4,Excellent,Low
STU106911,21,Male,EEE,2,83.0,79.5,77.7,86.9,13,14.9,72.5,20,23.0,44,66.1,6.77,1,0,12.0,No,90.3,74.2,Good,Low
STU106912,23,Male,CSE,5,55.6,63.0,51.3,51.1,11,18.1,36.0,16,14.0,16,56.4,5.48,1,5,8.0,No,63.3,41.6,Poor,High
STU106913,18,Male,AI&DS,7,85.9,79.2,97.8,64.0,17,13.9,77.6,39,20.0,58,79.2,6.44,1,2,14.0,No,74.3,67.8,Good,Low
STU106914,21,Female,MECH,2,85.6,88.4,96.4,92.9,16,17.5,75.5,42,23.0,53,82.3,8.04,0,2,15.0,No,87.8,97.1,Excellent,Low
STU106915,20,Male,CSE,3,69.4,40.0,65.1,51.9,7,7.5,46.5,16,14.0,36,51.0,4.68,3,6,6.0,No,63.5,45.4,Poor,High
STU106916,18,Female,IT,4,68.3,48.7,46.4,57.5,7,13.2,54.6,16,11.0,33,49.5,5.52,3,3,7.0,Yes,49.0,35.6,Poor,High
STU106917,21,Other,ECE,3,64.8,66.0,52.5,68.0,12,13.1,33.8,21,15.0,37,41.4,6.16,1,8,8.0,Yes,62.3,44.2,Poor,High
STU106918,19,Male,CIVIL,5,79.7,71.3,83.1,38.7,11,5.7,68.8,16,11.0,46,66.9,6.48,2,4,12.0,Yes,59.2,55.7,Average,Medium
STU106919,18,Female,AI&DS,8,78.0,64.1,60.5,60.4,7,10.0,61.4,20,9.0,19,60.9,6.77,2,2,11.0,No,69.0,59.1,Average,Medium
STU106920,19,Female,AI&DS,6,73.4,53.5,63.1,49.7,12,12.4,48.6,27,18.0,38,65.0,5.89,2,2,9.0,No,54.7,41.6,Poor,High
STU106921,19,Male,IT,5,79.5,79.3,73.7,79.4,17,14.3,78.6,32,30.0,32,83.4,9.72,0,0,17.0,No,91.7,76.9,Good,Low
STU106922,22,Male,EEE,8,49.1,57.4,58.6,39.5,8,8.1,36.2,18,10.0,26,53.1,5.18,3,3,6.0,Yes,45.8,32.9,Poor,High
STU106923,23,Other,CSE,7,62.4,67.1,64.7,54.5,12,13.5,68.4,25,18.0,40,53.6,7.68,0,3,10.0,Yes,59.2,56.4,Average,Medium
STU106924,21,Male,IT,6,72.9,71.6,73.4,71.1,15,18.1,75.6,26,26.0,42,60.4,8.2,0,1,12.0,No,67.5,82.4,Excellent,Low
STU106925,22,Female,AI&DS,2,89.4,71.8,99.5,65.1,17,17.8,92.7,35,24.0,47,92.1,7.26,1,3,14.0,Yes,76.2,77.7,Good,Low
STU106926,18,Female,MECH,3,72.9,44.3,80.4,33.2,14,15.9,59.9,22,19.0,21,77.8,5.95,1,4,12.0,Yes,40.8,57.9,Average,Medium
STU106927,23,Male,CSE,8,71.1,45.4,63.1,47.7,6,11.5,,10,13.0,6,21.8,5.46,2,4,6.0,Yes,57.1,38.2,Poor,High
STU106928,21,Female,CIVIL,5,74.0,47.3,69.3,65.1,12,8.6,51.9,20,11.0,32,57.8,7.62,0,2,6.0,Yes,72.9,62.3,Average,Medium
STU106929,20,Female,IT,8,52.4,47.3,67.4,57.0,9,12.1,59.5,31,8.0,21,59.3,7.33,1,6,6.0,Yes,47.8,47.6,Poor,High
STU106930,24,Male,AI&DS,2,66.6,57.6,69.2,65.8,8,16.4,55.7,27,10.0,52,54.3,6.92,0,3,12.0,No,65.3,65.2,Good,Low
STU106931,20,Male,CSE,3,,34.5,53.9,57.8,13,,74.8,35,,40,59.7,5.24,3,6,9.0,No,50.7,25.4,Poor,High
STU106932,21,Male,EEE,3,70.8,80.3,91.7,74.0,16,19.3,82.1,31,19.0,49,79.0,7.14,0,0,13.0,No,70.4,80.4,Excellent,Low
STU106933,24,Female,CSE,2,69.8,60.6,82.9,78.4,12,14.2,68.3,21,14.0,34,50.3,6.92,2,3,7.0,No,62.7,51.9,Average,Medium
STU106934,19,Female,ECE,4,72.1,64.3,71.4,61.1,16,13.9,64.3,27,15.0,39,64.6,6.02,2,3,10.0,No,67.3,37.9,Poor,High
STU106935,21,Female,EEE,8,96.1,71.6,66.2,81.6,9,14.8,60.1,28,10.0,31,54.6,6.74,0,4,11.0,No,76.4,71.0,Good,Low
STU106936,22,Female,CSE,2,78.4,64.5,60.3,46.4,10,18.8,65.3,29,14.0,36,65.0,5.97,2,2,10.0,No,54.4,50.4,Average,Medium
STU106937,22,Female,IT,8,56.7,63.5,45.7,50.1,9,6.1,51.2,22,12.0,32,67.9,5.62,2,5,5.0,No,61.9,37.9,Poor,High
STU106938,24,Male,MECH,2,91.0,65.7,80.3,66.0,17,,68.2,33,21.0,31,71.0,5.7,1,0,9.0,No,71.2,76.0,Good,Low
STU106939,20,Female,AI&DS,2,54.6,,53.2,53.8,8,9.8,53.8,17,15.0,33,57.9,6.56,2,4,11.0,Yes,61.4,53.4,Average,Medium
STU106940,18,Male,ECE,2,60.6,44.3,52.2,47.2,3,7.5,33.6,17,10.0,18,38.1,7.13,1,5,9.0,No,,40.1,Poor,High
STU106941,20,Male,CIVIL,7,72.1,54.2,65.8,,6,13.5,61.6,13,2.0,25,61.1,6.14,2,4,3.0,Yes,61.6,43.3,Poor,High
STU106942,19,Male,ECE,3,51.8,48.1,52.9,36.2,6,8.9,50.9,26,6.0,26,34.8,5.28,2,3,6.0,Yes,46.1,27.3,Poor,High
STU106943,23,Male,IT,2,66.3,64.5,64.3,43.7,10,11.0,54.1,17,10.0,27,34.9,5.99,1,2,4.0,No,54.6,46.4,Poor,High
STU106944,21,Female,CSE,7,73.3,70.2,67.2,60.3,16,11.4,67.0,26,13.0,56,50.2,7.09,2,3,9.0,No,71.4,58.8,Average,Medium
STU106945,23,Male,AI&DS,6,76.4,81.3,81.5,60.3,9,15.2,56.3,25,18.0,26,47.0,7.54,0,3,11.0,No,76.8,63.8,Average,Medium
STU106946,20,Female,ECE,4,92.1,69.8,93.8,47.3,13,15.7,58.0,37,15.0,28,64.4,7.05,2,2,9.0,Yes,76.0,70.8,Good,Low
STU106947,24,Male,CSE,7,80.0,74.6,75.4,78.2,14,19.0,71.0,32,14.0,46,63.4,8.48,0,5,14.0,No,66.2,73.3,Good,Low
STU106948,24,Male,AI&DS,8,77.4,74.1,70.1,56.6,10,19.8,56.4,19,16.0,25,80.2,7.42,1,1,5.0,No,71.8,66.0,Good,Low
STU106949,24,Female,ECE,5,62.1,,68.6,70.3,15,7.8,,31,12.0,46,67.1,7.61,1,4,13.0,No,77.3,63.3,Average,Medium
STU106950,22,Female,AI&DS,8,81.2,83.5,84.7,54.7,11,18.9,78.0,18,14.0,27,66.1,7.4,1,3,11.0,Yes,87.0,62.0,Average,Medium
STU106951,19,Male,CSE,4,79.1,63.5,87.2,75.8,13,25.2,80.7,31,22.0,58,80.1,8.72,0,1,14.0,No,78.3,74.6,Good,Low
STU106952,19,Male,AI&DS,8,81.3,82.4,63.7,92.7,16,23.7,76.4,24,15.0,41,81.1,7.73,1,3,9.0,No,77.8,80.7,Excellent,Low
STU106953,24,Male,CSE,6,74.7,80.3,79.2,59.4,12,18.2,53.1,25,22.0,56,49.8,8.06,0,5,7.0,No,69.5,69.3,Good,Low
STU106954,24,Female,CSE,3,85.7,79.9,75.9,59.6,10,19.9,67.9,30,19.0,51,72.7,7.72,3,0,10.0,No,75.6,70.4,Good,Low
STU106955,24,Male,CSE,6,70.0,67.2,76.1,55.9,12,10.4,53.3,34,18.0,48,59.8,5.22,1,6,18.0,No,57.7,59.3,Average,Medium
STU106956,22,Male,IT,4,71.5,61.2,66.1,39.5,10,13.3,61.2,30,16.0,25,63.5,5.97,2,6,8.0,Yes,46.9,47.9,Poor,High
STU106957,23,Female,CSE,2,70.3,37.5,71.5,42.7,12,12.5,63.2,26,14.0,31,67.1,6.81,0,4,9.0,No,56.3,44.8,Poor,High
STU106958,21,Female,CSE,5,72.0,89.4,67.7,68.1,12,14.8,71.2,17,16.0,34,64.1,8.25,0,1,9.0,No,62.7,69.7,Good,Low
STU106959,19,Male,IT,2,70.8,62.6,56.5,,10,14.9,60.3,25,11.0,35,64.6,6.12,2,2,9.0,Yes,54.7,49.8,Poor,High
STU106960,19,Female,MECH,5,73.6,54.0,63.9,72.2,14,11.7,53.6,23,18.0,31,65.9,6.46,0,7,8.0,No,69.8,50.6,Average,Medium
STU106961,23,Male,AI&DS,8,45.2,34.5,43.3,23.3,4,1.0,31.5,1,13.0,10,39.6,4.38,1,6,3.0,No,35.1,40.0,Poor,High
STU106962,22,Female,IT,2,82.1,81.8,77.9,94.0,14,19.0,53.4,28,16.0,52,74.6,8.66,0,4,12.0,No,77.8,86.9,Excellent,Low
STU106963,24,Male,IT,6,80.0,68.0,82.3,45.5,18,13.7,85.7,27,19.0,56,82.7,5.88,2,5,15.0,Yes,66.7,70.2,Good,Low
STU106964,24,Female,MECH,3,61.8,54.6,58.3,60.6,13,15.6,69.6,11,14.0,50,56.7,7.38,1,6,8.0,Yes,59.5,60.6,Average,Medium
STU106965,23,Female,EEE,6,86.4,70.3,68.5,66.3,15,16.0,79.3,30,23.0,61,77.9,7.68,0,1,12.0,No,80.9,84.5,Excellent,Low
STU106966,18,Female,EEE,6,73.8,72.2,82.2,66.2,10,9.2,53.4,19,20.0,14,69.6,5.87,1,1,5.0,No,52.1,81.5,Excellent,Low
STU106967,19,Female,IT,7,80.9,72.6,79.0,65.1,14,13.7,53.7,21,15.0,10,79.6,7.42,0,1,9.0,No,78.1,61.8,Average,Medium
STU106968,20,Female,ECE,6,,34.1,47.0,39.6,7,5.5,30.4,16,14.0,28,57.2,5.21,2,4,4.0,No,37.1,40.0,Poor,High
STU106969,18,Female,CIVIL,3,90.9,82.1,94.7,82.4,13,17.0,74.0,23,21.0,59,91.9,8.13,0,0,12.0,No,78.2,81.7,Excellent,Low
STU106970,24,Female,CSE,4,92.6,77.5,77.4,92.8,13,15.8,50.9,24,18.0,50,63.1,8.78,1,1,13.0,Yes,78.1,71.0,Good,Low
STU106971,19,Male,MECH,6,79.5,53.4,75.3,73.4,13,16.4,44.8,27,12.0,44,73.3,6.58,1,0,9.0,No,69.3,67.0,Good,Low
STU106972,20,Female,IT,4,89.5,92.0,81.5,66.1,11,13.3,71.2,27,14.0,46,64.8,7.15,1,4,7.0,Yes,84.2,57.4,Average,Medium
STU106973,22,Male,CSE,7,67.6,60.2,53.1,36.9,9,12.2,63.7,24,11.0,24,41.1,6.3,2,6,10.0,Yes,63.2,53.0,Average,Medium
STU106974,18,Female,AI&DS,6,79.9,69.9,78.5,49.6,11,9.1,,28,16.0,40,60.8,5.62,1,3,10.0,Yes,64.8,56.2,Average,Medium
STU106975,22,Female,CIVIL,6,81.6,76.9,61.5,61.3,13,15.2,65.2,27,23.0,44,72.0,6.92,1,3,11.0,No,82.0,64.2,Average,Medium
STU106976,18,Female,MECH,6,51.6,32.0,48.6,48.2,6,6.5,39.6,15,10.0,27,53.8,5.89,3,6,4.0,Yes,50.5,35.5,Poor,High
STU106977,24,Female,MECH,4,93.1,66.9,86.8,59.2,13,15.7,85.3,35,19.0,38,63.6,6.73,0,0,10.0,No,67.4,68.3,Good,Low
STU106978,22,Female,IT,6,67.2,76.2,54.1,73.9,10,15.2,59.1,16,9.0,25,55.8,7.65,1,2,5.0,No,68.0,58.9,Average,Medium
STU106979,20,Female,CSE,6,100.0,78.0,92.0,91.6,13,18.8,86.0,30,21.0,37,67.5,9.44,1,2,18.0,Yes,99.5,78.5,Good,Low
STU106980,22,Female,MECH,7,62.0,46.6,63.4,37.7,5,7.8,23.9,12,7.0,12,36.5,4.12,1,0,6.0,No,42.3,41.6,Poor,High
STU106981,20,Male,EEE,4,80.8,79.3,87.6,65.0,14,11.0,82.2,35,22.0,41,76.2,7.5,0,1,13.0,No,71.7,74.4,Good,Low
STU106982,18,Female,CSE,6,73.2,56.9,68.4,61.4,12,12.9,57.4,18,21.0,33,61.9,6.05,3,5,15.0,No,68.5,55.9,Average,Medium
STU106983,18,Female,CSE,8,64.4,58.0,64.9,43.5,10,17.9,72.7,15,17.0,40,68.2,6.98,1,2,5.0,Yes,63.8,68.7,Good,Low
STU106984,19,Female,EEE,4,76.4,50.6,67.1,49.3,12,8.7,59.5,21,17.0,36,56.5,5.9,2,4,10.0,No,59.5,39.0,Poor,High
STU106985,22,Male,EEE,7,73.8,49.6,60.0,60.8,9,12.5,51.8,16,12.0,25,44.0,5.78,2,4,4.0,Yes,63.0,49.2,Poor,High
STU106986,21,Male,EEE,4,69.9,64.6,70.4,40.3,10,11.5,44.2,25,14.0,40,61.0,7.32,2,2,6.0,Yes,52.1,52.2,Average,Medium
STU106987,19,Female,ECE,2,64.6,51.8,66.5,48.5,15,13.6,68.1,16,18.0,26,66.7,5.16,3,2,3.0,Yes,45.4,45.9,Poor,High
STU106988,22,Female,MECH,2,79.4,62.6,89.5,65.8,12,16.6,81.4,45,24.0,58,68.1,7.69,1,2,13.0,Yes,66.5,64.3,Average,Medium
STU106989,20,Male,AI&DS,5,71.4,49.0,71.8,46.6,12,11.5,55.1,17,16.0,29,63.2,5.89,1,2,10.0,Yes,60.1,62.4,Average,Medium
STU106990,19,Female,AI&DS,4,63.0,49.3,56.8,33.7,8,8.7,66.6,13,16.0,21,46.1,5.92,1,3,10.0,No,48.0,38.8,Poor,High
STU106991,22,Male,EEE,3,72.1,52.6,58.6,75.1,11,14.3,68.9,21,21.0,45,82.4,5.76,1,2,12.0,No,74.5,63.6,Average,Medium
STU106992,21,Female,EEE,8,76.9,,76.9,64.3,11,13.7,57.8,24,12.0,9,70.9,6.92,1,2,10.0,No,67.5,65.3,Good,Low
STU106993,22,Female,CIVIL,7,58.9,50.9,77.1,39.5,11,7.8,56.6,21,17.0,37,76.4,5.81,1,3,13.0,Yes,41.9,48.4,Poor,High
STU106994,21,Female,ECE,6,76.2,51.2,69.2,65.0,14,9.4,78.8,29,22.0,36,69.8,6.77,0,2,15.0,No,59.1,42.8,Poor,High
STU106995,18,Female,CIVIL,7,92.1,81.5,76.5,75.6,12,16.7,48.4,23,14.0,30,78.4,7.05,1,5,8.0,No,70.4,74.7,Good,Low
STU106996,18,Female,IT,6,99.1,71.0,87.1,71.2,14,14.5,69.8,32,18.0,41,80.9,7.28,0,3,15.0,Yes,79.8,65.6,Good,Low
STU106997,18,Male,ECE,6,73.5,40.1,60.9,70.9,6,11.3,56.6,22,9.0,38,67.2,6.36,1,2,10.0,Yes,65.1,49.1,Poor,High
STU106998,19,Female,EEE,3,71.3,60.9,57.2,26.8,7,12.9,45.9,20,9.0,18,60.2,4.5,1,3,4.0,Yes,54.1,48.7,Poor,High
STU106999,19,Male,IT,2,80.7,61.3,75.3,68.1,12,9.9,,30,13.0,42,65.7,7.35,0,4,9.0,No,63.4,69.9,Good,Low
STU107000,24,Male,AI&DS,6,71.3,67.1,80.7,,12,11.0,71.1,22,19.0,23,49.3,6.31,0,4,6.0,No,71.3,57.4,Average,Medium
STU107001,23,Male,MECH,2,51.9,51.5,78.2,38.3,12,15.0,59.5,19,11.0,31,58.8,4.89,2,3,9.0,Yes,,46.3,Poor,High
STU107002,24,Female,EEE,3,71.9,64.3,76.6,59.6,12,10.3,57.9,31,21.0,25,69.1,5.34,0,7,12.0,Yes,61.0,52.6,Average,Medium
STU107003,21,Female,ECE,5,62.1,56.2,68.5,60.7,12,13.6,75.1,26,15.0,47,53.6,4.74,1,4,11.0,Yes,61.6,55.6,Average,Medium
STU107004,20,Female,IT,4,83.2,53.2,65.3,72.0,12,,67.0,28,14.0,41,74.1,6.98,2,1,9.0,No,64.5,64.9,Average,Medium
STU107005,20,Female,CSE,4,76.7,46.9,74.4,65.7,11,12.3,66.3,25,18.0,23,54.7,5.95,1,0,10.0,No,63.7,51.3,Average,Medium
STU107006,24,Female,CSE,6,87.3,57.4,77.5,68.2,12,12.0,82.1,25,20.0,48,75.1,7.28,0,4,14.0,No,74.6,72.5,Good,Low
STU107007,20,Female,CSE,7,60.2,41.0,52.7,29.1,11,8.3,46.4,26,13.0,37,64.4,6.4,1,3,7.0,Yes,48.4,45.7,Poor,High
STU107008,22,Female,IT,2,64.1,52.4,67.7,27.6,5,9.1,74.6,27,16.0,25,79.7,4.77,1,1,8.0,No,39.1,53.0,Average,Medium
STU107009,19,Male,AI&DS,3,66.5,52.2,58.7,37.1,9,12.1,65.8,19,14.0,25,48.1,5.15,0,3,10.0,Yes,49.2,54.6,Average,Medium
STU107010,24,Female,MECH,4,77.0,55.9,55.8,51.8,10,15.1,50.0,20,14.0,33,59.5,6.75,1,6,10.0,No,63.3,51.9,Average,Medium
STU107011,22,Male,AI&DS,3,60.6,41.6,60.9,44.0,8,11.3,39.5,6,12.0,19,42.1,5.69,0,3,6.0,Yes,50.0,47.2,Poor,High
STU107012,24,Male,ECE,2,63.5,51.2,80.8,60.7,12,4.6,72.4,30,13.0,48,73.9,4.57,1,2,6.0,Yes,61.6,42.3,Poor,High
STU107013,20,Male,ECE,3,83.9,66.7,70.7,64.4,17,16.9,88.5,32,21.0,44,75.4,5.2,2,1,13.0,No,70.8,64.8,Average,Medium
STU107014,22,Male,AI&DS,3,54.5,54.3,57.6,42.7,7,11.9,49.4,19,10.0,24,38.6,6.62,1,7,4.0,No,44.9,31.7,Poor,High
STU107015,19,Female,AI&DS,8,74.4,74.7,67.6,77.2,14,12.4,76.9,25,24.0,51,97.6,6.63,1,1,11.0,Yes,83.8,75.6,Good,Low
STU107016,21,Male,AI&DS,4,85.4,56.7,80.9,67.2,13,15.7,69.9,25,19.0,34,74.0,6.54,1,2,10.0,No,73.2,54.9,Average,Medium
STU107017,20,Female,CSE,4,85.6,80.7,84.4,68.3,13,15.1,90.4,35,22.0,52,70.9,7.98,0,2,18.0,No,,68.8,Good,Low
STU107018,18,Male,ECE,6,81.2,68.6,79.8,64.8,12,12.3,75.9,21,,39,68.8,7.23,1,0,17.0,No,73.1,70.2,Good,Low
STU107019,21,Female,EEE,6,88.5,63.7,93.9,60.6,17,17.1,72.1,24,18.0,41,,6.17,2,0,15.0,No,71.4,70.0,Good,Low
STU107020,21,Male,CSE,3,77.0,69.2,76.4,74.1,13,14.1,73.9,28,14.0,41,70.1,6.74,2,2,8.0,No,68.5,65.9,Good,Low
STU107021,19,Female,AI&DS,4,63.5,63.5,64.9,62.9,7,18.1,50.7,33,12.0,32,36.2,6.52,1,2,7.0,No,58.2,53.9,Average,Medium
STU107022,20,Male,ECE,2,79.8,95.5,67.1,66.6,18,13.8,52.2,35,15.0,28,67.2,7.23,2,2,10.0,No,78.0,60.0,Average,Medium
STU107023,18,Female,IT,3,63.4,68.8,71.7,45.2,11,12.2,50.0,15,15.0,39,78.2,6.69,2,7,7.0,No,40.5,43.8,Poor,High
STU107024,22,Female,EEE,4,78.9,62.4,54.7,57.3,10,14.8,73.5,25,17.0,43,70.9,8.55,0,6,11.0,No,72.3,58.7,Average,Medium
STU107025,20,Female,IT,4,77.9,76.4,88.5,59.2,11,15.5,61.3,25,21.0,45,79.0,7.21,0,0,11.0,No,68.7,66.4,Good,Low
STU107026,18,Female,ECE,3,80.6,85.6,74.3,70.3,16,18.3,71.0,32,15.0,34,49.2,7.46,1,2,8.0,No,79.0,71.5,Good,Low
STU107027,21,Male,CIVIL,8,89.5,67.1,73.2,60.0,11,18.9,80.9,29,12.0,40,50.5,7.08,1,3,12.0,No,83.8,62.8,Average,Medium
STU107028,23,Male,CSE,7,68.5,47.4,54.7,65.4,9,13.3,57.1,18,10.0,34,54.1,5.87,2,2,12.0,Yes,61.3,63.8,Average,Medium
STU107029,24,Male,EEE,5,64.8,62.4,65.0,52.6,11,6.2,79.2,27,13.0,33,49.7,6.28,1,1,10.0,Yes,57.7,59.3,Average,Medium
STU107030,24,Male,AI&DS,7,82.7,67.5,71.7,69.2,9,17.4,67.5,28,25.0,47,63.6,7.11,1,4,10.0,No,62.4,71.0,Good,Low
STU107031,19,Male,MECH,4,62.8,42.6,71.7,41.2,10,5.5,41.6,19,9.0,22,43.3,6.14,2,3,11.0,Yes,52.2,44.6,Poor,High
STU107032,19,Female,IT,6,78.8,83.0,76.8,84.3,12,14.7,58.4,29,24.0,30,72.6,8.75,0,0,12.0,No,74.0,75.0,Good,Low
STU107033,24,Female,MECH,7,71.2,62.7,68.3,63.0,10,10.3,30.5,16,13.0,1,42.3,6.54,1,2,7.0,No,57.2,59.9,Average,Medium
STU107034,22,Female,CSE,6,63.2,52.2,39.9,64.2,10,13.9,67.0,20,12.0,20,68.3,6.2,2,3,8.0,Yes,66.9,49.0,Poor,High
STU107035,21,Female,EEE,4,75.4,74.2,78.3,56.5,16,12.4,62.2,36,19.0,30,47.6,5.59,1,1,16.0,No,67.2,55.1,Average,Medium
STU107036,23,Female,MECH,7,53.6,46.4,45.9,41.8,7,14.4,28.1,19,13.0,30,47.3,5.99,2,2,5.0,Yes,40.5,31.6,Poor,High
STU107037,18,Male,CSE,2,66.4,63.5,69.8,72.6,15,9.3,66.0,34,16.0,53,67.0,6.84,0,4,10.0,No,66.9,50.5,Average,Medium
STU107038,21,Female,CSE,4,97.3,58.6,89.9,69.4,17,8.9,77.2,25,28.0,54,85.8,4.21,2,1,17.0,No,71.7,82.2,Excellent,Low
STU107039,22,Male,MECH,7,98.5,66.9,97.2,74.3,17,10.6,79.5,39,25.0,51,89.2,8.25,1,0,19.0,No,78.9,79.1,Good,Low
STU107040,24,Male,AI&DS,6,58.6,42.4,62.8,32.2,10,5.5,66.1,15,12.0,12,46.5,4.59,1,5,8.0,No,41.9,42.2,Poor,High
STU107041,21,Female,CSE,4,77.8,43.7,88.0,58.8,8,12.2,74.3,31,19.0,36,71.0,5.89,2,2,11.0,No,61.3,55.8,Average,Medium
STU107042,21,Male,IT,4,78.0,76.1,81.0,80.4,10,20.3,66.7,29,18.0,51,64.4,6.7,0,1,10.0,No,79.7,76.8,Good,Low
STU107043,23,Male,IT,4,51.8,49.0,65.1,40.1,8,10.4,57.6,6,12.0,2,30.4,4.95,2,5,0.0,No,48.6,36.6,Poor,High
STU107044,19,Male,AI&DS,5,86.4,87.5,83.5,83.5,13,20.3,72.1,34,23.0,55,85.4,7.68,1,1,13.0,Yes,86.5,82.5,Excellent,Low
STU107045,18,Female,IT,3,69.4,60.6,73.9,52.2,10,10.9,65.1,22,14.0,34,72.3,6.36,1,3,7.0,No,64.8,38.9,Poor,High
STU107046,21,Male,CIVIL,7,67.4,63.1,76.9,79.0,10,15.6,58.3,34,19.0,39,56.6,6.59,2,3,8.0,Yes,62.5,65.1,Good,Low
STU107047,22,Female,EEE,2,75.5,77.9,64.1,54.8,7,17.4,72.8,24,11.0,34,49.6,7.29,3,3,5.0,No,70.4,58.5,Average,Medium
STU107048,21,Male,MECH,7,78.9,71.4,89.6,67.7,13,14.0,70.3,28,21.0,50,48.3,8.22,0,2,12.0,No,67.3,62.7,Average,Medium
STU107049,22,Female,IT,5,69.6,71.2,67.2,67.1,12,11.3,36.0,24,14.0,23,76.9,7.67,0,4,8.0,No,73.2,62.0,Average,Medium
STU107050,19,Female,MECH,4,82.4,80.3,66.8,73.5,13,14.9,58.0,30,17.0,43,62.5,7.47,0,0,8.0,No,82.9,71.0,Good,Low
STU107051,18,Male,AI&DS,7,92.0,58.9,88.1,57.6,10,9.7,81.5,36,20.0,20,86.8,8.49,0,2,11.0,No,71.3,70.0,Good,Low
STU107052,23,Female,CSE,8,78.5,84.6,71.1,83.4,10,21.3,50.7,28,20.0,40,63.9,7.98,0,3,10.0,Yes,78.7,78.4,Good,Low
STU107053,23,Male,ECE,4,92.3,59.6,60.4,71.0,11,12.8,67.9,30,15.0,46,89.3,6.29,0,0,12.0,No,75.8,77.3,Good,Low
STU107054,22,Male,CSE,5,87.9,80.2,100.0,82.2,15,18.5,84.7,39,23.0,57,78.5,7.49,2,1,15.0,No,84.2,90.0,Excellent,Low
STU107055,20,Male,CSE,5,72.2,69.0,61.7,71.7,10,19.6,69.0,24,16.0,43,51.8,7.75,0,2,9.0,No,76.0,67.3,Good,Low
STU107056,20,Male,ECE,5,67.2,53.9,61.4,37.3,12,5.8,77.1,15,11.0,24,54.4,4.19,2,5,9.0,Yes,42.3,46.4,Poor,High
STU107057,21,Other,AI&DS,4,100.0,82.1,81.6,100.0,16,24.3,,38,25.0,63,83.0,9.01,0,1,14.0,No,96.1,86.7,Excellent,Low
STU107058,20,Female,CSE,5,77.7,63.2,73.1,67.3,12,7.3,59.3,32,18.0,51,65.0,6.59,1,3,10.0,No,62.9,60.0,Average,Medium
STU107059,19,Female,IT,2,96.3,68.0,79.1,66.8,14,20.2,60.9,27,17.0,45,79.4,8.08,0,3,12.0,No,76.9,65.1,Good,Low
STU107060,20,Male,CSE,7,79.9,61.9,62.6,58.6,8,11.8,74.5,20,19.0,15,71.5,6.65,1,0,12.0,No,71.1,64.7,Average,Medium
STU107061,20,Female,EEE,2,68.1,68.0,76.8,78.8,14,10.2,39.2,27,11.0,41,63.9,7.6,0,3,9.0,No,72.9,67.1,Good,Low
STU107062,21,Female,EEE,8,75.5,68.5,90.2,58.6,13,8.5,63.9,33,14.0,41,58.5,5.71,2,5,6.0,No,54.0,49.1,Poor,High
STU107063,20,Male,IT,4,65.6,59.6,61.8,65.1,11,13.7,70.8,22,12.0,36,52.7,7.9,1,3,11.0,No,62.5,61.9,Average,Medium
STU107064,21,Female,AI&DS,6,71.2,49.8,61.6,51.2,12,10.1,73.5,26,15.0,34,78.8,6.73,1,3,10.0,Yes,62.7,43.5,Poor,High
STU107065,23,Female,AI&DS,2,87.5,76.4,76.1,70.1,14,19.2,92.5,39,22.0,62,97.8,7.4,1,1,15.0,No,75.4,72.6,Good,Low
STU107066,20,Female,EEE,4,88.2,66.3,78.9,67.8,14,13.6,59.7,38,19.0,44,90.0,5.48,2,2,11.0,No,66.4,72.9,Good,Low
STU107067,18,Female,EEE,8,93.4,78.3,89.8,87.1,15,12.3,93.3,38,21.0,36,67.8,8.5,0,1,9.0,No,95.4,72.7,Good,Low
STU107068,23,Male,CIVIL,5,55.3,50.0,46.2,46.9,10,9.2,45.5,16,11.0,18,53.1,5.24,1,7,4.0,Yes,45.3,50.3,Average,Medium
STU107069,19,Female,CSE,5,68.1,59.7,85.9,63.5,7,13.9,54.6,24,10.0,40,54.4,7.15,1,3,11.0,No,70.8,59.9,Average,Medium
STU107070,24,Female,AI&DS,4,97.1,70.8,77.2,75.0,18,8.8,74.5,41,23.0,48,77.9,6.13,1,0,10.0,No,68.1,84.7,Excellent,Low
STU107071,21,Female,CSE,6,74.7,64.1,76.2,41.1,11,15.6,78.4,28,20.0,30,72.5,6.14,0,3,9.0,Yes,60.3,62.4,Average,Medium
STU107072,21,Male,MECH,6,87.2,77.0,73.0,69.4,13,16.3,52.6,23,16.0,40,61.1,7.89,0,1,11.0,Yes,72.0,71.4,Good,Low
STU107073,20,Male,AI&DS,5,76.8,52.1,70.4,61.1,13,10.9,61.2,30,20.0,44,77.4,6.07,1,3,12.0,No,70.2,57.9,Average,Medium
STU107074,22,Male,AI&DS,8,86.3,64.1,69.7,47.4,13,12.3,79.8,25,25.0,28,62.8,6.54,1,0,19.0,Yes,66.8,67.7,Good,Low
STU107075,22,Male,EEE,5,86.1,85.9,90.1,95.9,19,22.2,88.9,36,24.0,49,69.7,8.51,0,0,17.0,No,92.5,83.0,Excellent,Low
STU107076,24,Female,AI&DS,8,68.0,37.4,60.3,40.7,9,9.1,57.5,18,14.0,13,47.0,4.61,3,3,8.0,Yes,39.7,40.6,Poor,High
STU107077,18,Female,CSE,5,75.9,68.4,76.3,71.0,11,19.5,58.6,31,21.0,41,49.9,7.27,1,5,10.0,No,79.5,68.7,Good,Low
STU107078,19,Female,AI&DS,5,74.1,61.0,71.2,53.2,12,14.5,64.5,30,18.0,57,78.1,6.92,1,0,11.0,No,63.6,54.8,Average,Medium
STU107079,19,Male,CIVIL,6,58.8,38.7,69.6,49.0,8,9.8,57.3,13,6.0,33,37.0,5.15,2,2,5.0,No,56.1,48.5,Poor,High
STU107080,19,Female,EEE,4,80.3,75.0,81.9,63.3,15,12.8,67.5,27,16.0,35,61.2,7.08,1,2,12.0,No,64.0,67.4,Good,Low
STU107081,24,Male,ECE,7,70.8,71.3,82.2,87.9,11,17.3,65.3,30,16.0,25,62.8,8.97,2,4,6.0,Yes,86.9,72.1,Good,Low
STU107082,18,Male,ECE,5,70.8,71.7,67.2,74.1,11,18.7,49.5,26,9.0,31,61.4,8.29,0,3,6.0,No,70.6,68.7,Good,Low
STU107083,18,Male,IT,3,74.1,67.8,62.1,62.3,15,,68.3,25,14.0,37,74.5,6.21,0,0,8.0,No,66.8,67.8,Good,Low
STU107084,21,Female,CSE,4,85.3,78.1,65.1,54.0,9,22.0,58.4,29,13.0,29,33.9,7.51,0,0,8.0,No,81.5,63.3,Average,Medium
STU107085,19,Female,CSE,4,76.5,64.9,83.2,59.8,17,19.9,82.1,36,20.0,55,55.1,6.91,1,0,17.0,No,72.6,71.4,Good,Low
STU107086,20,Female,IT,8,75.9,67.8,74.8,36.7,12,10.0,61.9,28,14.0,45,78.3,6.43,2,2,12.0,Yes,57.5,54.9,Average,Medium
STU107087,22,Male,ECE,4,75.0,67.8,80.3,51.0,16,11.2,63.5,18,19.0,34,70.1,5.63,2,3,14.0,Yes,54.3,56.6,Average,Medium
STU107088,21,Male,IT,3,74.8,51.7,67.0,56.7,10,13.6,59.7,21,18.0,26,53.6,5.93,3,5,11.0,No,65.5,60.5,Average,Medium
STU107089,24,Female,MECH,6,81.5,80.8,78.5,67.4,18,11.9,79.5,28,19.0,28,67.2,7.92,0,0,9.0,Yes,67.7,75.0,Good,Low
STU107090,21,Female,MECH,7,86.8,68.3,97.5,65.4,12,13.6,77.2,33,15.0,39,67.6,6.04,1,2,10.0,No,71.5,71.9,Good,Low
STU107091,24,Female,EEE,4,70.3,57.4,69.9,70.3,10,7.5,57.5,31,22.0,39,63.9,6.42,0,4,13.0,No,51.0,72.5,Good,Low
STU107092,19,Male,CSE,4,58.2,50.0,46.3,33.5,9,7.1,45.1,20,9.0,28,54.3,6.22,1,7,3.0,Yes,39.4,34.9,Poor,High
STU107093,19,Male,IT,6,84.7,64.2,70.5,58.2,13,12.4,48.0,37,15.0,39,52.7,6.36,1,4,10.0,Yes,73.4,64.3,Average,Medium
STU107094,20,Female,ECE,6,65.8,52.2,75.7,52.3,11,15.8,58.7,22,12.0,41,49.9,6.21,1,0,6.0,No,67.5,64.8,Average,Medium
STU107095,18,Female,CSE,2,71.0,74.7,67.7,49.6,11,11.9,71.9,24,20.0,42,64.6,7.0,1,6,9.0,Yes,78.1,40.8,Poor,High
STU107096,18,Female,CSE,8,82.9,73.1,84.5,70.9,14,18.7,67.3,32,15.0,38,,8.15,0,3,11.0,No,78.5,91.7,Excellent,Low
STU107097,20,Female,AI&DS,4,67.9,38.9,61.5,41.7,7,4.8,65.2,19,18.0,20,52.0,5.5,1,5,8.0,Yes,49.1,35.2,Poor,High
STU107098,21,Female,AI&DS,6,68.6,63.3,71.1,47.2,7,12.8,57.6,27,10.0,24,61.4,6.5,1,3,8.0,Yes,53.8,50.5,Average,Medium
STU107099,19,Female,CSE,2,74.2,59.8,53.8,45.2,11,8.1,58.0,17,12.0,51,62.6,7.55,2,2,9.0,No,56.2,52.3,Average,Medium
STU107100,19,Male,AI&DS,6,73.2,67.9,78.0,59.7,17,17.5,55.5,24,20.0,47,76.5,7.82,2,3,14.0,No,66.6,60.2,Average,Medium
STU107101,18,Female,IT,2,87.5,74.5,75.8,67.8,16,14.9,76.4,25,28.0,59,80.2,7.52,0,2,8.0,Yes,65.3,70.4,Good,Low
STU107102,18,Male,EEE,2,67.7,64.3,72.2,47.3,11,9.3,64.0,28,22.0,38,55.9,,2,0,9.0,No,62.1,39.4,Poor,High
STU107103,24,Female,AI&DS,8,48.5,59.2,63.1,79.6,12,14.7,74.3,25,20.0,46,64.6,7.51,2,4,9.0,No,71.6,50.1,Average,Medium
STU107104,18,Female,CSE,2,95.3,61.8,97.1,83.8,17,15.2,82.5,45,21.0,44,69.7,6.71,0,0,17.0,No,66.7,75.8,Good,Low
STU107105,22,Male,MECH,7,78.7,50.9,80.9,59.4,9,9.3,67.9,28,12.0,27,63.3,6.97,0,3,9.0,No,67.6,57.6,Average,Medium
STU107106,23,Male,MECH,5,74.0,58.4,66.6,60.5,8,14.3,37.9,17,15.0,22,51.1,5.5,2,5,7.0,No,57.3,53.6,Average,Medium
STU107107,19,Male,CSE,3,70.6,73.2,71.3,54.9,14,8.9,73.0,24,20.0,29,78.1,7.56,0,0,7.0,No,68.5,71.9,Good,Low
STU107108,19,Female,IT,4,79.0,67.4,98.1,71.0,15,19.4,49.3,27,19.0,47,77.6,6.65,0,0,17.0,Yes,78.0,78.0,Good,Low
STU107109,20,Male,AI&DS,2,89.0,73.5,83.2,58.5,12,15.0,72.8,27,18.0,76,78.6,6.45,1,1,10.0,No,80.0,80.6,Excellent,Low
STU107110,22,Female,AI&DS,6,78.1,64.5,84.5,73.8,12,10.4,87.2,27,24.0,34,63.8,7.3,0,1,10.0,No,77.9,70.9,Good,Low
STU107111,18,Male,AI&DS,7,61.4,55.6,44.5,59.8,5,9.0,35.3,11,9.0,19,27.0,5.84,2,3,0.0,No,59.4,31.8,Poor,High
STU107112,23,Male,IT,4,79.5,60.9,71.7,82.1,14,17.9,90.0,30,23.0,45,76.6,6.29,0,4,11.0,Yes,62.4,65.0,Average,Medium
STU107113,20,Female,CIVIL,8,79.1,74.8,75.8,80.8,15,13.1,62.4,24,17.0,48,66.6,6.46,0,1,11.0,No,76.1,70.6,Good,Low
STU107114,21,Female,EEE,3,58.5,68.1,60.1,48.4,7,6.6,52.3,25,13.0,43,47.8,6.65,1,3,6.0,No,54.1,50.2,Average,Medium
STU107115,24,Male,ECE,8,72.7,44.1,62.5,45.8,12,9.9,54.4,22,14.0,13,51.8,4.03,3,2,11.0,No,47.8,49.7,Poor,High
STU107116,18,Male,AI&DS,7,75.2,73.5,66.1,61.6,12,14.3,74.0,21,15.0,25,66.3,6.16,0,5,10.0,No,72.7,51.3,Average,Medium
STU107117,24,Male,AI&DS,2,63.9,48.4,53.3,72.2,14,13.6,57.0,34,17.0,36,62.9,7.31,1,4,11.0,Yes,64.7,45.1,Poor,High
STU107118,22,Male,AI&DS,7,71.7,59.5,72.8,43.8,12,12.1,56.0,35,18.0,33,74.9,5.86,0,5,8.0,Yes,51.1,62.6,Average,Medium
STU107119,20,Male,IT,2,78.6,66.1,60.5,56.3,10,15.0,74.5,30,10.0,29,48.9,5.92,1,1,12.0,No,68.9,59.7,Average,Medium
STU107120,18,Female,MECH,8,67.6,41.9,62.7,56.3,6,14.1,30.8,15,12.0,15,56.9,5.06,0,5,5.0,Yes,45.8,44.6,Poor,High
STU107121,18,Female,ECE,6,85.4,73.9,80.2,66.6,13,7.1,60.9,24,21.0,47,67.3,7.45,2,2,10.0,No,87.0,61.2,Average,Medium
STU107122,23,Male,IT,3,74.1,57.7,71.2,37.6,13,9.2,56.8,24,14.0,17,43.5,6.33,1,1,4.0,No,61.2,49.6,Poor,High
STU107123,20,Female,CSE,8,65.6,48.5,69.5,34.2,9,8.8,57.5,18,15.0,22,53.0,4.0,3,3,9.0,Yes,46.5,43.4,Poor,High
STU107124,23,Male,CSE,4,86.3,68.9,80.7,61.1,19,16.7,73.8,27,18.0,39,71.9,6.48,0,2,16.0,Yes,61.9,78.9,Good,Low
STU107125,23,Female,AI&DS,2,80.6,63.2,60.8,47.4,10,8.2,53.0,18,16.0,38,51.6,6.82,1,3,10.0,No,55.0,59.6,Average,Medium
STU107126,20,Female,IT,3,71.5,63.4,80.8,66.2,10,11.9,77.2,18,14.0,32,71.7,6.17,0,3,8.0,No,66.2,56.6,Average,Medium
STU107127,20,Female,CSE,8,61.2,54.0,77.4,64.2,8,17.2,43.8,16,11.0,22,49.9,6.88,1,5,9.0,Yes,56.8,46.8,Poor,High
STU107128,19,Male,CSE,8,59.6,49.5,75.3,62.6,8,9.9,54.5,28,19.0,25,55.9,5.4,2,5,3.0,Yes,60.3,50.7,Average,Medium
STU107129,22,Female,AI&DS,8,64.8,60.6,46.8,65.6,11,11.6,57.7,31,16.0,32,56.6,7.22,1,4,9.0,Yes,47.0,55.7,Average,Medium
STU107130,22,Male,IT,6,56.2,67.8,60.9,48.1,9,15.8,60.7,16,11.0,40,49.5,5.82,2,3,11.0,Yes,52.4,56.5,Average,Medium
STU107131,20,Female,AI&DS,3,75.4,83.9,70.1,59.9,13,14.4,59.3,25,17.0,43,66.5,7.43,0,1,12.0,Yes,90.4,76.6,Good,Low
STU107132,21,Male,MECH,8,74.1,74.7,87.1,63.4,19,17.1,68.4,27,20.0,60,62.2,6.74,3,2,10.0,No,84.1,54.8,Average,Medium
STU107133,21,Male,IT,5,67.6,58.0,59.7,87.2,15,13.0,62.3,35,14.0,35,83.6,5.46,1,5,6.0,No,73.2,58.7,Average,Medium
STU107134,19,Female,MECH,8,63.2,67.1,62.7,56.7,9,10.9,45.8,27,5.0,34,55.5,6.36,0,5,6.0,No,67.9,46.8,Poor,High
STU107135,21,Female,CSE,2,89.8,,80.6,58.6,14,12.9,80.2,29,17.0,53,94.3,5.39,1,1,12.0,No,71.7,68.4,Good,Low
STU107136,23,Female,CSE,3,91.8,83.6,80.5,79.7,14,23.2,91.9,42,24.0,47,92.2,7.75,0,0,16.0,Yes,65.1,76.0,Good,Low
STU107137,24,Female,AI&DS,3,92.6,72.7,61.5,66.8,14,11.5,74.1,30,21.0,26,52.8,6.42,2,2,13.0,Yes,80.9,55.2,Average,Medium
STU107138,20,Male,CIVIL,4,65.8,65.2,62.0,42.8,12,8.2,41.4,24,16.0,27,61.3,6.33,0,3,10.0,Yes,68.6,41.1,Poor,High
STU107139,19,Male,CIVIL,7,88.5,82.3,88.3,85.8,17,23.8,72.0,34,22.0,64,75.1,8.31,0,0,13.0,Yes,84.0,86.9,Excellent,Low
STU107140,24,Female,CSE,4,73.5,76.7,87.0,61.6,10,5.8,58.2,22,12.0,34,58.2,6.89,2,1,11.0,No,63.0,60.1,Average,Medium
STU107141,24,Male,AI&DS,6,48.7,51.5,55.6,40.1,4,13.1,31.8,13,10.0,22,39.1,5.14,2,2,8.0,Yes,48.2,44.0,Poor,High
STU107142,23,Female,CSE,5,78.0,65.2,75.8,86.3,13,15.3,61.8,37,20.0,39,83.1,6.95,0,1,13.0,No,76.3,73.4,Good,Low
STU107143,20,Male,ECE,8,77.9,60.1,77.6,57.6,14,12.9,85.1,28,20.0,38,58.3,5.39,2,2,12.0,No,73.1,62.1,Average,Medium
STU107144,19,Male,AI&DS,8,72.9,72.2,55.2,82.1,14,16.0,85.9,35,20.0,50,76.2,7.31,1,1,13.0,No,79.5,61.0,Average,Medium
STU107145,22,Male,IT,8,72.5,40.1,63.7,46.2,11,16.6,46.5,31,16.0,19,62.4,6.22,2,3,9.0,Yes,53.1,50.6,Average,Medium
STU107146,19,Female,AI&DS,3,66.3,48.7,71.2,64.8,11,12.9,66.7,27,16.0,11,54.6,6.01,2,2,9.0,Yes,72.4,45.5,Poor,High
STU107147,23,Male,CSE,7,84.3,87.2,72.8,89.3,14,17.2,77.0,30,18.0,57,73.9,8.18,1,0,11.0,No,92.2,77.7,Good,Low
STU107148,20,Male,ECE,7,90.2,66.3,76.8,66.9,13,13.0,58.8,24,14.0,14,77.0,7.87,0,0,18.0,No,70.5,78.5,Good,Low
STU107149,20,Male,IT,4,74.2,77.8,58.0,68.0,14,13.6,79.1,28,19.0,42,81.1,8.33,0,3,11.0,No,66.6,63.3,Average,Medium
STU107150,23,Male,AI&DS,3,80.6,75.8,56.4,58.1,10,15.5,61.5,28,15.0,35,46.6,7.47,1,3,10.0,No,72.1,69.7,Good,Low
STU107151,20,Male,CIVIL,8,71.9,41.7,56.5,55.9,13,,43.4,20,12.0,31,52.4,6.56,0,0,7.0,Yes,63.6,56.3,Average,Medium
STU107152,18,Female,ECE,7,81.9,84.2,74.0,65.5,12,21.0,67.7,28,18.0,41,63.2,6.83,1,3,17.0,No,74.1,72.3,Good,Low
STU107153,23,Female,EEE,3,67.1,73.4,52.8,68.7,10,13.6,64.8,22,19.0,60,81.2,7.05,0,1,14.0,Yes,73.8,53.1,Average,Medium
STU107154,20,Male,ECE,3,66.6,69.2,74.2,67.1,13,10.4,64.2,31,25.0,43,64.9,6.62,3,1,15.0,Yes,60.8,66.9,Good,Low
STU107155,22,Male,IT,6,95.9,97.6,81.3,78.7,14,19.4,74.5,25,21.0,55,70.5,8.38,0,4,17.0,No,88.2,75.3,Good,Low
STU107156,22,Male,EEE,5,85.5,78.4,77.0,,16,14.7,78.1,40,18.0,42,68.1,6.98,1,0,13.0,No,78.2,73.3,Good,Low
STU107157,18,Male,AI&DS,7,84.5,63.5,66.6,59.5,12,9.6,68.7,22,20.0,37,64.0,5.78,0,1,12.0,No,64.5,63.3,Average,Medium
STU107158,18,Male,CIVIL,6,88.7,62.2,78.8,46.2,12,12.4,64.8,23,17.0,24,80.1,7.6,2,5,13.0,No,65.6,54.3,Average,Medium
STU107159,23,Female,CSE,7,88.9,63.0,90.5,60.4,13,16.5,58.1,27,13.0,34,91.0,6.62,0,4,10.0,No,64.7,71.2,Good,Low
STU107160,18,Male,AI&DS,5,66.4,45.7,49.4,36.4,8,5.1,48.9,19,14.0,32,58.8,6.2,2,8,7.0,No,54.3,30.8,Poor,High
STU107161,20,Male,AI&DS,8,82.1,74.1,65.5,58.1,13,9.8,82.3,21,20.0,22,61.9,6.43,1,2,13.0,No,65.4,59.9,Average,Medium
STU107162,23,Female,EEE,8,65.2,68.7,68.5,62.4,12,10.8,71.3,21,12.0,34,57.6,7.43,2,3,7.0,No,54.1,51.3,Average,Medium
STU107163,19,Male,CIVIL,8,81.7,63.7,82.2,42.0,13,10.9,73.0,33,14.0,28,88.4,6.52,2,4,11.0,No,63.9,64.9,Average,Medium
STU107164,21,Female,EEE,6,84.0,66.3,66.0,60.8,13,17.1,69.7,26,11.0,31,69.6,7.61,1,0,10.0,Yes,62.4,79.7,Good,Low
STU107165,18,Female,ECE,4,75.7,68.5,79.9,62.0,10,11.0,77.3,21,16.0,42,41.6,7.07,2,3,10.0,No,63.9,66.7,Good,Low
STU107166,21,Male,CSE,3,78.3,56.8,68.4,52.8,11,20.8,61.4,24,17.0,29,63.6,7.2,1,1,11.0,No,61.0,63.1,Average,Medium
STU107167,22,Female,IT,5,58.0,83.5,66.4,58.8,10,11.0,60.0,19,12.0,27,45.3,7.19,0,1,7.0,No,54.3,66.2,Good,Low
STU107168,19,Male,AI&DS,4,60.3,62.5,71.7,45.3,8,14.5,45.0,16,15.0,33,41.5,7.87,0,1,6.0,Yes,48.3,63.3,Average,Medium
STU107169,19,Male,CSE,3,73.8,43.7,78.2,54.8,11,9.8,41.4,31,15.0,30,59.2,5.19,2,4,8.0,Yes,60.3,47.9,Poor,High
STU107170,21,Female,CIVIL,4,88.4,92.8,82.8,76.2,18,19.1,82.9,41,21.0,41,79.8,8.5,1,0,12.0,Yes,80.9,78.7,Good,Low
STU107171,23,Female,IT,7,70.0,69.1,66.5,48.2,4,4.0,51.3,21,11.0,22,52.8,6.81,0,4,7.0,No,75.8,58.6,Average,Medium
STU107172,21,Male,AI&DS,4,60.7,61.1,64.1,64.2,9,9.0,40.2,18,16.0,26,64.0,6.97,1,3,6.0,Yes,64.8,48.6,Poor,High
STU107173,22,Male,EEE,2,80.8,70.2,56.3,55.5,13,11.4,70.0,31,10.0,37,52.8,6.17,0,3,14.0,Yes,74.3,61.3,Average,Medium
STU107174,20,Female,CIVIL,3,58.9,64.7,56.5,70.7,13,4.6,45.3,28,17.0,33,66.6,6.83,1,6,9.0,No,66.2,51.1,Average,Medium
STU107175,18,Female,CSE,3,94.5,82.1,72.6,82.6,13,8.2,74.2,32,25.0,45,88.3,8.02,0,0,14.0,No,79.7,65.5,Good,Low
STU107176,24,Female,IT,3,74.7,65.7,88.5,78.0,12,13.7,71.8,43,21.0,72,74.5,6.73,1,2,14.0,No,73.0,58.1,Average,Medium
STU107177,23,Female,AI&DS,5,82.6,70.0,63.5,67.2,12,15.9,54.9,20,16.0,32,66.5,7.05,2,3,7.0,No,68.5,63.5,Average,Medium
STU107178,18,Female,ECE,8,67.5,63.0,73.9,69.6,13,14.6,61.5,18,16.0,37,67.4,6.73,1,2,10.0,Yes,78.4,59.7,Average,Medium
STU107179,19,Female,CSE,4,67.4,65.2,62.4,32.4,6,9.9,45.9,12,8.0,9,57.4,6.95,0,5,5.0,Yes,48.0,43.6,Poor,High
STU107180,20,Male,CSE,8,75.2,59.4,65.9,63.8,6,11.9,53.6,17,10.0,24,36.3,6.68,2,2,9.0,No,64.5,58.5,Average,Medium
STU107181,18,Male,CSE,8,77.9,66.8,68.4,52.4,13,13.6,80.8,31,22.0,39,76.7,6.51,1,5,10.0,No,,64.5,Average,Medium
STU107182,24,Female,AI&DS,3,71.8,57.1,68.0,55.3,12,18.4,66.7,27,18.0,33,85.4,7.62,0,4,11.0,No,68.9,72.6,Good,Low
STU107183,19,Female,IT,6,65.5,67.5,69.8,,16,15.5,73.0,18,17.0,36,71.0,6.48,1,2,8.0,No,69.6,54.0,Average,Medium
STU107184,19,Female,ECE,7,73.1,68.8,82.5,62.4,13,18.1,65.1,27,21.0,41,80.4,7.87,1,4,7.0,No,76.2,63.2,Average,Medium
STU107185,20,Female,AI&DS,6,63.8,60.4,67.6,40.5,6,12.7,50.4,17,6.0,11,30.5,6.19,0,0,10.0,Yes,53.6,68.2,Good,Low
STU107186,24,Female,ECE,3,59.5,63.1,81.8,53.6,8,12.9,66.1,24,12.0,30,66.0,6.71,0,4,8.0,Yes,77.6,56.0,Average,Medium
STU107187,19,Male,AI&DS,6,70.6,60.7,64.2,43.5,14,12.4,79.5,16,17.0,38,58.6,6.46,2,0,12.0,No,74.7,58.6,Average,Medium
STU107188,20,Female,EEE,5,75.2,84.3,88.0,63.3,15,15.4,78.2,33,22.0,55,92.2,7.67,2,1,14.0,No,66.3,78.8,Good,Low
STU107189,22,Female,ECE,3,73.1,61.8,76.2,57.8,13,6.9,76.9,28,20.0,42,88.6,6.4,3,2,5.0,No,53.6,51.4,Average,Medium
STU107190,19,Female,AI&DS,3,66.3,65.9,60.0,49.5,16,15.6,58.4,21,13.0,30,72.6,5.88,1,2,6.0,Yes,58.8,57.5,Average,Medium
STU107191,18,Female,MECH,4,71.1,58.6,68.6,53.4,7,13.4,52.2,22,12.0,23,66.9,5.59,2,3,8.0,No,62.2,48.4,Poor,High
STU107192,18,Female,AI&DS,3,63.7,51.8,68.8,41.0,11,13.2,58.9,17,9.0,40,54.2,5.43,1,3,11.0,Yes,58.1,56.3,Average,Medium
STU107193,19,Male,CIVIL,5,81.6,90.7,82.4,82.5,16,19.1,72.7,29,11.0,58,84.2,6.01,1,2,12.0,No,89.3,78.0,Good,Low
STU107194,20,Female,EEE,4,67.8,52.7,62.4,49.0,15,9.0,59.9,28,17.0,53,65.6,6.32,1,3,8.0,Yes,56.9,47.6,Poor,High
STU107195,24,Female,CSE,2,69.1,49.7,58.6,60.8,8,5.3,55.7,20,11.0,33,71.5,5.6,2,2,10.0,Yes,59.8,44.4,Poor,High
STU107196,24,Male,CSE,6,79.3,71.9,76.6,73.3,14,19.5,86.0,32,18.0,42,78.1,7.18,0,3,15.0,No,64.8,64.1,Average,Medium
STU107197,21,Female,AI&DS,2,54.0,58.4,72.7,46.7,7,13.0,52.0,17,15.0,32,33.7,6.17,2,5,9.0,Yes,48.8,29.9,Poor,High
STU107198,24,Male,IT,5,77.5,55.4,83.7,78.0,14,14.6,96.9,30,14.0,26,76.2,7.29,2,2,10.0,No,75.1,69.1,Good,Low
STU107199,18,Male,CIVIL,2,56.0,51.3,55.5,61.5,9,15.6,49.6,20,18.0,26,41.0,6.08,2,6,6.0,No,56.6,46.2,Poor,High
STU107200,21,Male,IT,7,62.7,71.8,64.4,64.6,12,13.1,69.7,28,17.0,34,80.7,7.17,1,6,9.0,Yes,60.3,60.3,Average,Medium
STU107201,21,Male,MECH,4,69.3,74.8,65.7,74.1,13,13.7,45.7,28,14.0,38,67.2,7.76,0,5,10.0,No,70.9,66.5,Good,Low
STU107202,18,Male,IT,2,75.7,57.7,75.1,70.4,16,16.2,82.7,38,22.0,55,77.7,7.56,0,2,12.0,No,73.3,77.3,Good,Low
STU107203,21,Male,AI&DS,3,72.0,52.1,67.5,58.7,10,12.7,39.0,13,11.0,43,71.7,8.13,0,2,9.0,Yes,55.8,53.6,Average,Medium
STU107204,21,Male,EEE,6,85.4,,67.5,57.9,15,13.6,86.3,30,19.0,60,80.7,7.37,0,0,12.0,No,71.6,66.4,Good,Low
STU107205,23,Male,AI&DS,7,63.2,56.7,57.4,49.3,10,14.8,45.5,17,4.0,18,36.3,5.92,1,4,5.0,No,53.6,44.2,Poor,High
STU107206,20,Female,IT,2,74.3,47.4,57.6,52.4,8,9.2,63.5,19,6.0,28,57.3,5.89,2,2,13.0,No,67.1,53.9,Average,Medium
STU107207,21,Female,IT,4,82.5,66.2,77.0,77.3,16,15.2,69.0,31,21.0,61,97.3,7.9,1,3,10.0,No,81.9,66.5,Good,Low
STU107208,19,Male,MECH,2,87.4,78.7,100.0,72.7,15,18.9,75.3,34,14.0,42,78.3,6.05,1,0,13.0,No,56.5,87.2,Excellent,Low
STU107209,21,Female,CIVIL,3,,55.6,64.8,48.9,10,7.6,56.3,13,14.0,13,31.8,4.0,2,5,7.0,Yes,61.0,47.5,Poor,High
STU107210,18,Male,IT,4,72.8,70.3,72.5,49.2,13,12.9,71.8,18,16.0,47,69.4,6.72,0,2,10.0,Yes,62.1,73.1,Good,Low
STU107211,21,Female,CSE,6,62.0,49.4,66.2,60.1,9,11.8,53.4,19,14.0,29,66.1,6.84,1,1,10.0,Yes,53.2,56.8,Average,Medium
STU107212,20,Female,ECE,2,51.7,50.5,65.1,40.5,9,11.6,54.1,21,10.0,14,54.2,7.39,0,4,8.0,Yes,48.7,49.1,Poor,High
STU107213,19,Female,MECH,6,82.5,78.9,67.8,44.8,8,16.3,55.6,31,9.0,26,34.3,6.67,1,1,9.0,Yes,66.5,55.2,Average,Medium
STU107214,20,Female,EEE,7,67.7,55.1,57.8,52.7,10,10.7,,31,15.0,37,50.0,6.06,1,2,7.0,No,59.8,46.8,Poor,High
STU107215,24,Male,EEE,8,58.1,47.3,51.7,43.1,10,9.3,34.9,17,13.0,27,55.0,6.53,0,5,8.0,No,49.4,46.0,Poor,High
STU107216,22,Female,AI&DS,5,70.1,54.0,53.6,41.9,14,8.0,81.3,23,14.0,34,83.7,4.59,2,3,9.0,No,49.6,46.5,Poor,High
STU107217,23,Female,AI&DS,5,81.5,56.6,68.7,30.4,7,7.3,44.0,18,13.0,45,40.3,6.42,1,5,7.0,Yes,54.9,56.0,Average,Medium
STU107218,20,Female,IT,6,65.3,56.5,75.1,56.9,15,17.0,64.5,24,11.0,20,52.0,5.68,0,3,10.0,No,62.1,67.4,Good,Low
STU107219,20,Male,MECH,8,70.4,57.5,61.8,51.0,7,14.2,47.3,14,9.0,26,49.0,6.8,0,3,6.0,No,61.5,46.5,Poor,High
STU107220,18,Female,EEE,2,79.3,63.1,78.6,45.7,14,15.4,56.7,20,23.0,36,77.6,5.88,2,2,12.0,Yes,67.0,63.8,Average,Medium
STU107221,22,Female,CSE,3,61.9,71.6,78.3,65.5,11,11.8,60.8,14,8.0,18,60.7,6.33,0,1,5.0,No,72.8,64.8,Average,Medium
STU107222,18,Female,CSE,3,59.0,63.9,60.5,57.4,13,16.3,69.2,31,10.0,33,69.4,6.28,1,2,11.0,Yes,79.6,59.2,Average,Medium
STU107223,24,Female,ECE,3,83.4,71.2,71.2,67.7,13,15.1,73.0,25,14.0,24,61.0,6.48,0,3,10.0,No,70.8,61.1,Average,Medium
STU107224,22,Male,CSE,5,71.8,61.8,67.8,52.3,9,15.0,55.5,16,14.0,32,46.0,6.12,1,4,9.0,No,75.2,59.5,Average,Medium
STU107225,21,Male,CSE,2,62.8,63.5,57.0,52.0,12,4.8,62.3,21,11.0,27,57.5,6.61,1,4,7.0,Yes,70.9,44.7,Poor,High
STU107226,22,Female,CSE,2,69.4,78.0,74.0,47.8,11,19.7,72.1,33,21.0,40,83.2,5.5,1,4,10.0,No,58.4,56.2,Average,Medium
STU107227,24,Female,AI&DS,6,71.8,44.3,61.0,56.7,8,11.7,42.0,14,15.0,33,52.9,4.15,1,3,5.0,Yes,51.1,43.9,Poor,High
STU107228,19,Male,CSE,3,71.9,77.7,77.7,49.7,14,21.3,92.4,30,18.0,40,75.0,7.02,1,4,12.0,Yes,61.2,71.3,Good,Low
STU107229,23,Male,MECH,4,63.8,54.0,92.4,61.0,13,14.1,61.9,29,16.0,24,61.0,4.92,2,3,10.0,Yes,51.8,63.7,Average,Medium
STU107230,24,Female,EEE,2,71.8,62.1,68.4,67.9,11,9.0,77.8,33,21.0,39,59.1,7.91,1,3,12.0,No,68.5,46.3,Poor,High
STU107231,22,Male,ECE,7,74.1,55.2,60.4,71.5,11,18.1,57.9,20,16.0,32,59.4,6.28,1,6,12.0,No,54.6,58.9,Average,Medium
STU107232,22,Female,IT,8,71.3,70.9,83.5,68.6,12,16.7,73.9,18,13.0,31,60.3,8.15,0,4,7.0,No,58.3,65.7,Good,Low
STU107233,21,Female,ECE,6,60.3,60.8,64.1,52.7,13,12.1,52.6,20,16.0,27,53.6,4.42,2,4,7.0,Yes,57.6,53.2,Average,Medium
STU107234,19,Male,IT,5,70.7,46.5,57.2,32.5,11,12.1,56.6,22,11.0,21,61.9,6.11,2,5,8.0,Yes,46.0,39.8,Poor,High
STU107235,24,Female,CSE,4,77.6,53.0,80.2,74.6,15,13.9,61.3,26,17.0,31,72.0,8.66,1,3,8.0,No,80.3,52.5,Average,Medium
STU107236,20,Male,AI&DS,2,86.1,75.0,73.9,76.3,17,16.0,80.9,28,23.0,46,70.1,8.09,1,5,14.0,No,72.0,63.4,Average,Medium
STU107237,20,Female,AI&DS,3,92.9,78.0,91.1,64.1,15,20.8,75.7,31,22.0,65,94.7,8.51,1,1,11.0,Yes,76.8,81.8,Excellent,Low
STU107238,24,Female,IT,5,64.1,71.6,66.5,53.5,11,10.2,73.7,30,19.0,30,72.1,7.29,1,1,11.0,No,53.8,63.2,Average,Medium
STU107239,18,Male,IT,2,82.1,82.6,76.6,72.8,12,17.8,86.9,30,13.0,53,80.1,7.92,0,2,6.0,No,82.8,63.7,Average,Medium
STU107240,20,Male,ECE,8,85.6,69.7,80.5,68.7,16,18.3,83.6,31,20.0,38,71.1,6.04,2,1,12.0,No,64.1,71.3,Good,Low
STU107241,21,Female,CIVIL,6,81.7,74.0,100.0,71.2,17,13.5,64.3,30,18.0,46,81.4,6.79,2,0,13.0,No,77.4,73.4,Good,Low
STU107242,19,Male,AI&DS,3,76.0,45.6,64.0,38.2,11,10.4,55.1,27,14.0,22,50.7,5.88,1,1,7.0,No,49.3,53.4,Average,Medium
STU107243,22,Male,EEE,8,79.6,79.0,67.9,58.8,12,18.4,74.0,23,20.0,37,73.3,8.67,1,4,10.0,Yes,84.4,57.8,Average,Medium
STU107244,21,Male,CSE,3,57.6,33.5,55.3,41.0,11,3.1,39.2,9,6.0,23,58.4,4.91,3,6,6.0,No,47.4,33.5,Poor,High
STU107245,19,Male,EEE,6,79.4,57.8,71.6,45.9,8,4.0,42.2,25,8.0,22,55.7,4.58,2,6,8.0,No,66.5,46.9,Poor,High
STU107246,19,Male,AI&DS,8,75.6,65.6,59.5,65.0,9,8.3,53.2,9,15.0,18,68.0,6.6,1,3,8.0,No,59.9,56.6,Average,Medium
STU107247,20,Female,EEE,4,60.2,55.6,65.8,,14,7.9,53.9,21,13.0,9,62.1,5.88,3,5,6.0,Yes,53.7,48.8,Poor,High
STU107248,23,Female,ECE,7,85.8,73.0,73.3,82.2,16,21.0,71.2,35,19.0,40,68.5,7.17,2,1,18.0,No,74.0,60.8,Average,Medium
STU107249,21,Male,EEE,8,87.8,76.1,75.2,71.9,16,14.4,70.3,36,25.0,49,,7.29,0,0,12.0,Yes,83.8,80.2,Excellent,Low
STU107250,23,Female,CSE,5,64.7,62.8,66.5,55.0,11,11.2,70.9,24,15.0,40,54.0,5.66,1,1,11.0,No,74.4,48.7,Poor,High
STU107251,23,Male,ECE,6,54.9,52.2,59.9,57.3,8,10.7,49.7,28,10.0,30,63.9,4.98,2,5,14.0,Yes,54.9,45.7,Poor,High
STU107252,23,Male,AI&DS,3,76.1,47.1,62.9,66.2,11,16.2,60.3,21,16.0,43,90.1,5.26,2,3,14.0,Yes,63.2,50.2,Average,Medium
STU107253,23,Other,CSE,7,67.4,53.4,49.6,59.6,9,12.0,57.5,20,13.0,23,69.0,6.7,1,5,7.0,No,59.8,55.5,Average,Medium
STU107254,22,Female,ECE,3,80.6,,66.3,51.3,10,12.5,61.5,25,16.0,27,75.3,6.68,1,2,12.0,No,56.7,58.3,Average,Medium
STU107255,20,Female,CSE,4,80.4,65.7,80.2,45.3,14,16.0,61.6,26,15.0,8,52.6,7.37,1,5,12.0,Yes,55.3,49.9,Poor,High
STU107256,22,Female,ECE,8,85.4,58.8,63.1,61.1,10,16.0,72.0,28,,31,77.8,6.44,1,2,8.0,No,66.6,66.1,Good,Low
STU107257,24,Female,AI&DS,3,92.2,84.7,89.9,89.4,19,13.6,86.2,38,21.0,60,90.6,8.24,0,1,10.0,No,78.5,87.1,Excellent,Low
STU107258,20,Female,EEE,6,71.8,65.0,55.4,59.2,14,10.3,70.9,33,18.0,18,82.5,5.85,1,2,12.0,No,70.8,58.4,Average,Medium
STU107259,21,Male,ECE,4,78.3,73.7,71.9,53.3,11,12.6,61.5,21,17.0,40,48.5,7.6,1,3,12.0,No,74.8,56.6,Average,Medium
STU107260,24,Male,CSE,4,53.3,37.8,59.7,66.5,8,6.4,38.8,20,13.0,33,43.7,4.85,1,6,6.0,Yes,61.8,29.2,Poor,High
STU107261,22,Male,AI&DS,8,62.6,64.7,63.8,54.4,11,15.1,69.9,18,10.0,23,66.6,6.2,2,3,11.0,Yes,59.5,59.5,Average,Medium
STU107262,19,Female,EEE,2,75.0,79.0,83.1,78.1,15,12.9,61.5,29,18.0,45,52.2,6.59,2,2,11.0,No,75.6,70.9,Good,Low
STU107263,20,Female,CIVIL,7,75.5,76.4,59.8,50.2,11,23.8,47.2,31,19.0,27,74.9,6.86,0,0,12.0,Yes,75.6,67.1,Good,Low
STU107264,19,Male,CSE,2,70.3,52.7,51.3,67.6,12,12.9,53.8,29,17.0,47,63.5,6.24,2,6,2.0,Yes,58.5,34.9,Poor,High
STU107265,21,Male,CSE,7,75.1,74.6,87.2,75.3,14,14.1,73.2,24,18.0,31,,6.81,1,0,19.0,No,73.0,67.7,Good,Low
STU107266,24,Female,CIVIL,7,64.1,64.0,72.5,59.6,13,13.1,49.8,19,17.0,46,54.0,6.93,0,1,8.0,No,58.9,57.0,Average,Medium
STU107267,23,Male,AI&DS,6,75.6,54.4,81.1,65.3,14,7.4,55.1,25,13.0,12,52.7,6.9,2,4,7.0,No,59.3,42.6,Poor,High
STU107268,24,Female,AI&DS,6,73.9,66.8,79.1,68.5,14,9.9,69.4,25,16.0,50,58.7,7.61,0,2,16.0,Yes,67.8,51.2,Average,Medium
STU107269,23,Female,AI&DS,2,90.5,85.6,100.0,89.8,15,18.0,76.6,44,25.0,54,86.1,8.43,0,2,13.0,No,84.1,81.1,Excellent,Low
STU107270,21,Female,IT,4,73.2,70.4,64.7,62.3,11,18.6,73.2,29,15.0,40,72.3,6.18,1,2,13.0,No,66.2,58.1,Average,Medium
STU107271,22,Male,ECE,7,90.2,65.5,72.8,56.2,15,10.4,47.3,25,9.0,18,55.7,6.38,1,0,13.0,No,72.0,66.6,Good,Low
STU107272,21,Female,CSE,6,91.2,75.4,73.6,82.6,13,20.6,77.4,24,22.0,35,80.8,6.77,1,0,14.0,No,76.4,65.8,Good,Low
STU107273,18,Male,ECE,3,75.7,54.4,79.8,52.9,10,9.5,71.1,32,19.0,42,56.2,4.79,2,0,14.0,No,60.1,58.0,Average,Medium
STU107274,18,Female,AI&DS,7,70.9,70.6,63.0,49.0,8,14.3,78.2,24,16.0,31,37.4,5.68,2,6,10.0,Yes,73.8,57.0,Average,Medium
STU107275,21,Male,CSE,4,75.4,58.7,72.9,51.7,11,11.2,63.2,24,17.0,25,74.5,6.68,2,1,11.0,Yes,71.6,56.8,Average,Medium
STU107276,22,Female,IT,6,97.6,72.8,63.8,62.3,15,16.1,60.8,23,23.0,50,66.9,6.22,2,1,9.0,Yes,66.0,71.1,Good,Low
STU107277,19,Female,ECE,6,79.3,90.1,58.1,86.5,14,22.5,48.7,31,16.0,38,58.6,8.94,0,3,10.0,No,76.8,75.6,Good,Low
STU107278,18,Female,MECH,3,80.0,79.3,89.8,77.1,11,12.7,64.3,21,14.0,43,58.6,6.13,1,4,9.0,No,75.1,67.2,Good,Low
STU107279,18,Male,IT,2,63.6,61.9,87.2,58.8,13,11.6,36.8,16,11.0,20,62.0,6.12,1,2,10.0,Yes,55.9,64.9,Average,Medium
STU107280,20,Male,CSE,8,88.4,83.7,82.1,64.4,15,20.9,57.8,31,17.0,39,87.0,7.57,1,1,11.0,No,73.3,76.5,Good,Low
STU107281,24,Female,CSE,7,76.3,43.1,72.1,46.0,11,12.6,56.2,23,9.0,17,42.9,6.41,3,3,11.0,Yes,59.0,46.4,Poor,High
STU107282,20,Male,AI&DS,2,61.4,63.3,55.3,65.1,12,9.8,73.0,16,6.0,24,37.9,6.67,1,2,5.0,Yes,72.9,53.6,Average,Medium
STU107283,24,Male,MECH,3,83.5,82.7,64.8,65.5,12,16.0,68.2,23,15.0,63,57.5,7.55,0,3,12.0,No,64.6,73.6,Good,Low
STU107284,24,Male,AI&DS,5,74.9,63.6,83.3,61.1,15,10.1,51.7,26,19.0,41,,5.72,1,7,9.0,No,63.6,69.3,Good,Low
STU107285,24,Female,ECE,8,49.6,29.8,53.3,37.6,11,13.8,56.1,26,7.0,21,35.0,4.41,2,3,10.0,No,45.8,33.1,Poor,High
STU107286,24,Female,CSE,3,83.8,50.5,72.0,61.5,12,15.7,76.3,34,17.0,34,55.9,6.75,1,1,10.0,No,60.2,60.5,Average,Medium
STU107287,19,Female,CSE,5,86.0,58.1,85.5,56.1,16,7.9,65.9,33,16.0,26,49.0,6.3,1,4,9.0,No,65.4,62.9,Average,Medium
STU107288,24,Female,ECE,6,88.3,75.1,76.6,74.8,18,15.0,71.1,28,17.0,29,68.4,7.21,0,0,8.0,No,75.5,69.6,Good,Low
STU107289,24,Female,CSE,8,60.5,44.4,50.4,47.7,10,10.5,56.8,14,9.0,27,52.5,5.86,1,3,5.0,Yes,43.8,55.0,Average,Medium
STU107290,23,Male,CIVIL,5,77.3,79.1,73.9,58.9,12,21.3,84.5,33,20.0,47,72.6,8.19,2,0,12.0,No,54.3,68.2,Good,Low
STU107291,19,Male,IT,4,93.7,74.2,87.0,88.7,12,18.4,70.1,30,22.0,42,69.4,8.76,0,3,15.0,No,84.5,79.7,Good,Low
STU107292,20,Female,IT,3,62.6,42.4,73.0,59.6,11,13.0,50.7,22,12.0,5,57.4,5.6,3,1,7.0,Yes,51.9,46.3,Poor,High
STU107293,22,Female,ECE,5,65.5,78.1,66.4,59.1,10,10.3,49.8,21,12.0,31,66.3,6.42,1,2,6.0,No,62.2,54.0,Average,Medium
STU107294,18,Male,AI&DS,5,67.8,67.8,61.9,75.3,10,14.7,55.6,23,15.0,63,63.4,7.72,1,3,10.0,No,61.8,55.3,Average,Medium
STU107295,23,Female,ECE,8,74.6,52.1,58.9,55.9,10,15.1,59.8,17,17.0,32,,6.73,3,3,3.0,No,66.4,44.2,Poor,High
STU107296,20,Male,CSE,5,70.4,53.7,65.5,70.7,12,15.9,65.1,26,15.0,36,63.4,7.04,2,4,14.0,No,62.1,56.7,Average,Medium
STU107297,18,Male,IT,7,67.1,53.2,76.8,57.8,11,4.2,39.8,19,12.0,30,59.9,6.95,1,4,6.0,Yes,53.2,53.8,Average,Medium
STU107298,20,Female,MECH,4,72.5,56.6,68.4,63.0,13,12.2,63.0,24,17.0,26,64.5,6.96,0,1,13.0,No,65.0,55.8,Average,Medium
STU107299,20,Female,AI&DS,5,66.6,60.3,62.0,45.5,7,10.2,58.3,20,,40,39.7,6.49,1,3,9.0,Yes,62.2,37.9,Poor,High
STU107300,22,Male,MECH,2,85.6,66.3,99.3,60.1,16,17.5,76.3,45,16.0,51,74.2,6.28,2,3,13.0,No,70.6,76.2,Good,Low
STU107301,22,Male,AI&DS,5,58.2,53.9,63.6,47.7,10,13.0,59.9,30,11.0,38,66.4,7.31,2,2,12.0,Yes,61.3,33.4,Poor,High
STU107302,20,Female,MECH,3,71.1,48.7,60.9,44.2,13,16.1,74.7,30,10.0,29,67.0,6.94,1,3,5.0,Yes,58.2,50.0,Average,Medium
STU107303,22,Other,ECE,4,93.5,45.4,68.5,66.1,12,11.0,74.7,32,16.0,40,53.9,5.71,2,4,10.0,Yes,81.0,56.2,Average,Medium
STU107304,24,Male,IT,8,76.9,47.5,60.4,63.4,15,13.5,72.5,30,13.0,41,67.0,6.04,1,0,11.0,Yes,69.4,63.4,Average,Medium
STU107305,20,Male,IT,6,75.8,48.6,60.3,54.6,11,11.7,72.8,15,12.0,40,55.9,6.22,2,4,8.0,No,60.5,56.3,Average,Medium
STU107306,20,Female,AI&DS,3,70.8,54.6,70.7,47.2,15,14.4,73.9,28,17.0,39,44.5,5.04,2,4,7.0,Yes,52.3,56.8,Average,Medium
STU107307,18,Female,EEE,5,66.1,64.7,68.2,48.2,11,11.1,57.9,21,14.0,31,74.4,5.79,1,0,9.0,Yes,50.2,56.8,Average,Medium
STU107308,20,Male,AI&DS,5,67.9,45.6,54.1,26.8,3,3.3,41.4,9,2.0,1,34.3,4.0,4,5,6.0,Yes,45.0,26.1,Poor,High
STU107309,19,Male,CIVIL,7,58.0,57.6,51.6,46.0,11,8.4,56.0,13,13.0,31,46.9,5.8,2,3,8.0,No,51.3,35.1,Poor,High
STU107310,23,Female,ECE,4,73.0,63.9,64.3,29.4,9,13.5,71.9,13,13.0,25,53.6,5.98,0,2,8.0,No,61.5,60.4,Average,Medium
STU107311,18,Male,IT,6,74.4,53.4,65.6,62.1,9,14.5,72.5,27,22.0,25,64.0,5.4,2,4,10.0,Yes,57.9,40.6,Poor,High
STU107312,22,Male,IT,7,97.3,87.0,94.4,80.3,15,18.3,82.5,35,22.0,33,92.8,7.9,3,0,14.0,No,87.5,78.4,Good,Low
STU107313,23,Male,AI&DS,7,69.3,45.4,77.8,,11,14.6,73.5,22,16.0,29,68.1,7.49,0,3,5.0,Yes,61.2,58.0,Average,Medium
STU107314,19,Female,CSE,6,66.2,70.1,80.5,66.4,13,15.3,63.9,22,21.0,24,62.0,6.9,1,3,8.0,No,67.8,58.1,Average,Medium
STU107315,18,Female,EEE,2,78.4,62.8,80.4,54.4,14,13.6,,29,,17,75.4,6.1,1,2,7.0,No,64.5,75.6,Good,Low
STU107316,22,Female,AI&DS,7,85.1,69.2,64.5,61.1,11,12.1,40.8,27,12.0,43,60.4,6.93,2,5,9.0,No,73.6,57.9,Average,Medium
STU107317,22,Male,AI&DS,8,66.4,28.9,59.0,47.0,9,11.7,51.6,24,13.0,38,38.7,5.0,1,4,11.0,Yes,48.8,36.8,Poor,High
STU107318,21,Male,EEE,6,91.9,70.6,64.6,70.9,10,19.4,66.0,28,25.0,41,64.4,6.41,1,2,9.0,No,72.0,61.2,Average,Medium
STU107319,24,Other,ECE,6,65.6,41.8,70.4,38.2,10,14.0,56.4,21,8.0,31,41.9,5.2,0,2,4.0,Yes,40.1,40.8,Poor,High
STU107320,18,Female,ECE,5,71.5,68.6,44.2,58.9,9,15.7,44.3,6,9.0,10,37.1,5.13,2,4,5.0,No,67.2,41.5,Poor,High
STU107321,19,Male,AI&DS,2,57.2,34.2,57.9,22.0,7,13.8,38.9,18,13.0,13,52.4,4.1,2,4,6.0,No,33.6,34.2,Poor,High
STU107322,21,Female,CSE,8,70.9,56.7,79.8,38.5,14,8.2,64.4,21,16.0,30,81.6,5.52,3,1,8.0,Yes,53.4,49.3,Poor,High
STU107323,21,Male,CSE,4,87.0,73.6,55.0,60.7,14,17.8,49.8,35,15.0,47,57.9,7.6,1,2,9.0,No,68.4,76.3,Good,Low
STU107324,24,Male,MECH,6,78.6,81.4,85.9,53.8,17,20.8,91.2,39,24.0,49,81.9,8.07,0,0,10.0,Yes,66.1,79.0,Good,Low
STU107325,22,Male,ECE,5,74.1,77.0,82.1,75.5,14,19.5,83.5,30,14.0,29,71.5,7.81,1,3,12.0,Yes,70.7,67.5,Good,Low
STU107326,19,Female,ECE,6,97.3,92.9,85.4,68.0,20,16.4,70.3,36,22.0,47,100.0,8.22,1,1,18.0,No,82.5,71.6,Good,Low
STU107327,23,Female,IT,2,88.1,67.5,76.9,72.2,14,13.8,72.2,23,23.0,47,75.4,6.34,0,2,13.0,No,71.0,70.8,Good,Low
STU107328,20,Male,IT,6,80.1,48.6,49.9,72.0,8,16.2,68.2,20,13.0,34,82.1,6.93,1,3,8.0,Yes,60.8,51.9,Average,Medium
STU107329,24,Male,CSE,5,68.4,49.4,61.5,41.6,11,12.2,65.1,15,15.0,27,30.9,5.95,1,3,6.0,Yes,57.7,48.7,Poor,High
STU107330,19,Female,CIVIL,5,86.4,82.1,77.0,74.8,16,18.2,73.1,32,22.0,47,67.2,8.68,0,2,10.0,No,87.0,75.3,Good,Low
STU107331,23,Male,AI&DS,7,79.4,70.1,62.9,72.4,16,13.6,76.6,28,23.0,58,81.6,7.39,1,3,13.0,No,76.2,68.8,Good,Low
STU107332,21,Male,MECH,6,81.7,77.5,95.3,87.8,19,24.9,84.2,42,28.0,59,60.6,7.51,1,1,12.0,Yes,,75.1,Good,Low
STU107333,21,Female,CSE,7,71.9,56.3,70.9,58.1,15,16.6,54.7,25,19.0,46,65.8,5.51,2,0,16.0,No,44.0,65.6,Good,Low
STU107334,24,Female,CSE,6,61.1,80.8,70.6,61.7,14,16.0,57.6,35,11.0,34,46.8,7.67,1,4,10.0,Yes,64.5,63.0,Average,Medium
STU107335,19,Male,IT,7,59.2,74.6,73.2,63.5,16,16.8,72.4,27,22.0,58,65.4,6.55,1,3,10.0,Yes,71.5,68.3,Good,Low
STU107336,20,Male,EEE,8,84.3,72.9,86.1,77.1,14,18.2,70.7,31,19.0,52,85.7,8.43,1,4,12.0,No,77.4,78.6,Good,Low
STU107337,19,Female,AI&DS,7,67.5,67.4,74.2,88.8,11,20.0,52.1,22,18.0,34,,7.96,0,1,6.0,No,76.0,71.3,Good,Low
STU107338,23,Male,IT,8,65.9,62.2,73.6,44.6,12,15.0,55.1,19,11.0,22,56.4,5.87,2,2,7.0,No,62.3,50.5,Average,Medium
STU107339,23,Female,AI&DS,5,69.6,42.7,43.9,59.5,5,,39.3,12,4.0,15,52.4,5.56,1,2,1.0,Yes,62.3,59.5,Average,Medium
STU107340,23,Female,CSE,5,52.9,55.0,48.1,40.5,7,3.6,45.4,11,9.0,8,50.0,5.23,1,0,1.0,No,52.5,40.8,Poor,High
STU107341,19,Female,AI&DS,2,76.5,34.6,76.3,61.1,12,11.6,83.6,32,24.0,33,83.7,5.76,1,4,16.0,Yes,68.1,55.1,Average,Medium
STU107342,19,Male,MECH,6,69.3,70.4,71.8,58.1,14,20.3,69.9,23,18.0,42,69.3,7.8,0,0,9.0,No,63.4,62.6,Average,Medium
STU107343,20,Female,MECH,6,59.4,56.3,56.1,55.1,12,9.2,46.3,18,10.0,37,44.5,6.76,1,4,5.0,No,57.8,54.4,Average,Medium
STU107344,23,Female,ECE,4,78.7,55.0,66.9,54.2,9,18.4,64.6,25,15.0,43,53.0,6.2,1,1,6.0,Yes,60.6,63.5,Average,Medium
STU107345,23,Female,ECE,2,71.7,80.2,68.4,63.2,8,16.5,55.1,24,15.0,25,57.6,6.61,0,0,8.0,No,60.7,64.4,Average,Medium
STU107346,24,Male,ECE,7,72.1,44.0,59.7,42.1,10,10.9,46.6,19,17.0,38,39.9,4.5,3,3,9.0,No,48.3,42.2,Poor,High
STU107347,23,Other,AI&DS,2,88.9,72.2,67.7,71.7,12,18.6,71.6,31,16.0,48,63.0,7.86,0,3,7.0,No,76.3,72.4,Good,Low
STU107348,24,Male,CSE,6,70.3,58.4,66.8,49.3,12,8.1,57.3,16,22.0,37,78.4,7.35,1,0,8.0,Yes,61.7,53.1,Average,Medium
STU107349,19,Male,CSE,8,72.3,63.3,62.0,61.9,9,18.1,50.1,25,15.0,44,50.7,6.96,1,1,8.0,No,69.9,54.1,Average,Medium
STU107350,22,Male,MECH,8,70.7,86.5,80.4,74.2,19,17.4,99.1,45,23.0,73,84.2,7.21,0,0,10.0,No,71.1,82.3,Excellent,Low
STU107351,21,Male,CIVIL,3,80.8,72.8,80.5,72.1,15,15.0,82.3,36,22.0,46,52.9,8.49,0,3,14.0,No,92.1,74.3,Good,Low
STU107352,19,Male,AI&DS,6,77.9,78.2,69.0,50.2,15,18.4,,19,16.0,30,63.3,6.87,1,2,12.0,No,59.3,67.3,Good,Low
STU107353,24,Female,AI&DS,8,70.6,37.3,64.1,29.8,10,1.8,56.6,14,19.0,14,78.0,5.13,2,3,6.0,Yes,46.7,52.6,Average,Medium
STU107354,18,Male,EEE,6,93.4,68.1,77.6,67.7,11,13.0,60.2,25,15.0,29,66.1,6.66,2,3,12.0,No,70.5,59.0,Average,Medium
STU107355,23,Male,CSE,4,72.7,63.9,80.0,59.8,13,19.3,66.1,18,15.0,40,71.6,7.04,1,1,12.0,No,56.0,66.1,Good,Low
STU107356,19,Female,EEE,2,72.6,44.1,49.4,59.3,9,12.3,47.6,13,5.0,10,42.2,5.79,2,5,2.0,No,61.5,42.8,Poor,High
STU107357,19,Male,ECE,5,83.5,66.7,74.1,62.9,19,13.3,77.0,27,26.0,32,86.3,5.76,2,4,5.0,Yes,70.2,63.0,Average,Medium
STU107358,22,Female,ECE,6,73.6,73.3,73.7,53.0,9,9.9,59.1,25,19.0,33,50.5,5.63,1,3,9.0,No,70.1,61.5,Average,Medium
STU107359,21,Female,CSE,3,51.4,56.2,36.7,45.1,2,7.0,23.3,15,7.0,12,35.5,,2,2,2.0,Yes,36.6,44.9,Poor,High
STU107360,20,Male,IT,4,69.9,70.1,65.7,68.7,11,16.1,53.7,19,19.0,43,42.0,6.75,2,3,7.0,No,58.1,49.1,Poor,High
STU107361,24,Male,CSE,4,75.4,51.5,81.1,67.8,13,12.5,53.2,28,15.0,24,82.8,5.64,1,0,14.0,No,60.4,69.0,Good,Low
STU107362,22,Male,CSE,5,78.2,64.2,58.5,35.2,11,13.0,58.2,19,18.0,27,66.1,7.55,1,1,13.0,No,67.3,42.8,Poor,High
STU107363,22,Female,AI&DS,2,58.6,52.6,56.5,58.6,11,11.6,58.8,24,15.0,29,63.6,6.39,1,2,11.0,Yes,59.5,47.6,Poor,High
STU107364,23,Male,CIVIL,4,84.4,69.4,78.7,65.7,10,16.5,68.6,31,28.0,57,77.3,8.49,0,2,14.0,No,69.9,63.3,Average,Medium
STU107365,23,Female,CIVIL,7,70.5,68.6,67.1,56.1,8,12.1,61.1,17,16.0,29,62.4,5.1,0,2,12.0,No,64.2,47.6,Poor,High
STU107366,19,Female,ECE,4,65.3,51.4,62.4,51.8,12,8.8,45.1,30,18.0,32,79.6,7.8,1,3,8.0,No,63.2,54.5,Average,Medium
STU107367,21,Female,EEE,7,47.4,56.1,51.4,55.2,9,10.6,45.2,24,11.0,32,43.0,5.49,0,5,4.0,Yes,54.3,53.7,Average,Medium
STU107368,24,Female,ECE,7,57.6,72.7,75.5,56.1,18,15.1,70.7,30,22.0,42,79.2,8.05,1,2,11.0,No,64.1,58.0,Average,Medium
STU107369,23,Male,CSE,8,87.6,82.5,90.3,55.6,13,14.4,69.6,20,14.0,38,69.6,7.43,1,2,11.0,No,70.6,63.8,Average,Medium
STU107370,18,Female,AI&DS,5,75.5,56.1,82.5,55.3,9,,63.4,30,14.0,27,76.9,6.45,2,5,11.0,No,59.9,59.9,Average,Medium
STU107371,19,Female,AI&DS,4,65.3,85.4,84.8,78.9,13,20.0,60.8,23,20.0,53,68.5,7.6,1,4,14.0,No,73.3,52.6,Average,Medium
STU107372,19,Female,EEE,3,89.0,74.6,81.0,73.6,17,16.7,77.8,25,15.0,41,71.0,6.26,1,4,10.0,No,83.0,69.5,Good,Low
STU107373,21,Female,EEE,5,65.3,48.9,51.8,56.0,9,10.8,57.9,17,14.0,24,61.5,5.21,1,6,6.0,Yes,46.5,31.1,Poor,High
STU107374,23,Male,IT,7,57.9,43.6,56.7,31.5,6,14.1,49.3,21,8.0,32,51.7,4.83,0,1,8.0,Yes,45.7,39.3,Poor,High
STU107375,21,Female,ECE,7,87.8,57.3,77.2,77.2,16,14.0,74.3,30,24.0,34,81.4,7.99,1,1,14.0,Yes,77.7,66.9,Good,Low
STU107376,19,Female,MECH,2,81.9,54.6,79.4,74.7,14,15.0,51.2,32,13.0,39,71.7,5.34,2,3,8.0,Yes,66.0,50.7,Average,Medium
STU107377,21,Female,IT,8,64.8,48.9,44.1,37.9,8,1.6,56.3,19,11.0,32,50.7,6.07,3,5,8.0,Yes,57.3,33.5,Poor,High
STU107378,19,Female,AI&DS,4,67.6,44.9,52.7,41.6,6,5.0,31.2,14,11.0,12,25.5,5.1,2,4,5.0,No,49.6,36.7,Poor,High
STU107379,22,Female,ECE,3,74.4,47.1,59.4,42.2,13,6.3,71.2,17,22.0,27,68.1,5.77,3,5,6.0,Yes,58.6,49.2,Poor,High
STU107380,24,Female,MECH,4,62.6,70.8,72.1,64.0,7,,80.1,30,13.0,27,53.8,6.09,0,1,9.0,Yes,64.7,54.6,Average,Medium
STU107381,22,Male,EEE,4,80.6,62.3,74.0,73.2,14,16.6,60.4,25,15.0,31,50.0,6.77,1,3,11.0,Yes,82.4,72.0,Good,Low
STU107382,24,Male,IT,3,75.5,58.2,62.8,42.6,11,8.0,53.2,18,18.0,35,77.6,7.23,0,4,10.0,Yes,50.6,45.9,Poor,High
STU107383,21,Male,EEE,4,80.6,71.4,60.8,49.3,14,9.9,62.2,22,17.0,26,75.6,6.63,1,0,13.0,Yes,57.6,74.8,Good,Low
STU107384,23,Male,IT,7,68.2,54.1,79.8,52.4,9,7.8,68.2,30,16.0,32,47.2,5.83,2,3,11.0,Yes,47.8,53.0,Average,Medium
STU107385,24,Female,CSE,2,86.5,66.7,88.8,100.0,16,19.2,75.3,37,24.0,52,60.1,7.01,0,1,19.0,No,93.4,72.9,Good,Low
STU107386,19,Male,CIVIL,6,62.7,58.3,80.0,68.4,16,13.7,51.7,28,18.0,45,68.7,6.6,0,1,14.0,Yes,68.7,58.5,Average,Medium
STU107387,22,Female,CSE,8,90.7,79.8,84.7,72.6,16,15.1,84.7,28,19.0,32,91.3,6.97,0,0,11.0,No,86.3,70.7,Good,Low
STU107388,19,Female,CSE,6,88.9,69.9,90.1,74.2,11,13.1,79.6,36,27.0,39,69.6,6.44,2,2,12.0,No,62.8,67.9,Good,Low
STU107389,18,Female,CSE,5,65.6,57.0,64.3,55.3,12,10.5,54.4,14,10.0,25,52.0,5.35,2,3,9.0,No,66.2,49.7,Poor,High
STU107390,19,Male,EEE,6,82.3,52.9,72.8,63.2,15,22.0,69.2,29,14.0,31,57.9,6.0,1,2,14.0,No,65.7,73.0,Good,Low
STU107391,18,Other,AI&DS,5,74.1,41.3,64.6,48.5,13,10.3,58.6,24,14.0,18,69.3,5.47,2,2,6.0,Yes,51.5,50.4,Average,Medium
STU107392,19,Female,CSE,4,65.1,66.8,63.2,55.6,13,16.9,67.9,21,23.0,51,68.7,5.92,0,3,14.0,No,63.6,51.1,Average,Medium
STU107393,18,Female,EEE,7,94.9,64.2,80.8,55.8,16,12.9,73.9,28,25.0,32,63.8,6.63,1,0,13.0,No,74.5,73.7,Good,Low
STU107394,24,Male,ECE,6,65.4,60.9,74.2,75.3,14,18.2,76.0,22,22.0,39,56.8,6.09,2,4,11.0,Yes,50.0,71.7,Good,Low
STU107395,21,Female,AI&DS,2,79.9,44.6,74.8,59.9,10,13.4,73.2,27,14.0,37,75.3,4.99,2,6,13.0,Yes,63.7,57.3,Average,Medium
STU107396,19,Male,ECE,7,69.4,61.0,72.1,53.4,9,13.0,36.2,11,16.0,44,66.6,7.77,1,3,7.0,No,66.3,50.5,Average,Medium
STU107397,20,Male,IT,3,68.0,69.6,91.0,64.1,16,17.6,64.1,24,17.0,46,61.4,6.71,1,4,12.0,No,60.4,67.9,Good,Low
STU107398,23,Male,MECH,5,83.8,63.6,70.4,57.7,13,20.4,69.4,22,15.0,43,75.4,7.04,0,3,10.0,No,77.9,69.7,Good,Low
STU107399,22,Female,ECE,3,58.3,53.0,61.4,60.3,10,10.7,53.7,19,17.0,11,52.0,5.75,3,8,8.0,Yes,56.2,30.9,Poor,High
STU107400,18,Male,CIVIL,5,73.6,48.3,51.6,59.6,4,11.5,40.5,14,14.0,40,64.6,7.13,0,0,4.0,Yes,52.5,65.9,Good,Low
STU107401,19,Male,IT,3,86.1,61.0,63.2,62.3,16,16.6,93.0,33,18.0,44,89.1,5.72,2,3,16.0,No,76.3,53.3,Average,Medium
STU107402,21,Female,AI&DS,3,87.0,69.7,100.0,69.5,14,23.7,64.0,33,21.0,22,72.4,8.24,1,0,11.0,No,85.5,77.5,Good,Low
STU107403,24,Male,CSE,8,38.6,44.2,50.4,35.6,13,3.4,53.9,24,10.0,34,50.8,4.26,2,3,5.0,Yes,38.4,41.9,Poor,High
STU107404,18,Male,CSE,2,57.4,,52.7,47.3,9,6.1,39.9,13,10.0,12,45.3,6.84,0,3,2.0,No,52.7,46.9,Poor,High
STU107405,24,Female,EEE,4,86.9,99.0,96.7,99.5,19,25.2,89.3,36,19.0,49,85.3,8.43,0,0,15.0,No,100.0,85.5,Excellent,Low
STU107406,18,Female,IT,2,71.5,60.0,77.4,47.7,6,9.7,38.4,14,10.0,21,50.8,4.48,1,5,3.0,No,51.6,51.6,Average,Medium
STU107407,21,Female,CSE,3,65.9,35.2,61.5,24.6,6,12.8,57.1,14,5.0,1,25.9,5.93,3,6,6.0,Yes,35.9,34.7,Poor,High
STU107408,19,Female,ECE,6,67.5,62.8,81.3,54.9,15,8.9,61.0,29,13.0,29,75.5,6.72,1,4,5.0,Yes,53.8,47.7,Poor,High
STU107409,20,Male,CSE,5,57.7,33.1,44.3,41.1,8,3.6,32.2,7,2.0,22,25.3,4.0,3,8,3.0,No,25.8,30.4,Poor,High
STU107410,24,Male,ECE,4,84.0,71.1,76.7,69.3,12,17.2,56.0,33,23.0,33,73.1,6.09,1,1,10.0,No,59.3,74.5,Good,Low
STU107411,19,Male,CIVIL,2,99.5,65.0,80.1,79.3,18,19.9,68.0,21,18.0,37,63.6,6.59,0,0,7.0,No,79.9,77.1,Good,Low
STU107412,22,Female,CIVIL,6,71.8,58.5,57.8,47.2,10,7.1,58.7,25,17.0,27,57.7,5.13,1,1,13.0,Yes,67.5,52.4,Average,Medium
STU107413,20,Male,IT,3,57.2,71.0,56.5,60.6,9,12.4,48.7,13,13.0,24,49.9,6.47,2,6,6.0,Yes,70.2,48.2,Poor,High
STU107414,22,Male,ECE,5,71.8,73.8,75.2,70.2,12,12.5,52.9,11,10.0,25,59.1,7.92,1,5,10.0,Yes,72.5,60.8,Average,Medium
STU107415,18,Female,MECH,2,,42.8,59.5,38.8,9,10.8,60.0,24,14.0,27,38.3,4.0,2,0,6.0,Yes,50.6,50.4,Average,Medium
STU107416,20,Female,IT,5,66.3,57.1,63.9,47.2,7,9.1,75.2,21,11.0,36,63.8,5.23,2,3,11.0,Yes,66.8,51.6,Average,Medium
STU107417,24,Male,MECH,8,80.1,59.2,84.7,68.0,18,14.0,74.5,34,21.0,50,71.0,6.55,2,1,15.0,No,,59.7,Average,Medium
STU107418,23,Female,IT,6,72.1,58.8,58.7,54.2,9,9.1,29.1,14,11.0,30,54.9,5.12,1,2,4.0,Yes,56.7,49.9,Poor,High
STU107419,24,Female,AI&DS,5,71.1,78.1,72.6,60.6,12,7.2,55.2,26,14.0,36,77.7,6.89,2,2,10.0,Yes,61.9,66.1,Good,Low
STU107420,22,Female,CSE,3,74.8,47.6,62.3,,11,8.7,63.9,24,14.0,30,64.6,4.07,1,2,12.0,No,55.2,54.7,Average,Medium
STU107421,19,Male,CSE,3,70.1,69.9,84.5,62.8,14,16.5,85.9,38,25.0,53,81.4,6.38,1,1,11.0,No,54.2,67.0,Good,Low
STU107422,21,Male,CIVIL,8,68.2,77.3,63.9,43.6,9,14.3,47.8,18,17.0,31,42.9,6.97,2,4,9.0,Yes,68.0,38.8,Poor,High
STU107423,24,Male,CSE,8,71.6,73.9,70.3,57.3,10,11.2,51.7,27,16.0,21,58.4,6.95,0,6,8.0,No,70.4,54.5,Average,Medium
STU107424,22,Male,CIVIL,4,82.3,74.1,82.5,70.5,16,19.0,64.5,31,20.0,34,59.1,6.08,1,0,17.0,No,82.9,66.4,Good,Low
STU107425,21,Male,ECE,6,51.4,47.3,64.5,47.4,11,14.3,45.7,30,11.0,37,55.6,7.0,0,4,6.0,Yes,49.2,34.3,Poor,High
STU107426,24,Male,MECH,7,55.9,41.3,32.6,42.6,6,11.5,31.8,19,12.0,23,51.3,4.51,1,4,8.0,Yes,48.2,31.3,Poor,High
STU107427,18,Male,MECH,4,75.0,73.5,64.8,,9,10.9,66.8,32,16.0,34,53.7,7.61,2,1,11.0,No,77.9,52.9,Average,Medium
STU107428,24,Male,ECE,3,85.4,58.0,64.3,66.3,16,18.6,59.4,32,14.0,39,63.4,5.45,1,0,12.0,Yes,55.5,56.2,Average,Medium
STU107429,18,Male,CSE,4,64.6,55.9,66.0,43.1,11,13.9,47.4,23,10.0,24,56.6,7.2,1,3,8.0,No,55.3,53.1,Average,Medium
STU107430,24,Male,EEE,5,88.0,86.8,88.2,53.8,16,23.0,91.3,37,23.0,51,83.0,,0,0,16.0,No,80.0,76.0,Good,Low
STU107431,23,Male,IT,4,74.7,60.9,49.6,45.4,8,9.3,45.0,20,16.0,36,50.9,7.3,1,2,14.0,No,49.0,43.5,Poor,High
STU107432,21,Male,CSE,5,79.4,69.2,81.3,79.5,14,11.1,83.7,37,20.0,62,87.0,7.46,0,3,14.0,No,78.6,75.3,Good,Low
STU107433,21,Male,AI&DS,3,91.6,84.7,83.7,91.0,17,15.0,78.7,37,23.0,58,73.7,8.04,1,3,18.0,No,87.6,89.0,Excellent,Low
STU107434,18,Female,IT,4,70.0,60.7,68.5,62.1,13,18.0,53.7,20,17.0,23,54.0,6.44,1,7,6.0,No,68.2,57.2,Average,Medium
STU107435,20,Male,CSE,3,63.2,40.2,65.3,40.9,12,7.0,49.7,22,16.0,18,56.4,6.64,0,4,10.0,Yes,56.5,51.9,Average,Medium
STU107436,19,Female,CSE,4,78.5,48.0,70.9,40.5,13,14.0,61.4,29,11.0,23,79.7,4.49,2,2,7.0,Yes,50.6,45.7,Poor,High
STU107437,22,Male,IT,3,86.4,64.8,95.0,89.2,15,14.6,77.2,29,19.0,53,75.7,8.5,1,0,11.0,No,79.1,82.7,Excellent,Low
STU107438,19,Male,CIVIL,5,79.0,56.6,85.7,66.1,12,16.2,73.8,29,22.0,52,69.7,7.41,1,3,13.0,No,61.4,67.2,Good,Low
STU107439,23,Male,AI&DS,8,56.1,45.7,60.2,56.0,11,11.4,69.9,18,13.0,40,56.9,5.81,2,4,11.0,No,56.7,48.5,Poor,High
STU107440,20,Male,IT,7,71.6,,83.8,91.5,16,16.2,79.7,30,20.0,43,73.8,7.65,1,1,20.0,No,73.9,77.0,Good,Low
STU107441,23,Female,MECH,6,53.8,60.1,57.8,55.5,5,9.9,41.3,12,10.0,19,58.1,5.77,1,3,4.0,Yes,53.5,48.9,Poor,High
STU107442,20,Female,CSE,5,59.4,54.4,55.3,54.1,8,8.3,49.5,17,6.0,35,41.7,6.2,1,0,6.0,Yes,66.4,42.7,Poor,High
STU107443,23,Female,ECE,4,76.3,58.5,77.0,51.5,11,21.2,44.3,14,14.0,10,52.7,7.07,0,0,13.0,Yes,58.2,68.3,Good,Low
STU107444,22,Male,IT,2,58.4,44.2,78.9,48.3,7,12.6,64.0,12,10.0,21,72.1,4.89,3,5,8.0,Yes,50.0,34.1,Poor,High
STU107445,24,Female,MECH,6,59.3,49.4,64.6,61.2,8,8.0,38.5,18,12.0,40,52.2,6.62,3,0,4.0,Yes,54.8,55.9,Average,Medium
STU107446,21,Female,EEE,3,80.0,79.1,78.4,59.9,12,12.0,55.3,30,15.0,43,72.1,7.81,0,0,7.0,No,69.4,75.8,Good,Low
STU107447,20,Male,ECE,2,87.8,59.3,65.7,67.5,10,16.4,56.8,14,20.0,30,48.6,5.8,1,0,10.0,No,63.0,53.5,Average,Medium
STU107448,22,Male,AI&DS,8,93.4,78.5,89.3,75.1,19,17.5,75.0,45,22.0,54,76.8,8.7,0,2,16.0,No,63.4,69.5,Good,Low
STU107449,18,Male,EEE,3,62.6,58.7,64.5,67.1,13,10.4,65.3,29,9.0,56,62.3,6.21,2,6,10.0,Yes,56.7,50.1,Average,Medium
STU107450,24,Male,CSE,2,79.4,75.1,74.3,48.1,8,22.5,58.6,22,13.0,32,57.7,6.84,1,2,2.0,Yes,51.8,55.0,Average,Medium
STU107451,22,Female,CIVIL,6,61.5,37.7,53.3,38.7,6,1.0,52.9,24,6.0,29,43.2,4.09,2,3,3.0,Yes,53.0,40.9,Poor,High
STU107452,18,Male,CSE,6,61.1,37.8,71.9,58.1,14,8.2,70.6,24,18.0,47,51.1,4.92,2,6,14.0,Yes,43.8,62.0,Average,Medium
STU107453,19,Female,CSE,3,72.1,64.3,54.0,57.6,13,15.1,67.5,26,19.0,65,68.9,7.06,0,1,12.0,Yes,58.1,51.8,Average,Medium
STU107454,18,Male,CSE,3,68.6,49.8,74.7,47.8,4,7.4,52.3,12,10.0,24,54.2,4.74,1,4,7.0,Yes,51.8,37.5,Poor,High
STU107455,22,Male,CIVIL,2,86.8,56.5,90.7,67.2,17,17.0,81.1,32,21.0,44,85.1,7.0,1,2,13.0,No,84.8,74.5,Good,Low
STU107456,22,Male,ECE,5,78.5,69.1,77.4,72.7,14,16.0,71.3,32,19.0,49,54.3,5.58,2,1,14.0,No,70.4,62.8,Average,Medium
STU107457,19,Female,AI&DS,4,,90.8,86.0,78.0,16,19.4,92.2,32,18.0,39,68.5,7.26,0,1,19.0,No,85.4,78.3,Good,Low
STU107458,21,Male,ECE,4,69.9,64.3,72.7,49.2,8,11.6,62.5,19,12.0,44,47.2,6.1,1,4,3.0,Yes,45.9,46.5,Poor,High
STU107459,21,Male,EEE,8,66.7,56.7,82.7,51.5,14,13.6,59.8,19,20.0,31,40.2,5.26,2,2,12.0,No,72.3,55.3,Average,Medium
STU107460,21,Male,IT,8,61.1,71.3,57.4,43.1,10,11.6,60.2,25,11.0,19,54.5,6.43,0,3,7.0,Yes,65.6,44.3,Poor,High
STU107461,22,Male,AI&DS,8,78.4,71.5,92.3,56.0,12,11.2,,17,16.0,37,58.9,7.22,1,2,11.0,No,69.6,72.5,Good,Low
STU107462,23,Male,CSE,5,74.3,61.6,82.9,58.7,9,16.7,92.8,39,20.0,30,67.9,5.71,1,3,12.0,No,72.8,56.4,Average,Medium
STU107463,24,Female,IT,8,82.3,71.6,86.3,66.3,14,21.6,88.4,29,20.0,47,78.0,6.8,1,0,14.0,No,59.7,70.0,Good,Low
STU107464,19,Male,ECE,3,77.9,61.0,86.6,53.5,11,13.9,57.6,19,17.0,36,55.1,4.92,0,1,12.0,No,68.7,61.1,Average,Medium
STU107465,24,Male,EEE,7,77.1,66.9,65.1,69.5,8,13.9,40.3,16,13.0,10,44.7,5.89,2,2,6.0,No,57.1,66.5,Good,Low
STU107466,22,Male,CSE,6,69.5,61.0,63.1,76.3,9,15.0,48.7,21,15.0,33,66.6,7.44,0,4,9.0,No,65.0,62.9,Average,Medium
STU107467,19,Male,IT,6,79.1,70.9,70.0,48.4,13,9.4,67.9,23,23.0,18,41.6,6.06,1,2,11.0,Yes,72.0,57.2,Average,Medium
STU107468,24,Male,IT,2,87.5,83.1,84.3,83.7,16,14.8,92.0,25,23.0,41,60.3,6.78,1,1,12.0,Yes,100.0,81.1,Excellent,Low
STU107469,20,Other,ECE,3,78.4,85.2,69.7,68.2,10,17.0,59.5,29,14.0,31,59.7,5.72,2,5,8.0,No,75.0,58.2,Average,Medium
STU107470,21,Female,CSE,8,65.3,57.3,59.9,60.9,10,16.7,67.2,30,18.0,39,84.4,6.86,1,0,11.0,No,76.9,63.0,Average,Medium
STU107471,24,Female,CSE,3,86.4,68.4,79.0,70.2,15,21.0,85.6,35,19.0,46,89.4,6.42,2,2,17.0,Yes,79.5,68.1,Good,Low
STU107472,22,Male,AI&DS,4,72.4,60.9,65.8,64.2,12,17.2,74.2,27,16.0,51,69.8,5.62,1,1,9.0,No,61.7,59.3,Average,Medium
STU107473,19,Female,ECE,6,61.5,62.2,69.2,34.8,14,10.6,72.0,36,15.0,14,77.2,6.15,3,6,11.0,No,56.6,48.2,Poor,High
STU107474,18,Female,ECE,8,68.5,66.0,69.3,38.9,9,13.7,45.4,17,15.0,24,41.7,5.38,1,2,8.0,Yes,67.9,54.1,Average,Medium
STU107475,23,Male,EEE,4,64.7,73.7,71.2,74.8,13,15.5,61.3,21,15.0,40,67.4,7.1,0,3,10.0,No,60.0,65.7,Good,Low
STU107476,20,Female,AI&DS,7,77.7,67.1,60.3,49.2,8,10.2,66.0,20,15.0,49,63.8,7.01,2,2,11.0,No,64.0,55.1,Average,Medium
STU107477,18,Male,CSE,6,74.3,48.5,55.8,61.0,7,13.9,45.6,20,8.0,13,52.6,5.95,2,3,3.0,No,71.0,51.9,Average,Medium
STU107478,18,Female,IT,3,81.7,65.2,68.2,70.6,11,16.5,53.0,27,14.0,37,87.6,5.59,2,4,12.0,No,66.6,55.6,Average,Medium
STU107479,24,Male,AI&DS,5,62.4,43.9,58.5,41.7,9,17.0,34.5,14,10.0,33,44.7,4.0,2,4,11.0,No,46.5,40.2,Poor,High
STU107480,22,Female,IT,8,76.1,63.4,79.3,37.1,11,,43.6,24,12.0,24,52.6,5.54,1,2,9.0,Yes,49.3,58.3,Average,Medium
STU107481,21,Female,EEE,8,92.3,87.1,84.3,79.3,11,19.7,83.6,34,21.0,53,72.5,6.38,0,2,13.0,Yes,88.8,82.4,Excellent,Low
STU107482,22,Male,CSE,8,75.4,61.7,75.4,70.3,13,11.3,88.3,28,24.0,50,85.5,,0,2,12.0,No,70.9,63.1,Average,Medium
STU107483,20,Female,EEE,2,81.0,74.5,95.2,73.5,16,12.4,71.5,37,20.0,59,67.1,7.06,1,0,12.0,No,88.0,67.2,Good,Low
STU107484,24,Male,IT,7,61.5,33.3,56.8,42.4,10,15.2,62.2,31,14.0,16,66.0,4.0,1,4,5.0,Yes,37.1,39.6,Poor,High
STU107485,22,Female,CIVIL,5,59.7,47.3,71.0,70.7,7,5.1,38.4,29,19.0,27,34.2,5.97,2,8,7.0,No,52.9,42.7,Poor,High
STU107486,22,Male,AI&DS,5,95.4,79.4,84.7,58.3,16,16.5,71.0,38,20.0,26,80.6,7.78,1,2,15.0,No,86.4,64.4,Average,Medium
STU107487,24,Male,CSE,4,74.4,71.2,95.7,65.8,16,20.4,79.2,32,23.0,41,65.3,6.31,2,1,18.0,No,78.2,66.7,Good,Low
STU107488,18,Male,ECE,6,81.0,68.9,75.4,56.8,12,11.4,62.9,21,9.0,33,52.3,6.68,1,0,6.0,No,60.3,65.2,Good,Low
STU107489,20,Female,CSE,5,82.6,55.4,61.4,67.9,11,12.0,68.0,36,26.0,53,69.5,6.69,1,1,6.0,No,84.5,78.3,Good,Low
STU107490,23,Female,AI&DS,2,64.0,57.5,63.8,54.3,10,15.8,56.5,13,12.0,33,59.6,5.72,2,1,7.0,Yes,64.9,46.9,Poor,High
STU107491,18,Male,IT,4,51.5,48.8,42.0,32.2,8,4.7,45.8,15,8.0,27,47.9,5.43,2,4,13.0,Yes,48.3,32.6,Poor,High
STU107492,20,Male,EEE,8,80.1,64.2,89.6,57.2,12,14.7,49.0,20,21.0,23,74.5,5.84,1,5,14.0,No,59.6,61.4,Average,Medium
STU107493,19,Male,CIVIL,2,61.7,,50.8,29.0,10,6.6,63.5,17,16.0,10,41.4,5.06,2,3,6.0,Yes,50.2,41.5,Poor,High
STU107494,22,Female,EEE,3,49.8,31.0,55.3,38.1,5,11.0,39.4,14,5.0,27,38.2,4.78,1,4,3.0,Yes,49.3,29.3,Poor,High
STU107495,23,Male,CSE,2,75.5,55.7,75.8,48.5,10,15.6,48.9,24,15.0,32,58.2,4.5,1,4,9.0,No,53.1,48.5,Poor,High
STU107496,19,Male,CSE,7,97.6,85.9,79.5,72.6,20,17.5,80.0,30,24.0,57,76.8,8.84,0,1,16.0,Yes,69.0,88.2,Excellent,Low
STU107497,22,Female,CIVIL,7,69.4,53.4,53.9,66.2,13,3.2,71.5,16,12.0,21,62.1,6.5,0,4,10.0,No,78.2,21.5,Poor,High
STU107498,23,Other,ECE,7,77.9,56.7,87.1,46.4,10,16.9,63.1,34,15.0,33,67.7,,0,1,15.0,Yes,69.0,57.5,Average,Medium
STU107499,24,Female,ECE,2,74.5,59.9,67.2,54.2,14,16.0,48.5,24,17.0,21,74.3,5.32,1,2,11.0,Yes,61.2,61.4,Average,Medium
STU107500,24,Male,CSE,8,59.4,,61.1,44.1,14,10.4,46.4,20,16.0,23,64.0,4.0,2,3,13.0,No,35.2,52.1,Average,Medium
STU107501,21,Female,AI&DS,8,91.5,73.4,90.1,71.4,18,19.1,100.0,30,19.0,54,87.1,7.97,1,1,15.0,No,86.1,67.7,Good,Low
STU107502,18,Male,CSE,7,63.4,47.0,36.0,50.2,13,8.5,64.0,23,13.0,33,78.4,4.58,1,1,11.0,Yes,51.8,46.7,Poor,High
STU107503,23,Male,CSE,8,69.1,57.4,70.9,48.9,17,11.6,55.4,21,18.0,39,62.3,4.56,1,2,9.0,No,48.8,58.1,Average,Medium
STU107504,21,Other,IT,7,67.8,48.9,76.7,60.3,13,10.3,68.7,25,18.0,34,75.3,6.78,1,4,11.0,Yes,49.8,60.0,Average,Medium
STU107505,21,Male,MECH,2,70.1,76.4,55.3,65.0,15,13.7,71.5,33,17.0,41,62.3,6.9,1,2,12.0,No,76.1,58.9,Average,Medium
STU107506,21,Male,CIVIL,6,90.5,61.0,90.3,54.8,19,12.8,83.8,38,20.0,49,82.7,7.11,2,2,15.0,No,77.3,59.0,Average,Medium
STU107507,22,Female,IT,8,63.9,48.9,64.7,29.0,10,11.5,56.8,27,17.0,18,58.6,6.53,1,4,6.0,No,61.2,46.6,Poor,High
STU107508,20,Female,EEE,6,62.3,62.2,54.8,64.5,13,8.4,44.0,27,13.0,25,57.2,6.07,3,4,5.0,No,62.7,45.0,Poor,High
STU107509,20,Female,AI&DS,8,73.2,57.4,74.4,42.4,10,11.3,48.5,15,13.0,24,62.4,6.96,1,1,10.0,No,58.5,45.9,Poor,High
STU107510,20,Male,ECE,2,82.0,57.0,74.2,43.9,13,13.1,55.6,28,15.0,31,59.9,6.22,3,0,16.0,Yes,62.9,71.3,Good,Low
STU107511,21,Female,CSE,6,86.1,83.8,88.9,48.7,15,14.1,75.7,32,20.0,44,71.5,7.54,1,3,14.0,Yes,73.7,65.6,Good,Low
STU107512,22,Female,CIVIL,8,62.7,42.5,52.2,48.5,9,4.6,57.1,27,7.0,15,49.1,4.89,1,5,10.0,No,47.2,39.9,Poor,High
STU107513,18,Female,CIVIL,5,77.7,73.1,79.2,62.5,14,16.1,64.2,25,13.0,22,47.7,7.31,0,6,10.0,No,63.1,58.5,Average,Medium
STU107514,20,Male,ECE,5,83.2,55.6,72.1,75.3,13,9.6,62.1,30,20.0,32,70.4,6.81,0,0,12.0,No,69.9,73.1,Good,Low
STU107515,23,Female,AI&DS,4,76.3,66.4,74.8,62.8,11,16.4,56.3,25,15.0,41,50.9,7.38,0,5,8.0,No,78.4,64.6,Average,Medium
STU107516,18,Female,CSE,7,56.7,61.3,54.5,56.5,10,13.4,56.0,22,16.0,17,56.5,6.84,1,5,6.0,Yes,63.8,49.3,Poor,High
STU107517,23,Male,CSE,8,71.6,80.6,61.1,76.5,13,19.3,53.3,26,17.0,34,67.5,7.09,0,3,10.0,No,69.3,69.7,Good,Low
STU107518,23,Female,AI&DS,4,48.6,58.0,60.9,68.1,7,18.2,64.8,22,15.0,14,46.4,5.49,0,6,5.0,Yes,58.3,43.2,Poor,High
STU107519,20,Female,IT,5,75.6,56.0,68.4,64.4,8,18.6,57.2,5,,37,,6.32,0,3,12.0,No,62.0,62.6,Average,Medium
STU107520,22,Female,CSE,5,47.1,49.1,42.4,39.0,5,4.8,47.8,5,12.0,20,41.7,5.05,1,5,6.0,Yes,49.6,44.1,Poor,High
STU107521,21,Male,IT,6,54.2,29.6,55.6,41.1,7,4.5,20.8,17,7.0,29,25.9,4.13,1,3,2.0,Yes,41.3,37.8,Poor,High
STU107522,19,Male,ECE,5,79.3,73.8,88.9,74.5,14,16.1,74.1,29,14.0,12,65.1,7.19,1,1,11.0,No,79.6,69.9,Good,Low
STU107523,19,Female,ECE,7,67.9,68.3,62.5,46.9,11,13.7,51.5,25,21.0,23,57.7,6.84,0,4,7.0,No,62.4,55.2,Average,Medium
STU107524,24,Male,CSE,8,70.9,53.8,78.6,66.3,10,14.2,60.1,21,15.0,39,67.2,7.43,2,3,11.0,No,59.3,51.1,Average,Medium
STU107525,24,Male,CSE,4,69.5,61.1,60.3,62.8,10,15.9,48.6,14,14.0,47,43.5,6.46,1,2,11.0,Yes,69.9,49.0,Poor,High
STU107526,24,Male,EEE,3,78.2,68.1,82.4,84.0,13,17.9,89.1,40,18.0,40,75.7,8.5,1,1,12.0,No,91.2,59.1,Average,Medium
STU107527,18,Male,EEE,5,69.8,71.5,81.8,55.8,16,15.8,63.2,34,21.0,22,83.6,4.72,1,2,11.0,No,59.8,66.2,Good,Low
STU107528,24,Female,ECE,5,74.3,53.4,40.9,59.9,10,10.3,69.2,32,8.0,38,61.4,7.21,1,5,7.0,No,57.9,47.2,Poor,High
STU107529,22,Other,AI&DS,4,69.5,68.3,67.2,78.7,13,16.7,72.3,18,13.0,34,77.6,8.08,0,4,12.0,No,76.5,66.6,Good,Low
STU107530,21,Male,CSE,3,94.6,72.6,76.1,79.3,17,12.7,75.3,35,14.0,49,77.2,,3,1,13.0,No,91.0,68.3,Good,Low
STU107531,20,Male,AI&DS,2,82.7,72.1,72.6,55.7,12,16.3,63.4,31,13.0,51,72.9,5.96,2,2,11.0,No,69.4,61.2,Average,Medium
STU107532,19,Male,MECH,5,68.7,48.1,76.6,52.3,16,12.6,70.8,29,16.0,28,63.3,6.55,1,3,7.0,Yes,62.2,64.9,Average,Medium
STU107533,20,Female,EEE,7,75.1,68.7,47.5,47.0,10,5.5,63.8,26,18.0,30,49.8,6.21,2,2,9.0,Yes,52.0,43.3,Poor,High
STU107534,19,Male,CSE,5,87.1,75.7,72.2,69.9,8,16.7,57.1,20,14.0,33,57.9,8.52,0,3,11.0,No,72.7,61.8,Average,Medium
STU107535,23,Female,CIVIL,7,68.4,61.9,56.4,73.7,7,15.6,69.4,28,19.0,42,67.8,5.5,0,5,11.0,No,71.6,67.4,Good,Low
STU107536,24,Female,CSE,2,81.6,75.1,71.3,69.0,15,11.1,88.2,26,25.0,39,81.0,7.47,0,5,11.0,No,69.8,74.2,Good,Low
STU107537,24,Male,CIVIL,8,86.3,86.9,82.3,87.8,12,17.2,78.7,37,22.0,43,70.2,8.93,1,0,11.0,No,86.0,76.0,Good,Low
STU107538,24,Male,ECE,6,77.4,59.3,70.3,58.8,14,12.8,45.8,20,17.0,42,54.5,6.46,1,3,9.0,No,62.5,54.6,Average,Medium
STU107539,18,Female,MECH,6,61.4,44.4,55.7,47.9,11,12.5,42.5,14,12.0,6,41.1,6.36,2,3,8.0,No,46.5,42.6,Poor,High
STU107540,23,Male,CSE,7,80.3,57.4,70.2,51.3,13,6.4,73.1,23,19.0,34,83.9,5.51,2,0,11.0,No,65.7,54.0,Average,Medium
STU107541,24,Male,MECH,8,62.1,46.8,53.9,49.1,7,11.5,46.0,18,7.0,22,47.9,6.09,1,4,6.0,Yes,57.7,49.8,Poor,High
STU107542,21,Male,MECH,7,60.3,63.6,60.0,36.5,4,10.4,31.8,15,10.0,10,47.7,6.62,1,3,5.0,Yes,61.1,40.9,Poor,High
STU107543,21,Female,CSE,5,76.6,60.0,58.3,55.1,13,15.7,68.6,33,14.0,47,68.3,6.03,1,2,9.0,Yes,68.6,59.4,Average,Medium
STU107544,20,Female,CSE,7,79.2,62.1,68.8,49.8,12,13.4,61.6,26,17.0,28,41.2,6.32,1,3,6.0,No,58.5,53.9,Average,Medium
STU107545,23,Female,MECH,4,46.7,,49.3,44.3,10,13.5,46.1,5,13.0,15,54.6,6.6,2,3,8.0,Yes,51.5,36.7,Poor,High
STU107546,22,Male,ECE,2,67.8,86.9,82.0,70.3,15,20.2,72.8,41,17.0,55,68.9,8.02,1,0,10.0,No,76.4,77.5,Good,Low
STU107547,22,Female,EEE,8,91.2,65.9,87.6,67.0,11,12.6,78.7,26,21.0,39,60.0,6.78,0,2,15.0,No,79.7,74.6,Good,Low
STU107548,18,Female,CSE,6,69.5,54.0,64.0,53.9,13,14.2,66.7,21,17.0,34,91.9,6.27,1,3,12.0,No,69.3,60.7,Average,Medium
STU107549,24,Female,CSE,7,64.9,66.3,68.9,71.4,11,16.8,63.1,26,15.0,30,70.6,6.59,0,4,10.0,Yes,59.8,45.2,Poor,High
STU107550,21,Female,MECH,6,73.8,80.4,69.4,74.7,15,12.8,57.0,25,10.0,31,59.1,7.09,2,3,8.0,No,74.7,69.2,Good,Low
STU107551,24,Female,CSE,4,92.4,60.7,84.5,51.1,13,12.0,50.2,21,10.0,34,60.8,6.08,1,4,9.0,No,69.9,64.9,Average,Medium
STU107552,22,Female,CSE,7,63.6,64.3,72.4,72.2,13,6.9,48.0,20,21.0,43,80.6,7.03,1,0,12.0,Yes,66.0,71.8,Good,Low
STU107553,21,Male,CSE,4,88.1,69.6,82.4,57.3,10,17.4,66.3,27,20.0,34,75.5,7.09,1,2,8.0,No,76.5,67.7,Good,Low
STU107554,23,Male,CIVIL,6,78.7,71.2,74.5,76.5,17,15.7,74.4,29,21.0,59,71.9,7.23,0,3,12.0,No,63.1,58.5,Average,Medium
STU107555,19,Female,AI&DS,7,74.1,64.1,62.0,60.2,19,14.4,71.9,33,19.0,50,79.7,6.34,2,4,17.0,Yes,62.6,73.6,Good,Low
STU107556,21,Male,ECE,6,79.2,58.8,75.6,72.7,10,12.0,64.8,29,16.0,42,76.7,6.62,2,2,14.0,No,76.0,57.9,Average,Medium
STU107557,18,Female,EEE,5,68.7,69.4,62.5,55.2,9,12.1,57.7,18,14.0,27,61.4,6.85,1,0,7.0,Yes,57.7,45.8,Poor,High
STU107558,23,Female,AI&DS,7,73.2,69.7,83.4,74.2,15,19.2,78.4,29,20.0,47,100.0,7.53,0,4,9.0,No,74.4,65.5,Good,Low
STU107559,20,Male,CSE,2,60.9,64.0,64.0,52.5,10,11.8,48.2,20,15.0,19,66.0,6.52,1,2,6.0,Yes,51.7,55.8,Average,Medium
STU107560,18,Female,AI&DS,7,61.4,61.7,66.2,50.4,13,12.5,51.5,20,11.0,37,49.6,6.49,1,0,4.0,Yes,68.0,52.6,Average,Medium
STU107561,23,Male,CSE,5,77.9,50.6,74.5,68.5,9,11.3,56.2,24,20.0,34,100.0,7.88,1,2,10.0,No,58.4,54.3,Average,Medium
STU107562,19,Male,IT,5,69.9,,56.7,44.5,7,10.6,35.9,9,5.0,25,44.6,6.01,1,3,7.0,Yes,55.8,51.7,Average,Medium
STU107563,19,Female,MECH,3,62.0,61.4,57.3,55.1,7,8.2,61.4,18,16.0,37,66.5,6.48,1,5,8.0,Yes,60.6,58.5,Average,Medium
STU107564,19,Female,CIVIL,3,86.2,68.3,81.8,54.0,11,13.2,65.4,25,17.0,45,62.2,6.65,1,3,12.0,No,67.6,59.3,Average,Medium
STU107565,22,Male,CIVIL,4,60.1,53.3,75.6,49.0,9,13.2,68.8,15,11.0,8,42.8,7.29,0,2,7.0,No,55.0,59.9,Average,Medium
STU107566,20,Male,CSE,7,69.3,,68.0,53.4,7,8.3,48.3,26,5.0,21,60.6,5.99,0,1,9.0,Yes,58.8,60.0,Average,Medium
STU107567,21,Female,MECH,2,52.7,53.0,66.1,37.0,16,16.7,68.0,23,10.0,27,53.4,6.21,1,2,9.0,Yes,52.2,40.3,Poor,High
STU107568,20,Female,ECE,6,82.2,63.3,93.0,39.1,6,13.5,61.3,37,12.0,21,61.5,6.7,1,2,12.0,Yes,59.0,70.4,Good,Low
STU107569,23,Female,CIVIL,8,99.1,79.5,80.1,64.9,12,11.8,64.4,22,22.0,45,71.1,7.03,1,2,13.0,No,72.0,73.9,Good,Low
STU107570,20,Male,IT,6,79.0,66.6,61.8,61.7,11,13.8,49.0,27,12.0,38,67.3,6.29,2,2,6.0,No,65.8,56.4,Average,Medium
STU107571,23,Male,AI&DS,4,58.1,33.9,57.4,31.5,11,4.1,37.8,20,6.0,17,62.5,4.0,1,5,10.0,Yes,50.3,29.9,Poor,High
STU107572,21,Female,EEE,4,69.1,64.2,87.1,59.0,11,26.0,60.5,25,18.0,45,99.5,6.29,0,1,14.0,Yes,63.2,68.4,Good,Low
STU107573,18,Male,AI&DS,4,81.2,58.5,73.4,70.7,8,10.0,57.7,27,19.0,36,76.3,5.69,0,6,10.0,No,62.6,65.0,Good,Low
STU107574,21,Female,IT,3,66.9,75.3,65.8,74.5,9,8.4,55.6,29,17.0,27,57.1,6.55,2,4,7.0,No,61.3,55.4,Average,Medium
STU107575,19,Male,AI&DS,6,69.3,64.6,54.8,34.4,15,13.4,53.9,22,15.0,31,54.1,7.08,1,0,8.0,Yes,51.4,53.2,Average,Medium
STU107576,21,Male,AI&DS,7,72.4,51.5,62.2,55.9,11,12.4,84.2,37,23.0,30,85.3,6.97,0,1,12.0,No,52.3,61.5,Average,Medium
STU107577,18,Female,IT,5,79.1,59.9,62.4,58.0,10,8.1,38.0,18,8.0,25,45.5,5.69,1,2,11.0,No,51.5,54.5,Average,Medium
STU107578,23,Female,CSE,2,77.3,68.2,72.8,65.3,15,14.7,66.8,31,20.0,48,65.9,5.45,0,2,9.0,No,63.6,60.7,Average,Medium
STU107579,22,Female,ECE,8,91.8,84.4,86.5,70.3,18,19.5,84.1,45,25.0,60,73.9,7.4,1,0,18.0,No,73.7,79.9,Good,Low
STU107580,18,Male,EEE,4,75.3,68.2,81.6,73.0,16,13.7,62.0,24,18.0,37,67.5,6.78,0,2,15.0,No,69.7,68.1,Good,Low
STU107581,24,Male,EEE,5,87.9,78.7,75.7,61.9,13,16.8,80.6,33,18.0,39,57.2,6.27,0,0,16.0,No,76.8,69.9,Good,Low
STU107582,20,Female,CSE,5,85.5,97.3,81.8,72.5,18,15.8,74.8,41,20.0,58,89.8,8.83,0,2,15.0,No,89.9,75.7,Good,Low
STU107583,19,Female,CSE,6,97.7,64.6,94.6,65.0,14,14.7,67.3,31,17.0,32,58.2,7.44,0,0,10.0,No,67.4,67.7,Good,Low
STU107584,18,Female,ECE,2,58.4,56.0,42.8,41.2,5,3.3,40.2,13,13.0,10,52.6,4.84,2,5,-0.0,Yes,60.7,44.9,Poor,High
STU107585,19,Male,ECE,3,73.6,80.5,89.9,65.1,13,21.6,66.1,29,16.0,56,83.3,6.82,1,1,12.0,No,80.0,77.4,Good,Low
STU107586,18,Male,IT,6,69.8,76.1,65.6,57.7,10,19.1,73.5,14,12.0,23,52.7,6.72,3,1,8.0,No,67.5,54.1,Average,Medium
STU107587,21,Female,MECH,4,71.2,57.3,67.1,57.2,6,11.1,70.1,18,17.0,24,39.2,6.88,0,0,8.0,No,61.0,56.4,Average,Medium
STU107588,22,Female,EEE,2,85.8,71.2,81.6,55.0,12,10.7,75.2,33,14.0,38,89.2,4.68,2,2,11.0,No,68.1,60.0,Average,Medium
STU107589,20,Male,CSE,8,57.5,62.6,57.8,40.0,9,5.4,49.1,14,8.0,13,47.2,5.22,1,3,7.0,Yes,54.8,40.9,Poor,High
STU107590,24,Male,IT,3,70.7,78.0,77.0,92.7,14,19.8,87.7,24,13.0,59,79.9,8.66,0,0,6.0,Yes,87.0,71.0,Good,Low
STU107591,24,Male,CSE,3,65.4,44.5,37.5,43.8,9,6.0,41.0,16,15.0,16,,5.93,1,4,7.0,Yes,41.0,45.4,Poor,High
STU107592,20,Male,IT,8,83.8,88.3,77.7,73.1,15,17.0,63.6,24,16.0,40,82.3,8.41,0,2,10.0,No,73.8,74.2,Good,Low
STU107593,22,Female,IT,3,52.5,55.3,63.0,67.7,8,13.6,51.2,22,14.0,34,30.4,6.35,0,5,8.0,Yes,57.8,58.2,Average,Medium
STU107594,20,Female,IT,5,63.2,65.0,67.0,54.2,7,10.3,46.9,27,18.0,40,33.4,5.82,2,2,4.0,Yes,58.8,46.4,Poor,High
STU107595,19,Male,AI&DS,5,69.7,75.1,73.5,66.0,8,17.4,64.5,24,,37,75.9,6.42,1,5,10.0,No,70.8,70.9,Good,Low
STU107596,19,Female,CSE,8,52.9,46.2,72.8,37.5,12,7.0,58.3,20,14.0,35,46.9,5.02,3,4,13.0,Yes,42.5,41.2,Poor,High
STU107597,21,Other,EEE,8,66.6,64.8,73.1,65.4,12,14.3,50.0,23,16.0,37,78.7,6.82,2,2,14.0,No,71.1,58.2,Average,Medium
STU107598,18,Female,ECE,5,62.0,63.7,68.2,47.6,12,4.8,57.4,17,12.0,48,61.7,5.11,2,5,5.0,Yes,54.4,56.4,Average,Medium
STU107599,22,Female,AI&DS,2,67.0,56.8,59.7,62.7,13,4.1,63.0,21,15.0,36,66.8,5.67,3,4,9.0,Yes,71.6,46.9,Poor,High
STU107600,24,Female,EEE,7,72.9,67.6,77.9,72.7,14,18.8,69.9,19,21.0,31,78.7,7.45,0,2,12.0,No,67.3,66.0,Good,Low
STU107601,20,Male,MECH,6,91.1,46.9,88.7,68.8,13,12.9,67.3,35,21.0,31,62.9,7.03,2,0,15.0,No,74.5,53.4,Average,Medium
STU107602,22,Female,AI&DS,2,61.5,57.8,60.0,48.9,11,12.7,36.2,16,,26,66.9,4.58,0,8,6.0,Yes,52.0,40.7,Poor,High
STU107603,24,Male,AI&DS,2,85.0,72.2,70.8,79.7,16,15.8,88.9,36,22.0,49,77.8,7.27,1,0,16.0,No,77.0,78.8,Good,Low
STU107604,22,Male,EEE,4,67.3,70.2,75.1,43.8,14,13.0,69.2,32,17.0,40,80.4,7.32,2,0,10.0,Yes,53.5,57.1,Average,Medium
STU107605,20,Male,CSE,7,58.8,55.3,56.8,44.8,5,11.6,47.0,21,15.0,14,69.9,7.64,2,4,7.0,No,51.9,43.5,Poor,High
STU107606,24,Male,MECH,3,88.4,82.0,81.9,65.5,13,13.7,58.0,24,14.0,39,65.0,7.95,0,4,13.0,No,67.3,75.3,Good,Low
STU107607,18,Female,CIVIL,8,80.5,74.4,65.4,45.9,11,8.2,64.3,28,15.0,25,85.8,6.3,1,0,8.0,No,60.2,63.7,Average,Medium
STU107608,22,Female,IT,2,74.7,44.1,56.2,41.6,7,7.2,52.9,20,11.0,11,24.9,5.36,1,5,3.0,No,49.0,34.0,Poor,High
STU107609,19,Male,MECH,5,,78.7,77.3,79.5,13,15.5,76.3,31,22.0,55,91.6,8.75,0,0,13.0,No,84.0,79.9,Good,Low
STU107610,19,Female,ECE,8,82.4,69.7,74.9,76.7,11,13.7,77.6,25,20.0,39,70.1,6.84,1,3,12.0,Yes,78.0,72.9,Good,Low
STU107611,21,Female,IT,6,76.8,73.0,65.8,62.6,10,16.1,50.3,26,15.0,22,41.9,6.5,1,3,4.0,No,69.4,61.4,Average,Medium
STU107612,22,Male,ECE,5,82.5,62.4,80.4,64.9,10,10.6,68.2,27,17.0,39,100.0,5.17,1,6,14.0,No,59.8,68.1,Good,Low
STU107613,23,Female,CIVIL,4,100.0,80.4,90.4,71.3,14,17.6,68.5,35,18.0,39,59.6,7.88,2,2,13.0,No,94.0,69.0,Good,Low
STU107614,23,Male,CSE,6,80.1,62.5,64.8,43.5,14,13.1,79.9,34,22.0,49,66.9,6.26,2,3,9.0,Yes,71.9,59.0,Average,Medium
STU107615,20,Male,MECH,3,60.1,39.7,48.1,35.2,10,5.7,40.8,11,10.0,19,56.3,4.92,2,4,8.0,Yes,50.3,33.5,Poor,High
STU107616,20,Female,CSE,5,50.5,52.2,58.2,37.4,14,12.1,61.1,23,12.0,27,65.7,6.44,2,5,9.0,Yes,36.3,35.2,Poor,High
STU107617,18,Female,CSE,2,83.7,75.5,74.8,76.3,9,20.5,71.2,24,19.0,51,63.7,8.3,1,1,14.0,Yes,76.2,68.4,Good,Low
STU107618,22,Male,ECE,3,69.8,75.3,54.7,67.5,12,14.8,64.0,20,15.0,41,45.9,6.59,0,3,9.0,No,65.9,55.8,Average,Medium
STU107619,23,Male,CSE,7,84.7,76.3,68.0,61.9,13,12.7,68.4,37,15.0,48,69.6,6.71,1,3,11.0,No,64.9,66.0,Good,Low
STU107620,21,Female,AI&DS,8,83.1,72.3,97.1,79.6,15,15.3,71.0,27,23.0,55,75.8,8.65,1,3,14.0,No,77.7,75.1,Good,Low
STU107621,20,Female,CIVIL,4,79.4,76.8,79.8,65.6,14,14.9,75.7,32,22.0,43,64.3,7.58,2,3,13.0,No,73.5,65.8,Good,Low
STU107622,20,Female,EEE,6,57.3,61.8,55.0,41.8,12,9.7,46.5,23,12.0,25,45.5,6.82,1,1,8.0,Yes,55.4,53.7,Average,Medium
STU107623,22,Male,MECH,5,75.0,62.6,86.9,55.4,14,12.9,66.9,30,20.0,38,85.4,6.01,2,3,13.0,No,54.1,62.6,Average,Medium
STU107624,22,Female,CIVIL,2,77.7,59.0,66.9,64.7,12,13.6,55.7,18,18.0,48,65.0,6.65,2,3,6.0,No,65.5,55.3,Average,Medium
STU107625,21,Female,ECE,8,61.2,51.5,61.6,32.2,3,7.7,46.2,16,3.0,6,49.0,6.04,2,5,5.0,No,53.8,40.0,Poor,High
STU107626,19,Male,IT,5,76.7,56.5,58.9,61.9,9,15.4,54.1,22,18.0,35,57.3,6.77,1,4,12.0,Yes,57.7,53.9,Average,Medium
STU107627,20,Female,CSE,2,78.5,69.4,68.3,52.5,12,12.1,81.7,25,10.0,40,57.1,6.16,1,2,11.0,Yes,65.0,51.0,Average,Medium
STU107628,20,Male,CSE,2,74.0,37.1,52.6,47.3,9,9.0,54.6,8,9.0,12,66.9,5.26,1,5,3.0,No,53.0,43.0,Poor,High
STU107629,18,Female,AI&DS,3,73.2,53.7,64.1,47.7,14,11.5,63.9,33,12.0,22,61.4,6.56,2,0,14.0,Yes,52.5,59.4,Average,Medium
STU107630,20,Male,CIVIL,6,,69.4,74.4,65.5,12,9.5,74.1,31,22.0,33,55.5,5.66,0,4,10.0,No,73.6,56.9,Average,Medium
STU107631,23,Male,CSE,4,82.1,79.0,90.3,61.2,20,19.6,77.2,40,22.0,54,88.7,7.89,2,4,10.0,No,66.9,71.1,Good,Low
STU107632,22,Female,ECE,5,35.0,43.2,49.5,28.8,5,7.9,39.3,7,7.0,22,37.7,4.44,2,7,7.0,No,24.0,31.1,Poor,High
STU107633,18,Female,EEE,3,72.7,56.7,73.7,65.2,13,10.6,76.5,24,18.0,52,65.8,6.38,0,2,8.0,No,77.4,65.5,Good,Low
STU107634,23,Male,CIVIL,8,78.2,66.9,78.2,57.4,16,2.7,81.9,34,20.0,46,65.2,5.66,2,3,11.0,Yes,62.2,68.0,Good,Low
STU107635,19,Female,CIVIL,8,81.9,72.2,90.2,51.0,14,19.7,66.4,28,17.0,36,56.3,7.25,0,3,9.0,No,65.0,62.8,Average,Medium
STU107636,22,Other,AI&DS,8,67.0,68.2,68.0,61.4,5,15.0,39.7,27,14.0,25,53.2,6.39,1,4,4.0,Yes,49.5,73.6,Good,Low
STU107637,21,Male,AI&DS,6,70.0,72.2,49.2,55.9,14,19.4,58.3,26,15.0,36,49.7,8.24,0,2,4.0,No,76.8,71.8,Good,Low
STU107638,23,Female,MECH,2,88.9,61.5,75.9,63.7,11,18.8,75.2,21,14.0,40,78.2,6.03,0,2,10.0,No,72.1,68.8,Good,Low
STU107639,23,Male,CIVIL,2,83.3,55.2,85.2,78.7,14,12.7,70.7,27,15.0,40,86.2,6.56,2,1,15.0,No,61.9,64.4,Average,Medium
STU107640,20,Female,CSE,2,74.6,71.1,58.3,62.8,11,13.3,60.7,28,21.0,36,69.2,7.44,1,1,15.0,Yes,64.5,68.8,Good,Low
STU107641,23,Male,MECH,5,55.7,53.0,60.0,51.2,10,6.8,55.2,25,15.0,35,58.4,5.3,2,6,10.0,No,51.2,41.0,Poor,High
STU107642,22,Female,AI&DS,8,70.4,86.6,79.4,66.2,9,16.0,69.2,31,15.0,30,79.4,8.23,1,2,10.0,No,65.5,56.3,Average,Medium
STU107643,20,Male,CSE,7,71.9,38.7,65.0,32.5,8,7.7,33.8,17,12.0,28,58.0,6.47,1,2,6.0,No,41.4,37.2,Poor,High
STU107644,18,Male,AI&DS,5,75.6,57.5,77.5,54.5,12,9.8,62.5,24,24.0,23,82.2,4.21,1,3,14.0,Yes,66.3,66.3,Good,Low
STU107645,21,Female,CIVIL,7,87.1,79.9,82.9,83.6,12,11.1,59.2,25,18.0,40,79.5,6.01,0,5,9.0,No,74.5,71.1,Good,Low
STU107646,21,Male,MECH,5,93.9,80.4,99.1,72.8,19,14.3,99.4,31,28.0,47,84.4,8.76,1,2,14.0,No,84.6,78.9,Good,Low
STU107647,21,Female,ECE,6,73.4,43.2,65.8,30.6,12,4.6,49.9,28,14.0,34,78.7,4.23,2,3,14.0,Yes,47.9,49.0,Poor,High
STU107648,22,Male,MECH,5,81.6,86.2,72.6,80.2,15,20.1,79.2,33,26.0,48,79.5,7.11,0,0,13.0,Yes,77.7,75.6,Good,Low
STU107649,22,Female,ECE,6,61.4,52.3,60.1,64.1,14,15.3,51.4,6,14.0,33,58.1,6.84,1,2,10.0,Yes,53.8,34.6,Poor,High
STU107650,19,Female,CSE,5,73.9,41.3,54.2,38.1,4,5.0,44.5,16,7.0,14,37.3,4.25,3,5,0.0,No,51.3,35.2,Poor,High
STU107651,20,Male,CIVIL,7,46.1,22.8,49.4,27.2,6,9.0,45.4,11,11.0,15,30.3,4.38,3,7,1.0,No,25.2,21.1,Poor,High
STU107652,24,Female,CSE,6,54.6,49.3,46.9,45.2,8,6.5,33.7,8,7.0,15,36.8,6.27,2,5,8.0,No,50.3,32.2,Poor,High
STU107653,22,Female,IT,3,79.7,67.5,84.2,48.3,16,17.6,75.9,29,18.0,27,61.9,5.49,0,4,12.0,No,67.5,66.7,Good,Low
STU107654,20,Female,CIVIL,8,78.2,67.8,71.7,53.5,8,15.0,65.5,25,18.0,30,55.5,6.63,1,3,3.0,Yes,66.9,52.8,Average,Medium
STU107655,24,Female,MECH,5,80.2,71.8,68.7,47.6,13,17.3,77.5,35,20.0,53,89.0,6.41,0,2,12.0,Yes,58.8,63.7,Average,Medium
STU107656,22,Male,EEE,6,56.7,57.3,57.0,53.1,13,11.8,66.5,25,9.0,33,65.0,6.82,1,2,10.0,Yes,48.5,49.5,Poor,High
STU107657,23,Male,CIVIL,5,58.3,53.1,63.0,45.2,9,7.6,73.4,21,12.0,9,59.0,5.65,3,3,4.0,Yes,59.7,39.5,Poor,High
STU107658,21,Male,CSE,4,62.3,61.1,74.8,61.8,9,7.4,62.0,17,10.0,27,36.5,6.57,0,7,5.0,Yes,69.3,52.6,Average,Medium
STU107659,19,Female,EEE,2,81.6,66.6,81.2,52.9,12,14.7,53.4,32,15.0,37,92.0,6.41,1,0,10.0,No,62.7,58.0,Average,Medium
STU107660,23,Male,AI&DS,3,77.5,57.1,60.5,70.7,11,12.9,49.0,14,19.0,41,54.5,7.63,2,2,9.0,No,61.1,47.2,Poor,High
STU107661,23,Male,EEE,8,79.1,40.1,68.7,51.5,6,20.3,66.5,28,16.0,42,66.2,5.07,2,2,10.0,Yes,53.8,50.2,Average,Medium
STU107662,22,Male,MECH,8,73.1,86.7,65.2,73.0,11,17.0,42.6,18,14.0,31,62.0,7.98,0,2,11.0,No,68.0,75.1,Good,Low
STU107663,21,Female,CSE,3,77.1,51.7,66.9,,12,8.5,61.4,24,16.0,32,,7.08,1,5,14.0,No,64.6,59.6,Average,Medium
STU107664,18,Female,CSE,6,68.8,58.2,78.9,54.7,14,12.5,61.2,34,21.0,30,76.2,6.66,3,3,13.0,Yes,62.3,45.5,Poor,High
STU107665,19,Male,EEE,3,50.9,65.3,55.5,56.9,11,9.7,60.7,21,16.0,32,54.9,7.01,2,3,8.0,Yes,60.6,54.3,Average,Medium
STU107666,24,Female,IT,5,69.2,76.6,71.7,67.5,12,15.9,79.1,30,21.0,43,67.8,7.2,0,2,11.0,No,68.2,61.4,Average,Medium
STU107667,19,Female,MECH,6,75.3,48.9,64.8,70.3,12,7.8,62.6,30,17.0,36,59.2,6.72,1,4,9.0,Yes,64.8,55.9,Average,Medium
STU107668,22,Female,ECE,2,58.4,47.4,71.4,81.0,17,14.2,,23,15.0,37,46.1,7.32,2,5,13.0,Yes,62.4,45.8,Poor,High
STU107669,22,Female,IT,8,81.7,80.6,71.4,57.0,17,14.8,66.7,34,21.0,49,89.0,8.28,1,4,12.0,No,63.0,69.4,Good,Low
STU107670,21,Male,CIVIL,8,84.9,91.2,92.4,84.3,18,21.9,85.4,35,20.0,70,100.0,9.19,0,1,16.0,No,95.9,81.2,Excellent,Low
STU107671,24,Male,MECH,8,76.1,61.5,86.2,59.0,13,11.8,53.4,32,20.0,34,82.9,7.08,1,0,11.0,No,60.9,66.5,Good,Low
STU107672,22,Male,ECE,5,76.0,74.4,75.4,74.6,11,14.9,56.4,22,16.0,45,73.2,6.75,3,4,12.0,No,61.2,68.6,Good,Low
STU107673,24,Female,ECE,7,71.2,70.9,67.7,52.9,10,16.5,61.1,25,10.0,31,65.1,6.17,2,3,11.0,Yes,66.9,54.4,Average,Medium
STU107674,19,Male,AI&DS,8,68.4,59.2,57.1,46.7,15,4.7,64.6,30,18.0,7,71.3,6.69,2,4,15.0,Yes,66.5,55.6,Average,Medium
STU107675,23,Male,CIVIL,3,67.4,63.4,63.8,72.9,9,14.7,47.0,10,14.0,31,54.3,6.35,1,8,4.0,No,62.3,48.1,Poor,High
STU107676,23,Female,AI&DS,3,82.9,49.6,64.4,61.0,16,15.1,70.8,26,15.0,32,59.6,6.03,2,3,9.0,No,62.9,56.0,Average,Medium
STU107677,24,Female,MECH,7,87.3,,83.9,43.9,9,18.1,66.7,30,19.0,52,61.7,6.24,1,2,11.0,Yes,68.2,62.1,Average,Medium
STU107678,20,Male,IT,4,70.8,62.8,84.5,72.9,12,9.5,62.1,24,21.0,41,45.0,5.86,1,1,9.0,No,84.2,66.3,Good,Low
STU107679,20,Female,EEE,3,65.8,66.9,62.5,47.3,9,13.2,63.2,28,15.0,26,57.6,5.56,1,5,6.0,Yes,58.8,42.4,Poor,High
STU107680,23,Male,CSE,3,72.3,63.2,61.5,57.3,11,10.0,45.4,13,9.0,10,52.2,5.0,1,0,10.0,No,55.8,47.6,Poor,High
STU107681,23,Female,CSE,6,87.9,67.2,75.0,56.4,14,7.8,,20,16.0,38,66.2,7.93,1,3,12.0,No,65.1,48.1,Poor,High
STU107682,19,Female,MECH,4,83.0,67.8,70.2,66.7,10,16.0,80.1,24,16.0,45,73.4,6.91,0,3,12.0,Yes,70.8,64.4,Average,Medium
STU107683,20,Male,AI&DS,4,69.3,58.3,59.5,56.7,6,6.8,39.0,14,6.0,51,52.3,6.62,0,3,7.0,No,49.2,51.2,Average,Medium
STU107684,23,Female,CSE,8,73.3,39.0,62.2,53.3,11,10.3,80.5,28,13.0,34,67.8,5.88,1,1,13.0,No,54.3,44.5,Poor,High
STU107685,21,Female,AI&DS,8,69.4,56.1,58.8,,10,13.0,45.2,22,17.0,32,44.4,6.83,1,1,9.0,No,44.4,45.4,Poor,High
STU107686,24,Other,EEE,4,73.2,42.2,43.1,58.2,9,13.1,28.9,10,9.0,19,46.8,4.95,1,3,4.0,No,61.7,57.2,Average,Medium
STU107687,22,Male,EEE,3,58.0,66.9,67.4,71.7,8,14.2,51.0,20,14.0,42,62.9,6.71,0,4,9.0,Yes,52.0,58.6,Average,Medium
STU107688,24,Male,CSE,7,82.4,82.2,100.0,64.8,16,15.0,83.9,32,18.0,49,74.7,6.77,0,1,15.0,No,77.0,72.1,Good,Low
STU107689,20,Male,EEE,7,70.8,65.3,62.3,57.7,9,12.9,62.3,19,17.0,13,45.5,6.69,1,1,6.0,No,57.0,57.7,Average,Medium
STU107690,23,Female,ECE,7,91.1,55.7,68.3,55.5,14,13.3,79.7,23,20.0,37,53.3,6.04,2,4,9.0,No,61.7,62.1,Average,Medium
STU107691,19,Male,ECE,3,80.5,69.2,74.3,56.6,12,18.2,66.3,15,13.0,30,77.9,6.99,0,4,4.0,No,,72.6,Good,Low
STU107692,22,Male,IT,4,68.9,66.3,58.6,52.5,12,16.2,49.4,24,17.0,35,48.4,6.82,1,2,10.0,No,56.9,55.0,Average,Medium
STU107693,20,Other,CSE,2,74.8,46.8,63.6,,9,10.0,58.6,20,16.0,31,59.0,5.17,1,1,6.0,Yes,72.0,52.9,Average,Medium
STU107694,21,Male,ECE,6,88.2,75.8,84.3,77.7,20,20.1,85.3,42,18.0,59,94.2,6.81,1,3,16.0,No,82.4,69.8,Good,Low
STU107695,23,Male,CSE,2,70.0,73.1,61.3,63.9,16,13.3,84.0,40,21.0,38,60.3,6.9,0,2,11.0,Yes,73.6,62.8,Average,Medium
STU107696,18,Female,CSE,7,57.6,66.5,65.5,68.7,10,15.3,63.2,20,12.0,40,68.8,8.16,2,4,10.0,Yes,70.5,69.0,Good,Low
STU107697,19,Male,EEE,4,58.7,57.8,49.7,43.6,9,8.7,55.6,15,7.0,23,57.3,6.1,1,6,7.0,No,53.1,50.9,Average,Medium
STU107698,21,Female,MECH,6,80.5,63.0,67.5,87.7,15,17.6,60.3,32,25.0,33,61.1,8.73,1,0,12.0,No,72.9,72.8,Good,Low
STU107699,20,Male,EEE,3,86.6,64.5,78.6,61.9,12,10.5,70.6,27,18.0,27,,6.32,2,2,8.0,No,63.9,74.0,Good,Low
STU107700,21,Male,IT,3,76.8,82.5,92.9,66.8,14,9.6,62.8,33,16.0,40,64.0,7.86,0,3,9.0,No,77.5,65.3,Good,Low
STU107701,21,Male,CIVIL,3,69.8,62.4,73.7,55.9,11,7.5,65.1,21,20.0,35,64.5,6.86,2,2,10.0,No,57.4,53.4,Average,Medium
STU107702,18,Female,CSE,8,66.1,59.8,60.7,61.3,10,13.6,47.6,14,10.0,52,56.0,6.32,2,2,5.0,No,62.4,51.6,Average,Medium
STU107703,24,Male,EEE,8,64.8,32.8,87.2,28.6,10,4.2,43.6,21,8.0,20,42.6,4.53,3,2,5.0,Yes,37.1,43.7,Poor,High
STU107704,22,Male,EEE,5,73.5,62.7,69.3,57.8,14,13.4,76.2,30,21.0,27,77.1,5.91,0,0,16.0,No,48.2,59.6,Average,Medium
STU107705,22,Other,EEE,2,66.0,67.2,75.0,65.3,13,16.4,60.7,28,10.0,34,57.0,6.27,1,0,10.0,No,64.4,57.6,Average,Medium
STU107706,19,Female,ECE,8,84.1,62.5,90.2,46.1,14,16.6,56.8,28,18.0,34,70.9,6.14,1,4,11.0,Yes,63.1,64.1,Average,Medium
STU107707,19,Female,IT,4,88.4,73.2,79.1,83.0,20,15.8,91.4,33,17.0,59,83.4,8.49,2,0,14.0,No,78.1,74.9,Good,Low
STU107708,22,Female,ECE,6,50.2,51.2,57.1,69.3,5,1.0,48.4,10,8.0,20,57.7,5.31,3,2,8.0,No,58.0,30.6,Poor,High
STU107709,18,Male,CIVIL,3,88.1,53.5,70.7,41.7,15,10.1,78.7,25,20.0,41,66.3,6.06,1,2,14.0,No,63.6,59.2,Average,Medium
STU107710,21,Female,ECE,5,68.6,46.4,48.4,54.1,9,9.7,39.0,17,5.0,29,25.3,5.2,1,3,7.0,Yes,57.8,26.3,Poor,High
STU107711,24,Female,CIVIL,2,75.6,64.2,66.0,41.0,14,13.3,45.4,30,15.0,27,51.8,6.63,0,2,11.0,Yes,59.9,46.2,Poor,High
STU107712,24,Female,AI&DS,5,93.7,75.4,75.0,60.9,15,13.8,81.6,43,16.0,44,84.4,6.94,1,3,14.0,No,76.1,63.6,Average,Medium
STU107713,21,Male,CSE,6,91.4,75.0,80.1,75.3,18,12.4,92.1,45,23.0,63,67.1,8.76,2,5,16.0,No,84.5,69.4,Good,Low
STU107714,19,Female,ECE,8,83.6,52.8,82.2,62.4,15,10.1,100.0,33,20.0,41,76.9,5.54,0,3,15.0,No,65.0,65.9,Good,Low
STU107715,18,Male,EEE,8,77.6,53.1,58.8,57.2,15,10.6,70.9,26,15.0,45,55.0,6.31,0,0,16.0,No,48.3,61.4,Average,Medium
STU107716,19,Male,CSE,8,63.9,44.6,52.2,47.4,8,15.3,49.9,22,12.0,28,47.9,5.47,1,4,10.0,Yes,45.2,52.6,Average,Medium
STU107717,19,Female,MECH,8,78.7,80.2,59.1,65.5,13,15.8,60.2,28,21.0,48,64.8,7.53,1,4,14.0,No,69.1,75.0,Good,Low
STU107718,21,Male,CIVIL,4,94.4,77.9,78.0,73.0,14,19.9,84.5,36,24.0,56,89.8,7.47,1,0,14.0,No,77.9,73.7,Good,Low
STU107719,23,Male,IT,3,57.7,74.8,85.0,42.8,7,17.5,,29,16.0,38,55.2,6.9,0,1,8.0,No,65.4,61.4,Average,Medium
STU107720,21,Male,AI&DS,3,78.2,41.5,67.3,54.7,12,8.3,70.7,20,14.0,20,67.5,4.74,2,3,12.0,Yes,58.2,56.1,Average,Medium
STU107721,23,Male,ECE,3,71.0,61.9,64.0,43.4,11,10.3,70.8,25,16.0,23,68.8,5.14,2,5,12.0,No,58.4,48.7,Poor,High
STU107722,19,Male,CIVIL,2,72.0,66.3,75.3,72.5,13,15.4,76.6,31,20.0,34,84.1,8.19,2,0,13.0,No,70.3,59.4,Average,Medium
STU107723,20,Female,IT,6,79.9,68.2,77.4,54.3,13,17.1,70.1,20,9.0,22,63.7,8.42,1,2,7.0,No,62.4,64.2,Average,Medium
STU107724,22,Female,CSE,4,60.6,40.0,49.5,41.9,9,6.5,43.6,11,6.0,12,58.1,5.1,2,1,7.0,Yes,48.4,47.6,Poor,High
STU107725,18,Female,CSE,5,64.0,79.8,65.1,38.9,10,16.2,66.7,22,11.0,32,55.7,6.23,2,4,11.0,No,63.1,55.4,Average,Medium
STU107726,24,Male,CSE,4,73.3,74.4,82.7,85.7,12,20.6,66.6,26,15.0,46,63.4,8.67,2,2,7.0,No,84.0,62.5,Average,Medium
STU107727,24,Male,ECE,5,60.1,77.0,58.1,57.2,8,11.2,66.6,14,5.0,23,57.1,5.98,0,2,9.0,Yes,58.4,59.2,Average,Medium
STU107728,23,Female,CIVIL,4,75.8,85.6,90.6,70.8,14,19.9,72.6,36,20.0,51,71.5,9.03,1,3,12.0,No,88.8,72.4,Good,Low
STU107729,22,Male,CSE,6,76.5,59.4,64.7,61.7,15,15.5,61.8,39,13.0,31,56.5,,0,2,14.0,No,73.9,53.1,Average,Medium
STU107730,19,Male,MECH,3,59.5,43.6,65.6,45.5,11,18.0,61.7,38,15.0,45,43.6,6.29,3,2,4.0,Yes,43.4,44.6,Poor,High
STU107731,19,Other,CSE,8,86.4,67.0,85.1,57.7,16,17.3,84.9,27,17.0,48,78.9,6.33,0,4,10.0,No,71.2,61.8,Average,Medium
STU107732,19,Male,CSE,5,74.4,61.6,70.1,44.2,11,13.4,69.1,22,18.0,42,63.2,5.89,2,3,10.0,Yes,63.4,58.1,Average,Medium
STU107733,18,Male,EEE,6,66.0,51.3,67.2,45.9,8,8.9,59.3,17,12.0,30,55.5,4.99,2,3,14.0,Yes,61.4,55.2,Average,Medium
STU107734,21,Male,EEE,8,73.1,49.8,68.7,44.3,11,7.2,49.9,23,11.0,8,55.6,6.26,1,5,10.0,No,53.8,45.9,Poor,High
STU107735,24,Female,AI&DS,2,95.7,91.9,96.0,86.6,17,19.5,73.0,30,24.0,64,70.6,8.19,1,4,11.0,No,97.5,80.2,Excellent,Low
STU107736,22,Male,AI&DS,3,77.0,56.2,60.0,44.3,10,5.5,67.9,25,12.0,21,61.2,6.38,2,3,6.0,Yes,56.6,47.9,Poor,High
STU107737,24,Female,AI&DS,5,84.9,78.5,89.6,60.5,13,21.6,78.6,30,13.0,39,67.1,7.92,1,5,12.0,No,77.8,66.9,Good,Low
STU107738,24,Female,IT,6,72.1,58.3,59.6,53.9,11,4.5,37.6,27,9.0,27,45.8,7.53,0,4,7.0,No,64.3,41.5,Poor,High
STU107739,22,Female,IT,5,76.6,64.1,55.5,62.7,11,10.0,50.6,27,17.0,29,53.3,7.02,0,5,5.0,No,70.1,53.8,Average,Medium
STU107740,18,Male,ECE,2,78.6,85.0,74.5,65.0,11,17.3,67.9,26,11.0,36,74.5,6.56,1,2,9.0,Yes,77.7,73.9,Good,Low
STU107741,24,Male,IT,6,69.0,65.0,80.0,52.4,9,12.6,54.1,21,13.0,48,52.8,5.72,0,1,10.0,No,56.1,67.5,Good,Low
STU107742,21,Female,EEE,6,78.1,91.0,79.4,65.2,16,15.6,70.8,31,21.0,36,68.3,8.12,0,2,10.0,No,72.1,70.3,Good,Low
STU107743,21,Female,CSE,2,62.9,48.4,53.0,38.2,9,4.8,43.9,27,11.0,23,61.0,4.93,1,3,7.0,Yes,44.5,33.7,Poor,High
STU107744,24,Male,ECE,8,79.4,63.9,69.6,60.0,16,14.5,63.0,30,16.0,46,65.4,7.2,0,4,11.0,No,60.5,74.5,Good,Low
STU107745,22,Male,IT,8,77.2,48.3,51.4,30.2,5,8.2,46.4,23,14.0,29,77.8,4.0,3,3,8.0,Yes,43.5,36.7,Poor,High
STU107746,18,Female,MECH,3,77.0,62.3,77.1,60.3,11,10.6,71.3,23,23.0,47,81.5,6.01,1,1,11.0,Yes,71.2,67.4,Good,Low
STU107747,23,Female,IT,6,72.8,85.8,81.6,76.1,19,15.4,84.9,33,28.0,66,80.3,8.7,2,0,12.0,Yes,72.9,70.7,Good,Low
STU107748,24,Female,ECE,7,76.0,63.4,64.4,67.9,13,14.5,59.3,25,16.0,39,71.3,7.66,2,1,13.0,No,69.6,68.0,Good,Low
STU107749,19,Female,IT,5,69.4,36.7,57.5,31.0,12,8.1,47.4,19,15.0,41,8.6,5.98,2,0,6.0,Yes,49.2,44.6,Poor,High
STU107750,21,Male,CIVIL,2,71.4,56.9,66.9,54.4,9,14.1,53.0,30,13.0,24,60.7,5.11,1,1,8.0,No,56.8,63.1,Average,Medium
STU107751,18,Female,CIVIL,4,73.0,69.3,64.6,41.9,12,13.1,62.4,24,16.0,30,90.6,5.39,2,0,10.0,Yes,66.1,63.6,Average,Medium
STU107752,23,Female,IT,4,70.0,59.0,72.4,48.0,9,12.8,51.1,23,15.0,26,59.4,6.64,3,1,6.0,Yes,48.9,55.8,Average,Medium
STU107753,19,Male,AI&DS,7,52.5,45.3,37.4,25.2,7,1.0,40.8,10,7.0,18,30.3,5.03,2,3,4.0,No,36.4,35.3,Poor,High
STU107754,20,Male,EEE,2,77.8,60.4,82.4,59.2,14,17.9,73.2,35,17.0,47,81.1,6.14,2,1,11.0,No,73.8,62.0,Average,Medium
STU107755,22,Male,AI&DS,8,75.7,72.0,59.3,58.7,11,10.1,54.8,17,9.0,29,36.1,6.79,1,4,6.0,No,65.8,62.2,Average,Medium
STU107756,23,Male,CIVIL,4,83.4,56.1,66.8,66.4,15,17.3,66.0,17,20.0,40,74.9,6.48,0,3,9.0,Yes,67.9,69.7,Good,Low
STU107757,20,Female,EEE,4,67.9,70.2,62.6,71.8,11,11.6,51.4,28,13.0,29,57.6,5.96,0,3,15.0,Yes,58.8,59.6,Average,Medium
STU107758,24,Male,CSE,4,70.1,64.1,75.0,48.9,14,15.0,78.8,32,21.0,58,66.1,7.23,2,3,13.0,Yes,54.6,64.7,Average,Medium
STU107759,18,Female,ECE,2,70.1,52.5,63.3,40.7,12,13.8,70.4,33,22.0,33,62.4,5.43,1,3,15.0,Yes,56.0,54.0,Average,Medium
STU107760,19,Male,CSE,6,69.3,27.4,57.2,50.1,13,6.5,52.8,25,12.0,25,55.9,5.55,3,4,5.0,Yes,57.5,51.6,Average,Medium
STU107761,18,Male,ECE,7,75.6,54.9,60.2,62.3,14,14.7,66.0,27,,27,82.3,6.32,2,4,14.0,Yes,56.6,57.6,Average,Medium
STU107762,23,Female,CSE,4,68.3,50.9,60.7,40.3,10,9.2,63.7,22,11.0,41,55.0,4.85,1,3,6.0,Yes,55.5,48.0,Poor,High
STU107763,20,Male,IT,2,69.1,62.2,62.6,64.0,13,17.9,61.5,28,23.0,57,83.3,5.19,1,1,13.0,No,68.6,60.3,Average,Medium
STU107764,18,Female,EEE,7,93.6,,73.3,76.4,13,15.7,72.1,19,20.0,41,78.0,6.03,0,2,10.0,Yes,74.8,73.0,Good,Low
STU107765,23,Male,IT,6,86.6,76.4,83.1,75.9,13,18.0,62.2,26,18.0,40,57.6,7.09,0,1,12.0,No,81.0,71.6,Good,Low
STU107766,19,Female,CSE,4,82.6,60.7,83.4,52.3,15,15.0,62.9,23,20.0,24,74.5,6.21,1,1,12.0,No,73.3,62.2,Average,Medium
STU107767,22,Female,AI&DS,6,81.3,62.2,70.5,45.5,13,20.0,57.7,32,18.0,34,74.5,7.71,0,3,13.0,No,68.8,53.9,Average,Medium
STU107768,21,Male,IT,3,55.0,54.6,41.4,48.4,8,9.7,43.2,17,9.0,24,47.9,4.0,0,4,7.0,Yes,46.1,35.6,Poor,High
STU107769,18,Male,MECH,6,78.0,72.4,82.7,57.0,12,15.2,45.1,24,8.0,26,66.8,6.16,1,0,7.0,No,62.5,62.2,Average,Medium
STU107770,22,Female,CSE,5,76.9,67.4,70.2,52.2,13,8.8,53.0,30,19.0,20,66.0,7.94,1,0,5.0,No,71.1,60.3,Average,Medium
STU107771,24,Male,IT,3,87.5,79.4,64.0,55.0,10,20.7,67.2,19,18.0,36,69.1,7.39,0,0,5.0,No,79.9,57.5,Average,Medium
STU107772,20,Male,CSE,6,51.9,53.8,54.6,49.8,10,12.2,33.0,7,13.0,13,26.1,6.46,2,7,2.0,Yes,43.4,39.1,Poor,High
STU107773,23,Female,AI&DS,3,62.8,71.1,61.6,51.2,10,10.6,55.9,24,15.0,20,71.2,6.72,1,3,9.0,Yes,65.9,45.3,Poor,High
STU107774,19,Male,MECH,8,76.6,68.8,73.5,70.3,13,17.6,69.1,20,14.0,28,81.3,7.09,0,2,8.0,No,65.9,62.3,Average,Medium
STU107775,19,Female,MECH,2,73.6,59.0,70.4,64.7,11,17.4,59.0,18,14.0,19,44.3,6.2,1,1,5.0,No,53.4,60.1,Average,Medium
STU107776,19,Male,MECH,7,40.3,38.5,27.9,35.3,1,9.8,27.6,13,4.0,18,17.6,6.28,2,6,4.0,Yes,32.6,20.2,Poor,High
STU107777,19,Female,CSE,4,84.2,85.7,82.5,100.0,13,25.9,66.1,29,23.0,64,74.3,9.73,1,1,10.0,No,93.3,76.3,Good,Low
STU107778,19,Female,AI&DS,5,66.7,48.0,63.2,46.8,9,13.6,52.7,11,17.0,57,73.1,4.6,2,2,7.0,Yes,44.1,52.8,Average,Medium
STU107779,22,Female,AI&DS,7,71.7,57.9,68.1,64.1,8,6.8,59.7,15,21.0,26,69.1,7.3,1,2,9.0,No,66.3,72.0,Good,Low
STU107780,18,Female,ECE,8,74.5,58.8,84.1,59.3,13,18.8,79.3,35,18.0,25,70.2,5.71,1,0,9.0,No,60.7,70.0,Good,Low
STU107781,21,Male,CSE,5,69.8,58.4,82.3,70.9,15,8.3,53.8,34,23.0,39,75.7,7.47,2,3,11.0,Yes,59.2,65.8,Good,Low
STU107782,19,Male,MECH,4,78.0,49.8,85.4,50.6,14,17.4,70.2,24,22.0,26,58.5,7.15,3,5,11.0,Yes,64.4,55.2,Average,Medium
STU107783,19,Female,IT,7,83.9,65.3,57.8,,14,15.8,59.4,30,21.0,17,77.0,6.64,1,3,12.0,No,62.0,59.0,Average,Medium
STU107784,23,Female,IT,8,81.3,54.9,75.4,82.1,13,18.2,65.5,33,17.0,44,60.5,6.32,1,2,14.0,No,75.6,53.4,Average,Medium
STU107785,21,Female,CIVIL,4,67.6,63.0,60.7,35.6,11,10.5,43.3,11,9.0,16,59.5,6.59,3,2,2.0,Yes,56.8,44.8,Poor,High
STU107786,20,Female,CSE,4,99.5,94.1,84.4,62.1,16,20.8,81.7,38,25.0,53,87.0,8.23,0,0,9.0,No,75.3,89.7,Excellent,Low
STU107787,22,Male,ECE,7,76.9,63.5,74.8,54.1,10,17.2,65.0,25,20.0,38,56.6,6.6,1,1,12.0,No,70.0,52.8,Average,Medium
STU107788,24,Female,IT,3,90.4,74.3,84.3,67.4,11,11.2,74.5,28,13.0,31,67.7,6.71,0,0,13.0,No,69.6,70.3,Good,Low
STU107789,19,Female,CSE,5,84.9,70.3,73.9,54.9,13,13.8,64.2,28,11.0,5,59.2,7.22,2,1,8.0,No,77.6,66.0,Good,Low
STU107790,19,Male,AI&DS,4,69.5,57.5,83.1,53.2,12,12.0,62.0,33,19.0,26,52.5,6.29,1,2,10.0,No,67.1,58.1,Average,Medium
STU107791,22,Male,AI&DS,5,67.2,58.4,66.6,60.8,7,10.9,64.7,17,5.0,11,46.2,6.63,1,3,6.0,No,55.2,55.1,Average,Medium
STU107792,21,Male,EEE,6,62.9,56.1,60.0,36.6,9,6.7,37.5,19,10.0,9,52.3,4.0,2,5,7.0,Yes,48.1,50.1,Average,Medium
STU107793,22,Male,IT,5,74.9,69.9,71.7,64.1,13,12.7,48.6,23,12.0,24,60.3,6.15,1,3,7.0,No,62.3,57.3,Average,Medium
STU107794,19,Female,ECE,5,66.1,51.7,55.0,52.9,11,13.6,62.3,21,13.0,37,62.1,5.69,1,2,8.0,No,62.1,52.5,Average,Medium
STU107795,24,Male,EEE,4,76.4,94.5,83.9,64.2,16,21.6,68.4,24,18.0,42,72.2,7.07,1,2,12.0,No,69.4,80.7,Excellent,Low
STU107796,18,Female,EEE,2,62.2,36.5,48.4,50.5,13,7.0,60.5,28,14.0,26,46.0,6.02,2,3,5.0,Yes,56.9,45.2,Poor,High
STU107797,19,Female,CIVIL,7,60.6,39.2,73.4,52.8,14,10.2,49.3,19,12.0,25,49.9,5.42,2,3,8.0,No,56.4,41.1,Poor,High
STU107798,22,Female,AI&DS,4,68.6,68.1,59.1,64.5,10,1.5,52.4,17,8.0,22,53.8,5.8,2,3,2.0,No,75.4,52.0,Average,Medium
STU107799,21,Female,EEE,2,84.0,84.1,78.6,79.7,15,22.0,68.8,35,15.0,59,73.5,9.3,0,2,15.0,No,88.0,85.7,Excellent,Low
STU107800,20,Female,IT,5,,55.4,53.6,51.0,9,6.0,66.4,29,12.0,49,58.9,5.75,0,3,8.0,Yes,50.7,51.6,Average,Medium
STU107801,24,Male,IT,7,81.2,72.8,64.3,65.0,7,15.0,54.4,13,16.0,20,48.8,6.19,0,0,10.0,No,80.6,60.8,Average,Medium
STU107802,20,Female,AI&DS,6,80.4,69.0,80.6,60.1,8,17.3,70.5,31,16.0,37,58.9,8.2,1,1,7.0,No,78.7,60.9,Average,Medium
STU107803,22,Female,CSE,6,64.1,47.8,69.4,56.5,13,15.8,51.4,25,11.0,20,66.2,6.16,1,1,12.0,Yes,52.1,54.1,Average,Medium
STU107804,20,Other,IT,8,66.5,45.6,80.4,44.0,17,6.2,80.1,26,17.0,39,73.9,5.25,1,2,10.0,Yes,49.7,51.2,Average,Medium
STU107805,21,Female,IT,6,52.5,44.4,56.0,43.9,7,11.2,45.1,11,12.0,3,52.5,4.47,2,2,8.0,Yes,47.5,50.3,Average,Medium
STU107806,23,Male,CSE,8,86.1,65.5,74.5,57.1,15,21.3,75.6,25,19.0,43,70.1,8.3,0,1,13.0,No,78.0,73.9,Good,Low
STU107807,20,Female,CSE,8,70.2,45.3,58.7,30.5,10,10.0,30.1,22,11.0,16,62.8,6.24,0,4,8.0,Yes,44.7,53.6,Average,Medium
STU107808,20,Female,CSE,5,86.4,60.4,65.6,52.6,12,10.4,38.0,16,10.0,28,45.8,7.46,0,4,6.0,No,58.1,53.5,Average,Medium
STU107809,23,Male,EEE,2,72.0,60.2,57.1,50.7,9,8.5,47.6,18,12.0,23,50.2,7.65,1,2,5.0,No,56.8,51.6,Average,Medium
STU107810,18,Female,AI&DS,5,75.1,72.2,86.6,63.8,11,19.8,50.8,19,19.0,31,58.2,7.26,0,0,8.0,No,72.2,74.0,Good,Low
STU107811,21,Female,AI&DS,8,79.6,73.5,72.8,58.5,12,13.4,70.3,17,15.0,33,65.5,6.4,2,1,11.0,No,59.3,63.3,Average,Medium
STU107812,19,Female,CIVIL,6,79.7,56.9,79.4,55.4,11,9.9,55.8,23,12.0,38,72.5,5.1,1,5,8.0,No,62.1,62.8,Average,Medium
STU107813,21,Female,AI&DS,3,82.7,36.7,87.4,47.9,15,19.9,73.5,31,13.0,36,78.7,5.71,1,3,10.0,Yes,52.5,54.8,Average,Medium
STU107814,22,Female,IT,7,79.1,61.5,74.4,83.3,11,17.6,57.7,25,15.0,49,67.8,7.3,1,4,8.0,No,84.4,74.9,Good,Low
STU107815,21,Female,ECE,7,75.7,49.6,66.1,49.3,11,15.2,26.7,22,11.0,23,63.5,5.98,1,3,7.0,No,46.5,48.4,Poor,High
STU107816,24,Male,ECE,7,58.9,46.3,41.5,33.4,7,10.8,34.9,12,5.0,15,49.5,4.0,3,4,4.0,Yes,37.4,25.1,Poor,High
STU107817,24,Male,IT,3,66.5,63.4,67.4,57.4,11,10.0,76.7,17,19.0,20,56.9,7.38,0,0,12.0,Yes,52.1,56.4,Average,Medium
STU107818,19,Male,CSE,7,55.5,37.2,52.9,44.9,7,14.8,65.0,26,10.0,27,29.3,4.74,1,5,12.0,Yes,53.1,42.5,Poor,High
STU107819,22,Female,CSE,8,59.9,71.7,58.6,68.1,9,18.9,67.6,24,11.0,32,80.1,7.58,3,3,9.0,No,61.9,57.1,Average,Medium
STU107820,20,Female,ECE,5,72.1,78.5,79.1,69.7,10,15.8,60.8,24,10.0,41,64.2,7.03,0,1,9.0,No,85.5,70.4,Good,Low
STU107821,23,Female,EEE,6,74.3,86.8,81.4,66.2,15,16.9,79.5,23,13.0,38,78.6,7.26,2,0,5.0,No,77.3,76.9,Good,Low
STU107822,21,Male,ECE,8,83.0,59.4,53.6,76.2,13,17.7,62.4,26,12.0,36,33.0,7.63,1,5,8.0,No,60.6,67.1,Good,Low
STU107823,24,Male,IT,7,70.9,63.8,68.7,79.6,10,11.5,63.0,32,16.0,29,79.2,6.16,1,4,8.0,Yes,67.3,61.1,Average,Medium
STU107824,24,Other,IT,6,86.8,71.6,78.0,85.6,19,20.8,86.6,33,22.0,60,100.0,8.34,1,1,15.0,No,79.5,77.5,Good,Low
STU107825,18,Male,CSE,4,72.0,46.7,81.8,49.8,8,9.0,68.7,32,18.0,34,81.8,6.56,2,2,5.0,Yes,47.0,45.7,Poor,High
STU107826,18,Male,CSE,3,77.2,57.6,55.8,56.1,14,21.7,76.2,31,18.0,49,53.5,6.8,0,2,9.0,No,72.4,63.1,Average,Medium
STU107827,18,Female,EEE,3,89.0,65.7,100.0,59.0,13,17.4,56.2,38,18.0,5,49.1,6.52,1,0,7.0,No,65.5,71.9,Good,Low
STU107828,23,Female,IT,6,62.7,62.7,72.5,53.9,7,14.2,62.5,31,16.0,40,52.1,6.13,1,0,8.0,No,68.8,43.7,Poor,High
STU107829,19,Male,AI&DS,7,94.5,78.9,67.9,74.9,14,12.7,87.6,33,23.0,50,80.2,7.38,0,1,19.0,No,69.0,77.8,Good,Low
STU107830,23,Male,AI&DS,4,76.7,62.6,73.3,66.6,12,14.8,62.4,21,17.0,33,74.7,5.71,2,1,8.0,No,68.4,71.8,Good,Low
STU107831,20,Female,AI&DS,4,84.1,95.6,90.6,84.2,16,23.4,75.9,35,26.0,58,72.7,7.34,1,0,10.0,Yes,88.6,88.5,Excellent,Low
STU107832,20,Male,IT,3,85.9,89.8,80.6,79.7,16,16.5,94.3,26,19.0,57,87.5,9.74,0,0,13.0,No,80.4,79.0,Good,Low
STU107833,22,Male,CSE,4,77.0,72.1,64.9,48.5,10,11.9,56.2,25,11.0,24,50.9,6.37,2,2,5.0,Yes,65.9,68.7,Good,Low
STU107834,23,Male,EEE,6,70.3,69.8,89.3,56.4,11,12.2,53.9,25,12.0,23,59.5,5.98,1,3,12.0,No,65.2,57.4,Average,Medium
STU107835,21,Male,CSE,2,90.4,80.9,84.5,,18,14.1,66.9,31,19.0,51,79.5,6.83,1,2,11.0,Yes,73.4,72.1,Good,Low
STU107836,22,Male,EEE,6,68.1,58.1,52.8,54.1,9,5.3,58.5,22,11.0,38,46.5,5.0,2,3,5.0,No,53.6,43.9,Poor,High
STU107837,23,Female,AI&DS,2,67.2,41.0,68.5,54.5,11,12.6,48.8,27,9.0,14,50.8,4.0,1,3,9.0,No,47.5,51.7,Average,Medium
STU107838,19,Male,EEE,8,87.1,71.8,72.9,84.7,20,13.1,94.6,38,22.0,51,82.8,8.23,2,1,17.0,No,82.9,61.5,Average,Medium
STU107839,22,Male,CSE,7,58.8,64.1,70.9,54.5,13,7.0,58.2,26,16.0,31,59.6,7.21,0,5,10.0,Yes,57.7,51.5,Average,Medium
STU107840,20,Male,CSE,8,77.0,63.1,77.2,50.3,13,11.5,69.5,22,14.0,40,55.6,6.53,0,2,7.0,No,74.8,48.3,Poor,High
STU107841,19,Male,CSE,4,68.6,53.3,85.5,64.3,9,13.8,55.2,22,11.0,35,57.8,5.79,0,2,9.0,Yes,51.9,50.9,Average,Medium
STU107842,20,Female,CIVIL,4,49.0,45.7,60.6,47.3,14,8.3,52.6,26,17.0,24,40.3,4.97,2,7,9.0,No,42.2,30.9,Poor,High
STU107843,19,Male,MECH,5,77.7,75.9,76.3,59.2,12,11.0,67.8,32,23.0,34,81.5,6.22,0,2,14.0,No,60.4,69.8,Good,Low
STU107844,20,Female,CSE,3,64.2,65.5,64.6,70.3,13,8.5,80.1,23,20.0,44,83.4,6.81,1,2,12.0,No,67.4,51.9,Average,Medium
STU107845,18,Female,AI&DS,7,100.0,69.1,100.0,84.1,13,18.3,92.7,40,24.0,53,83.0,6.03,0,3,9.0,No,89.1,85.4,Excellent,Low
STU107846,23,Male,ECE,2,,79.1,71.4,72.9,10,18.3,60.8,18,19.0,31,63.7,6.89,0,0,8.0,Yes,80.4,90.7,Excellent,Low
STU107847,20,Female,CSE,7,78.7,65.2,67.5,65.6,12,18.4,51.0,22,15.0,14,63.9,6.41,1,1,7.0,Yes,68.1,56.9,Average,Medium
STU107848,22,Male,CIVIL,8,63.4,65.8,60.4,41.4,7,14.8,48.7,4,5.0,13,53.4,6.13,1,3,4.0,Yes,54.1,52.7,Average,Medium
STU107849,23,Male,AI&DS,3,66.4,58.0,67.8,37.6,13,3.9,61.0,22,12.0,40,60.2,5.58,3,0,2.0,No,52.6,56.0,Average,Medium
STU107850,23,Male,MECH,4,96.0,80.1,72.3,66.4,14,12.0,67.8,27,19.0,58,81.4,7.9,1,3,10.0,No,87.9,70.7,Good,Low
STU107851,18,Female,EEE,2,73.2,66.3,66.4,80.9,14,18.9,59.6,22,19.0,37,74.9,7.66,0,3,7.0,Yes,78.7,58.0,Average,Medium
STU107852,21,Female,IT,4,85.9,73.5,75.5,81.5,14,23.1,59.5,24,20.0,39,59.1,7.72,0,0,11.0,No,68.7,78.0,Good,Low
STU107853,20,Female,MECH,3,96.6,95.8,74.3,75.2,12,18.4,,36,24.0,47,66.7,8.68,0,1,12.0,No,89.7,75.7,Good,Low
STU107854,20,Female,CSE,6,70.8,50.2,70.8,50.9,13,9.8,50.7,19,17.0,19,47.8,5.43,2,6,9.0,No,55.1,47.5,Poor,High
STU107855,23,Female,CSE,7,72.2,35.2,63.0,49.3,12,8.6,89.6,19,20.0,31,50.8,5.66,1,3,12.0,Yes,44.5,48.1,Poor,High
STU107856,18,Male,ECE,2,71.5,60.3,66.5,28.8,10,15.9,44.2,32,14.0,16,57.6,6.06,1,5,8.0,No,49.9,47.1,Poor,High
STU107857,20,Female,CSE,3,74.2,60.6,76.5,80.3,12,11.0,79.1,27,17.0,40,73.0,6.66,1,1,12.0,No,78.4,49.0,Poor,High
STU107858,23,Male,AI&DS,6,77.5,60.8,70.6,39.3,12,19.2,65.8,31,14.0,37,54.0,5.48,0,4,11.0,Yes,59.8,47.2,Poor,High
STU107859,20,Female,IT,5,76.2,69.7,73.9,34.3,15,13.9,60.3,26,20.0,37,68.6,7.82,0,1,17.0,Yes,52.9,67.7,Good,Low
STU107860,18,Male,CSE,8,90.9,60.8,96.9,74.0,17,14.1,84.2,38,23.0,56,66.0,7.77,0,1,17.0,Yes,81.9,65.6,Good,Low
STU107861,19,Male,MECH,7,64.8,57.1,66.6,42.2,5,3.7,63.8,20,19.0,12,53.7,4.94,1,2,7.0,Yes,55.4,51.9,Average,Medium
STU107862,20,Male,AI&DS,7,86.0,44.9,81.3,55.0,16,11.0,70.6,33,17.0,28,73.0,5.36,2,4,10.0,No,64.8,53.0,Average,Medium
STU107863,19,Male,CSE,8,65.6,46.5,69.4,68.4,13,9.5,72.1,28,14.0,23,68.8,6.01,2,3,16.0,No,51.5,55.3,Average,Medium
STU107864,22,Female,CSE,4,73.3,61.8,58.0,65.6,10,10.8,61.8,30,18.0,49,59.8,6.44,1,2,13.0,No,58.7,59.7,Average,Medium
STU107865,19,Male,CSE,6,77.5,42.7,61.8,52.2,13,10.3,62.0,22,13.0,21,55.1,5.38,1,3,11.0,Yes,60.4,46.6,Poor,High
STU107866,23,Male,AI&DS,2,74.1,56.3,78.1,55.1,16,18.8,61.7,32,25.0,43,78.8,7.52,3,0,17.0,No,62.9,67.7,Good,Low
STU107867,20,Female,IT,2,60.1,63.8,52.5,49.3,6,14.3,49.3,22,16.0,17,35.5,6.24,2,3,6.0,Yes,61.7,57.0,Average,Medium
STU107868,18,Female,EEE,3,77.1,,67.0,59.4,13,11.9,67.9,36,23.0,44,67.9,6.4,1,3,8.0,No,66.0,61.0,Average,Medium
STU107869,18,Female,CSE,4,82.0,70.1,91.1,63.6,7,18.9,60.7,41,18.0,45,61.8,8.06,2,1,10.0,No,76.1,60.5,Average,Medium
STU107870,22,Other,CSE,3,84.4,71.1,81.9,68.7,16,11.5,87.8,32,25.0,41,60.8,7.14,1,3,14.0,Yes,58.6,80.8,Excellent,Low
STU107871,23,Male,IT,6,88.6,100.0,91.8,72.9,13,18.7,71.7,26,15.0,43,66.8,7.35,0,2,12.0,Yes,79.2,72.6,Good,Low
STU107872,18,Male,CSE,4,61.1,46.9,70.7,52.7,5,13.6,48.0,17,15.0,29,45.1,5.58,2,2,5.0,No,52.5,52.3,Average,Medium
STU107873,20,Male,AI&DS,6,76.1,43.2,55.6,68.1,6,16.9,53.3,18,16.0,35,48.8,5.13,1,1,14.0,Yes,68.0,62.4,Average,Medium
STU107874,23,Male,CIVIL,2,81.6,70.7,79.7,53.8,14,8.9,67.5,29,20.0,44,85.0,6.11,1,3,14.0,Yes,64.2,56.8,Average,Medium
STU107875,24,Male,EEE,4,64.0,52.5,62.5,46.6,11,9.7,58.4,23,14.0,24,70.2,6.75,1,1,8.0,Yes,56.8,64.6,Average,Medium
STU107876,23,Female,AI&DS,6,87.4,73.7,81.5,76.6,11,12.6,61.1,27,8.0,45,61.6,6.75,1,1,17.0,No,81.4,67.7,Good,Low
STU107877,22,Male,MECH,8,81.9,66.3,76.0,53.7,11,14.4,62.3,25,17.0,20,62.0,6.3,1,4,5.0,Yes,58.2,70.8,Good,Low
STU107878,23,Female,AI&DS,4,79.2,70.2,93.1,64.4,14,16.1,78.4,32,18.0,42,70.2,7.7,2,2,10.0,Yes,69.6,54.4,Average,Medium
STU107879,20,Female,EEE,5,68.5,57.7,70.3,54.0,15,12.7,83.4,22,17.0,32,69.8,5.18,3,3,14.0,No,56.5,49.7,Poor,High
STU107880,18,Male,CSE,5,69.7,81.1,67.3,57.2,8,6.9,44.2,14,12.0,28,55.6,6.8,0,0,8.0,No,63.5,48.9,Poor,High
STU107881,21,Female,IT,2,83.4,59.0,83.9,83.7,16,18.9,78.0,32,25.0,49,76.9,5.01,0,0,12.0,No,65.2,67.3,Good,Low
STU107882,21,Male,EEE,3,76.8,80.6,59.9,57.2,12,15.6,69.8,31,15.0,49,63.7,7.05,0,0,12.0,Yes,64.2,80.1,Excellent,Low
STU107883,23,Female,CSE,4,72.4,53.2,75.9,64.8,13,14.9,68.8,18,15.0,51,67.8,7.04,0,1,9.0,No,72.7,63.7,Average,Medium
STU107884,19,Male,EEE,5,85.1,82.1,82.1,76.2,15,18.9,,36,16.0,45,60.6,7.67,0,1,9.0,No,76.2,81.2,Excellent,Low
STU107885,24,Female,AI&DS,3,51.6,55.4,65.9,54.6,9,,42.2,24,13.0,17,57.9,5.47,0,2,10.0,Yes,41.7,36.2,Poor,High
STU107886,21,Female,IT,6,62.2,49.4,75.7,41.3,9,11.2,55.3,22,17.0,19,67.5,4.48,2,5,6.0,Yes,49.2,40.3,Poor,High
STU107887,21,Female,CSE,5,60.5,61.4,56.4,61.7,9,10.0,57.1,11,11.0,17,54.0,6.93,0,4,7.0,No,58.1,59.3,Average,Medium
STU107888,24,Male,AI&DS,2,68.8,48.9,63.0,40.0,9,8.9,54.4,16,11.0,29,54.0,5.91,1,2,2.0,No,55.6,57.7,Average,Medium
STU107889,21,Male,CIVIL,4,72.4,54.7,78.2,43.4,10,11.9,75.7,19,16.0,13,57.3,4.68,3,2,4.0,Yes,64.8,51.0,Average,Medium
STU107890,18,Male,AI&DS,5,80.6,64.2,70.3,63.0,8,14.6,53.1,26,12.0,30,56.0,7.24,0,2,1.0,No,74.3,63.2,Average,Medium
STU107891,19,Female,AI&DS,3,62.2,54.9,64.5,63.6,12,8.5,45.6,26,15.0,37,75.8,6.9,0,3,12.0,Yes,65.4,51.4,Average,Medium
STU107892,22,Female,CIVIL,6,61.2,48.3,75.9,63.4,11,10.2,56.6,28,12.0,39,43.7,7.46,2,3,6.0,Yes,56.9,52.6,Average,Medium
STU107893,19,Female,MECH,7,71.1,54.3,67.9,41.5,10,17.1,57.3,27,8.0,24,40.2,6.81,1,1,6.0,No,68.7,51.1,Average,Medium
STU107894,19,Male,AI&DS,6,70.4,46.6,70.4,66.2,11,9.4,66.4,31,23.0,37,72.5,6.81,0,4,10.0,Yes,62.7,59.0,Average,Medium
STU107895,20,Female,ECE,6,92.6,96.8,76.6,83.4,14,18.9,73.0,33,19.0,48,68.1,8.03,0,5,9.0,Yes,87.3,82.9,Excellent,Low
STU107896,21,Female,EEE,8,64.3,53.0,63.3,55.7,10,13.4,50.1,26,12.0,27,61.2,5.95,4,5,7.0,Yes,57.6,51.0,Average,Medium
STU107897,18,Male,IT,5,59.8,48.7,59.5,44.6,8,15.5,37.5,11,13.0,37,61.6,5.6,2,4,10.0,No,51.9,48.8,Poor,High
STU107898,21,Male,MECH,7,75.2,59.8,59.3,61.6,10,13.5,69.1,22,14.0,34,60.3,7.05,1,4,5.0,No,65.3,68.7,Good,Low
STU107899,23,Female,EEE,4,65.6,76.6,71.6,61.7,13,8.1,46.7,23,16.0,29,58.0,7.11,2,2,7.0,No,65.6,60.3,Average,Medium
STU107900,21,Male,CIVIL,7,72.7,79.3,74.6,83.4,17,19.9,81.3,35,18.0,44,71.9,8.25,0,4,15.0,No,77.0,83.8,Excellent,Low
STU107901,22,Male,AI&DS,6,77.4,54.7,53.0,41.2,10,9.6,54.7,26,14.0,38,52.3,6.41,1,1,7.0,Yes,48.9,60.9,Average,Medium
STU107902,22,Female,ECE,8,67.8,66.5,67.2,76.3,13,15.8,67.7,28,17.0,54,60.4,6.52,1,2,9.0,No,62.6,61.2,Average,Medium
STU107903,21,Female,MECH,2,90.0,73.0,84.7,63.1,10,18.3,66.7,20,17.0,23,53.2,6.96,0,2,11.0,No,71.9,77.3,Good,Low
STU107904,24,Male,ECE,8,63.0,57.5,65.5,49.8,13,10.9,67.1,23,21.0,39,64.1,5.72,1,4,9.0,Yes,65.2,49.0,Poor,High
STU107905,22,Female,ECE,3,71.9,47.1,89.5,61.1,10,11.0,69.2,26,12.0,28,53.9,6.19,3,2,5.0,Yes,53.3,51.0,Average,Medium
STU107906,23,Male,CSE,7,89.4,78.0,78.5,67.6,10,17.9,72.5,26,14.0,38,,8.01,0,2,8.0,No,90.8,69.7,Good,Low
STU107907,22,Male,EEE,4,100.0,64.0,100.0,67.7,13,19.8,75.2,33,21.0,59,92.0,6.31,0,0,14.0,No,68.1,75.2,Good,Low
STU107908,24,Male,EEE,6,71.4,58.4,59.0,41.1,13,10.4,56.2,20,17.0,33,60.3,4.95,1,0,8.0,Yes,62.6,52.0,Average,Medium
STU107909,21,Female,CIVIL,4,80.1,43.0,59.4,48.2,11,11.2,70.5,31,17.0,43,69.4,5.78,2,3,10.0,Yes,60.2,57.3,Average,Medium
STU107910,19,Female,CSE,7,70.0,41.1,58.5,35.6,17,3.1,61.5,24,20.0,28,65.0,4.53,3,5,10.0,Yes,43.3,36.6,Poor,High
STU107911,19,Male,IT,7,76.1,61.5,67.1,83.7,18,15.3,81.6,29,20.0,49,77.1,8.1,0,4,18.0,No,69.4,57.7,Average,Medium
STU107912,24,Female,CSE,4,,53.9,62.8,41.1,15,10.6,65.3,36,18.0,43,86.8,6.75,1,3,11.0,Yes,60.2,37.4,Poor,High
STU107913,23,Male,MECH,2,73.6,68.3,89.0,80.5,8,14.1,72.9,26,17.0,57,71.9,6.54,1,2,14.0,Yes,75.9,76.4,Good,Low
STU107914,20,Male,EEE,8,55.5,57.1,59.5,62.7,9,13.4,59.4,16,13.0,24,47.4,5.13,2,0,7.0,No,69.0,50.3,Average,Medium
STU107915,21,Male,ECE,8,73.4,68.2,52.9,44.2,6,6.9,58.4,17,11.0,29,50.1,6.11,1,2,6.0,No,69.6,46.7,Poor,High
STU107916,18,Female,IT,3,63.9,58.7,56.9,,8,14.2,38.6,16,9.0,14,32.4,8.15,2,4,6.0,Yes,63.1,37.5,Poor,High
STU107917,24,Male,ECE,4,72.6,60.5,88.5,55.9,13,13.5,83.3,33,14.0,19,68.7,6.53,3,3,9.0,No,66.7,66.1,Good,Low
STU107918,21,Female,CSE,3,73.4,56.9,56.2,71.0,15,,62.8,33,18.0,48,51.9,7.59,0,4,11.0,No,68.1,47.1,Poor,High
STU107919,20,Male,ECE,3,68.2,54.4,63.0,68.9,12,11.7,64.3,34,20.0,42,70.1,7.81,0,4,14.0,No,56.1,56.8,Average,Medium
STU107920,19,Female,ECE,3,81.3,90.3,82.8,86.5,16,20.0,73.9,34,20.0,56,50.4,8.69,0,1,12.0,No,75.1,85.4,Excellent,Low
STU107921,18,Other,MECH,7,81.3,65.0,72.2,71.6,14,21.7,73.9,25,17.0,42,85.0,5.38,1,0,11.0,No,73.1,62.1,Average,Medium
STU107922,23,Male,AI&DS,7,75.2,71.6,64.6,50.5,10,6.7,54.1,27,12.0,48,55.9,7.34,0,4,8.0,Yes,73.9,50.9,Average,Medium
STU107923,19,Female,CSE,6,57.2,49.6,67.1,46.6,9,3.5,38.4,18,7.0,20,70.8,5.91,1,3,4.0,No,51.4,41.1,Poor,High
STU107924,18,Female,AI&DS,5,61.3,44.5,61.5,38.5,8,9.4,38.3,16,6.0,1,39.1,5.46,2,2,2.0,Yes,34.7,45.7,Poor,High
STU107925,24,Female,EEE,8,88.2,67.2,76.3,52.6,13,14.0,72.0,26,23.0,44,60.5,6.78,0,3,9.0,No,79.6,67.6,Good,Low
STU107926,21,Male,EEE,7,61.0,59.0,56.5,25.6,8,10.7,31.7,14,10.0,22,33.2,5.62,2,5,5.0,Yes,51.2,45.3,Poor,High
STU107927,18,Male,CIVIL,2,71.4,51.3,54.4,57.9,10,13.4,54.5,20,12.0,31,51.3,5.01,2,3,2.0,No,56.1,52.9,Average,Medium
STU107928,20,Male,AI&DS,5,66.0,37.8,49.2,47.2,9,4.5,46.5,23,11.0,12,75.7,5.86,1,3,8.0,Yes,61.1,48.7,Poor,High
STU107929,21,Female,EEE,3,67.5,41.8,63.8,34.2,7,9.5,36.4,16,10.0,24,48.7,4.67,1,6,6.0,Yes,36.1,37.1,Poor,High
STU107930,19,Male,IT,4,86.2,75.5,80.3,74.2,10,17.6,50.2,19,18.0,24,76.2,7.45,0,2,6.0,No,71.4,78.5,Good,Low
STU107931,24,Male,AI&DS,4,91.1,72.8,88.0,44.8,16,16.8,84.3,45,25.0,54,84.7,6.3,2,0,17.0,Yes,63.0,85.6,Excellent,Low
STU107932,24,Female,ECE,8,54.9,47.5,48.7,39.7,9,4.6,31.2,12,13.0,21,62.2,5.43,3,4,8.0,Yes,42.4,36.4,Poor,High
STU107933,24,Female,IT,7,65.6,84.3,63.6,60.2,8,9.3,58.5,13,17.0,40,65.5,6.87,1,1,10.0,Yes,71.1,65.4,Good,Low
STU107934,21,Male,CSE,5,72.6,64.0,63.5,38.7,11,9.3,51.0,17,12.0,26,44.8,6.52,1,3,4.0,No,57.0,49.9,Poor,High
STU107935,24,Female,EEE,7,87.5,78.7,77.9,75.1,14,19.3,77.7,25,17.0,39,79.6,6.55,1,0,17.0,No,75.3,80.2,Excellent,Low
STU107936,20,Male,AI&DS,6,74.2,58.9,72.6,39.9,11,,39.6,37,14.0,22,69.8,5.38,1,0,8.0,Yes,63.4,54.6,Average,Medium
STU107937,21,Female,CSE,5,80.0,63.2,66.6,61.9,14,,55.9,28,21.0,20,50.3,6.68,2,0,11.0,No,52.4,46.3,Poor,High
STU107938,23,Male,CIVIL,8,72.7,57.4,84.5,70.9,12,11.2,58.3,29,14.0,35,55.3,7.37,1,3,8.0,Yes,79.9,68.0,Good,Low
STU107939,21,Male,CSE,6,66.4,70.7,76.2,69.2,10,13.4,77.5,33,27.0,52,61.1,7.68,0,0,12.0,Yes,71.2,70.6,Good,Low
STU107940,23,Male,IT,3,78.7,82.0,76.3,76.4,12,20.0,73.9,15,15.0,42,74.3,7.59,2,2,13.0,No,61.9,73.3,Good,Low
STU107941,18,Other,ECE,4,67.3,57.8,62.7,80.5,11,21.2,64.4,32,18.0,44,72.2,6.48,2,6,11.0,No,71.8,57.6,Average,Medium
STU107942,21,Male,CSE,4,80.9,67.4,86.0,72.7,14,16.2,67.3,25,21.0,48,73.3,6.6,0,4,12.0,No,71.3,74.0,Good,Low
STU107943,23,Male,AI&DS,7,86.5,76.7,75.0,67.4,17,18.7,87.6,35,23.0,65,76.5,7.12,0,2,13.0,Yes,69.6,67.6,Good,Low
STU107944,19,Male,CIVIL,3,88.8,77.4,78.5,75.4,13,11.3,68.0,23,13.0,39,76.2,7.96,2,3,5.0,No,75.0,74.5,Good,Low
STU107945,20,Female,AI&DS,5,71.1,54.1,57.7,39.9,9,16.2,44.1,23,17.0,49,60.9,7.71,1,4,8.0,Yes,55.5,50.2,Average,Medium
STU107946,24,Male,AI&DS,5,78.3,53.6,52.8,65.4,11,9.1,59.4,21,13.0,27,80.5,5.1,1,4,5.0,No,63.3,44.0,Poor,High
STU107947,22,Male,AI&DS,8,56.3,65.5,71.1,60.7,5,9.1,44.7,14,7.0,31,42.4,8.31,0,2,3.0,Yes,63.9,47.2,Poor,High
STU107948,20,Female,EEE,7,75.8,61.1,73.1,62.0,14,16.7,68.9,24,18.0,43,62.5,8.38,1,5,11.0,No,61.1,60.5,Average,Medium
STU107949,20,Male,AI&DS,3,67.4,,69.2,43.7,17,12.7,59.9,25,13.0,8,75.6,5.37,0,4,12.0,Yes,49.2,53.7,Average,Medium
STU107950,19,Female,IT,2,97.2,72.7,100.0,83.3,13,22.2,81.7,23,28.0,64,90.8,7.71,1,1,12.0,No,86.6,89.9,Excellent,Low
STU107951,23,Female,CSE,2,53.0,37.7,55.7,45.4,10,11.0,44.4,22,12.0,29,51.9,4.68,2,2,8.0,No,47.6,42.8,Poor,High
STU107952,18,Female,CSE,2,85.1,81.3,100.0,79.2,20,14.7,90.5,44,24.0,49,91.6,9.26,2,0,16.0,No,87.8,85.7,Excellent,Low
STU107953,19,Female,ECE,4,74.7,58.3,52.5,52.7,10,13.1,52.1,24,11.0,29,58.3,5.94,2,5,10.0,No,60.4,57.1,Average,Medium
STU107954,18,Male,CSE,7,84.2,56.3,66.0,53.1,10,10.8,59.2,15,14.0,41,56.5,6.7,1,5,8.0,No,63.7,47.8,Poor,High
STU107955,23,Female,CIVIL,6,85.7,60.2,72.3,47.6,10,17.3,70.9,21,19.0,27,89.6,6.46,2,3,6.0,Yes,72.8,48.1,Poor,High
STU107956,24,Female,IT,6,52.1,58.8,41.1,24.7,9,7.5,40.5,14,9.0,11,41.4,5.06,1,4,2.0,No,43.1,28.9,Poor,High
STU107957,18,Male,EEE,5,72.2,58.8,69.1,61.3,16,11.5,66.2,23,20.0,36,85.2,5.77,0,4,11.0,Yes,74.0,64.1,Average,Medium
STU107958,24,Female,CIVIL,4,79.3,66.1,80.7,78.0,13,8.6,83.1,32,21.0,31,67.7,6.4,2,1,10.0,No,66.6,67.1,Good,Low
STU107959,24,Female,CIVIL,7,82.9,69.8,78.1,71.6,17,19.3,72.5,35,17.0,32,63.6,6.78,2,2,11.0,No,,50.7,Average,Medium
STU107960,21,Female,CSE,4,70.1,55.2,65.1,49.0,8,11.3,60.2,19,9.0,31,44.4,5.65,2,3,10.0,Yes,68.8,51.3,Average,Medium
STU107961,18,Male,CSE,6,64.0,32.9,62.7,39.3,11,7.9,60.2,25,9.0,1,49.5,5.05,1,2,1.0,No,,46.8,Poor,High
STU107962,22,Female,EEE,3,65.4,60.5,58.4,15.0,4,9.5,32.7,7,6.0,16,14.4,5.58,1,5,4.0,No,40.4,34.0,Poor,High
STU107963,21,Male,IT,4,98.2,70.4,77.3,97.3,16,16.5,80.0,33,21.0,42,94.5,8.19,1,1,16.0,No,80.2,83.6,Excellent,Low
STU107964,23,Male,CIVIL,2,79.1,38.3,62.1,43.2,9,5.0,54.5,21,,46,53.9,5.43,1,2,8.0,Yes,58.4,48.1,Poor,High
STU107965,20,Male,EEE,6,67.8,83.3,72.5,,10,,67.2,31,18.0,44,66.1,7.58,0,0,11.0,No,80.6,63.9,Average,Medium
STU107966,21,Female,CSE,5,67.1,39.5,64.7,48.9,11,8.3,79.9,21,13.0,36,48.7,,1,5,10.0,Yes,56.4,31.3,Poor,High
STU107967,24,Female,CIVIL,4,72.2,67.2,49.2,62.2,8,12.1,69.6,30,,19,45.1,6.44,1,4,9.0,No,65.4,46.2,Poor,High
STU107968,22,Female,MECH,6,73.5,74.3,70.9,91.3,16,11.1,86.3,28,18.0,58,66.6,7.48,2,6,13.0,No,72.2,62.9,Average,Medium
STU107969,22,Male,IT,2,64.5,49.0,58.1,29.1,10,6.5,41.9,29,13.0,8,61.7,4.95,3,3,5.0,Yes,36.8,37.8,Poor,High
STU107970,24,Female,MECH,8,73.4,78.2,79.2,79.3,15,11.7,70.6,24,23.0,45,83.8,7.51,2,3,9.0,No,73.0,62.8,Average,Medium
STU107971,21,Male,CSE,2,67.3,64.4,94.8,60.2,10,13.9,61.7,24,18.0,14,55.5,7.62,1,2,4.0,No,66.0,61.6,Average,Medium
STU107972,19,Female,EEE,5,88.9,61.3,72.5,59.6,13,17.8,45.0,22,14.0,33,49.6,7.46,2,3,12.0,No,67.2,63.2,Average,Medium
STU107973,24,Male,ECE,3,68.2,58.0,78.7,50.7,14,16.5,58.8,15,17.0,38,66.9,6.36,1,4,9.0,No,63.8,51.6,Average,Medium
STU107974,18,Male,ECE,3,61.4,67.0,62.7,74.5,11,14.3,74.6,27,18.0,36,75.8,7.25,1,1,9.0,No,68.0,69.3,Good,Low
STU107975,21,Male,EEE,3,72.6,74.8,79.7,75.7,14,21.8,82.3,33,20.0,39,91.9,7.9,1,2,8.0,No,83.2,70.2,Good,Low
STU107976,23,Male,IT,4,74.0,66.5,68.4,58.9,11,10.9,66.8,31,18.0,42,87.3,7.14,1,3,10.0,No,56.9,64.0,Average,Medium
STU107977,23,Female,MECH,6,73.2,76.6,65.5,73.7,14,19.3,74.0,25,19.0,45,71.2,7.74,1,1,13.0,No,73.2,73.2,Good,Low
STU107978,22,Other,CSE,7,82.1,64.0,69.0,53.8,12,11.1,88.8,29,16.0,34,61.4,5.7,1,0,7.0,No,62.4,67.8,Good,Low
STU107979,20,Female,CSE,8,64.2,64.8,69.4,72.3,12,11.6,59.8,28,14.0,42,64.8,7.09,1,2,10.0,Yes,66.9,67.2,Good,Low
STU107980,19,Male,AI&DS,6,82.9,75.7,73.9,69.5,13,18.1,87.8,27,19.0,28,61.3,7.25,0,1,11.0,No,85.1,64.0,Average,Medium
STU107981,18,Male,MECH,5,71.5,61.0,59.6,42.2,13,12.0,64.1,21,12.0,37,72.2,6.62,2,1,6.0,Yes,50.2,45.5,Poor,High
STU107982,20,Female,EEE,7,86.1,49.8,82.4,59.5,11,15.7,64.4,27,15.0,46,80.3,5.63,2,3,10.0,Yes,66.5,61.4,Average,Medium
STU107983,24,Male,ECE,7,90.6,67.9,87.5,70.3,14,9.0,82.4,36,19.0,35,67.7,6.56,2,5,10.0,No,86.2,61.7,Average,Medium
STU107984,22,Female,ECE,4,70.5,50.3,60.4,66.4,10,14.4,53.7,21,14.0,34,68.2,5.17,3,4,9.0,No,62.5,51.2,Average,Medium
STU107985,20,Female,CIVIL,4,81.8,63.4,81.3,79.5,10,16.2,69.2,27,19.0,42,80.7,7.52,2,4,14.0,No,82.9,69.9,Good,Low
STU107986,21,Male,CSE,2,76.3,67.9,58.5,74.7,11,12.4,60.3,19,14.0,44,50.5,6.06,0,0,12.0,Yes,63.8,67.5,Good,Low
STU107987,20,Female,EEE,2,78.7,64.3,61.6,58.0,11,15.0,69.8,22,6.0,52,66.7,7.51,0,2,8.0,No,72.8,48.9,Poor,High
STU107988,24,Male,CIVIL,8,66.1,58.0,48.9,64.7,10,15.1,45.2,22,12.0,39,50.7,6.87,2,6,8.0,No,47.7,41.7,Poor,High
STU107989,21,Female,AI&DS,8,74.2,67.2,60.3,57.8,8,10.2,47.3,10,11.0,14,44.8,7.5,2,2,5.0,No,68.5,55.6,Average,Medium
STU107990,23,Male,CSE,4,70.6,57.9,61.6,53.2,15,8.3,68.5,27,22.0,50,55.7,6.24,0,3,7.0,Yes,53.9,48.7,Poor,High
STU107991,18,Male,MECH,8,59.7,53.3,41.2,54.5,9,10.2,24.2,18,7.0,49,45.0,6.4,1,6,4.0,Yes,47.2,47.7,Poor,High
STU107992,21,Male,CSE,2,,68.1,71.0,53.8,12,5.2,81.3,26,18.0,28,76.9,6.32,0,3,11.0,No,52.6,65.8,Good,Low
STU107993,22,Female,ECE,8,90.8,94.7,73.3,90.9,14,20.4,71.7,26,18.0,60,94.1,8.7,1,0,13.0,No,91.4,87.7,Excellent,Low
STU107994,22,Male,IT,6,64.3,48.9,63.4,54.7,13,11.8,57.6,21,13.0,38,53.0,5.31,2,1,8.0,No,51.5,53.7,Average,Medium
STU107995,18,Female,CSE,5,57.9,51.2,57.4,47.1,9,12.4,48.2,16,7.0,21,52.7,6.96,1,3,8.0,Yes,60.5,42.8,Poor,High
STU107996,22,Male,IT,7,57.1,51.4,75.0,51.6,11,12.9,54.8,22,11.0,33,70.5,5.51,1,4,9.0,No,58.4,51.2,Average,Medium
STU107997,23,Male,CSE,3,89.1,96.8,70.6,77.8,19,21.9,88.8,42,24.0,54,81.9,8.78,0,5,15.0,No,90.7,94.6,Excellent,Low
STU107998,18,Female,ECE,5,64.9,46.3,64.9,44.4,13,8.0,48.1,19,14.0,17,66.3,6.15,2,2,6.0,No,58.5,48.0,Poor,High
STU107999,20,Male,CSE,3,53.1,65.0,70.4,62.2,12,7.6,52.8,23,11.0,45,45.0,6.75,1,1,11.0,Yes,61.5,47.8,Poor,High
STU108000,20,Male,MECH,6,67.8,69.2,63.2,60.4,8,14.2,53.0,18,14.0,11,70.7,8.01,2,5,5.0,No,78.5,52.8,Average,Medium
STU102216,18,Male,CIVIL,4,72.7,76.4,71.0,38.3,10,13.6,52.2,21,18.0,38,59.0,7.44,0,2,8.0,No,53.4,52.7,Average,Medium
STU102583,24,Male,MECH,6,68.3,55.7,75.2,59.1,9,13.1,55.4,26,13.0,24,55.6,6.69,1,3,10.0,No,66.6,70.0,Good,Low
STU101663,21,Female,ECE,6,84.4,77.1,69.4,52.4,14,16.8,49.3,24,18.0,33,59.4,6.78,1,2,10.0,Yes,63.4,58.3,Average,Medium
STU103028,20,Male,AI&DS,3,56.2,43.7,58.3,35.2,10,12.3,51.4,24,16.0,2,38.0,5.45,1,3,1.0,Yes,52.5,42.7,Poor,High
STU104344,22,Male,ECE,2,63.4,54.8,69.0,54.1,9,10.2,45.2,17,17.0,26,61.7,5.63,1,6,12.0,Yes,63.0,39.9,Poor,High
STU102681,20,Other,ECE,4,73.3,61.9,91.8,92.9,13,19.7,57.7,35,22.0,30,62.5,7.83,0,0,10.0,No,72.6,76.2,Good,Low
STU101766,20,Male,AI&DS,6,68.8,68.7,60.1,61.3,9,6.0,45.1,10,,36,48.6,,0,4,7.0,Yes,66.5,53.9,Average,Medium
STU101124,18,Female,CSE,5,73.3,65.4,81.4,62.1,7,10.8,49.5,34,14.0,29,55.7,6.54,2,3,10.0,No,62.0,41.9,Poor,High
STU104055,22,Female,CSE,3,64.5,77.9,71.1,53.7,8,12.6,37.3,17,10.0,21,45.4,8.5,0,4,4.0,No,70.1,65.5,Good,Low
STU103762,19,Male,ECE,8,83.4,79.5,66.0,70.4,12,15.7,64.3,30,18.0,40,84.9,6.68,1,3,9.0,No,73.0,65.0,Average,Medium
STU101536,24,Female,EEE,3,60.9,56.4,67.2,47.7,18,7.2,73.9,27,18.0,21,55.1,5.19,2,1,12.0,Yes,61.8,64.3,Average,Medium
STU102945,23,Male,ECE,7,72.9,65.9,49.1,49.3,12,14.6,63.1,11,11.0,31,48.3,6.81,0,2,6.0,No,58.5,53.2,Average,Medium
STU102988,24,Female,MECH,7,81.1,80.6,84.2,83.8,12,16.1,70.0,26,21.0,37,77.7,7.68,2,3,10.0,No,72.7,60.9,Average,Medium
STU104292,19,Female,CSE,8,67.1,62.7,63.3,42.3,14,9.6,56.3,24,17.0,45,67.7,4.42,1,1,14.0,Yes,41.8,52.9,Average,Medium
STU104343,23,Female,ECE,6,80.7,53.4,70.4,64.3,13,10.5,81.9,29,13.0,44,72.8,5.71,1,2,12.0,No,62.9,67.2,Good,Low
STU104425,19,Male,EEE,7,68.6,61.0,60.8,55.7,10,12.2,44.2,23,,25,68.9,6.27,2,3,4.0,No,77.6,47.0,Poor,High
STU107942,21,Male,CSE,4,80.9,67.4,86.0,72.7,14,16.2,67.3,25,21.0,48,73.3,6.6,0,4,12.0,No,71.3,74.0,Good,Low
STU104998,24,Female,CIVIL,8,73.3,66.2,81.7,70.0,11,16.6,57.6,31,19.0,37,60.3,6.52,1,4,13.0,No,68.1,57.6,Average,Medium
STU102749,19,Female,CSE,5,75.4,59.2,58.2,57.4,8,12.3,51.4,19,14.0,23,56.9,5.94,1,0,12.0,No,66.3,53.6,Average,Medium
STU102303,19,Male,CSE,5,46.9,27.0,35.8,55.2,1,1.0,30.4,3,3.0,15,34.5,4.0,3,3,2.0,No,40.2,27.6,Poor,High
